file,loudness_mean,loudness_std,brightness_mean,brightness_std,flux_mean,flux_std,zcr_mean,zcr_std,sharpness_mean,sharpness_std,hnr_mean,hnr_std
corpus/ace__edm_L1_verb__s0.wav,0.082165234,0.08718633,1393.1435887762352,697.3347907343293,0.8749727,1.6736665,0.04042908281733746,0.031559155063084474,0.0029527722,0.00978662,33.67992,8.860495
corpus/ace__edm_L1_verb__s1.wav,0.07248183,0.07830361,1971.4663470892983,1513.9958182100818,1.4814262,2.7607143,0.07690920992163312,0.08845304156162903,0.022638997,0.056079302,30.946894,13.112327
corpus/ace__edm_L1_verb__s2.wav,0.07774739,0.072348386,1057.0841316847584,884.5729443327697,0.6559931,1.0128036,0.037356161111648606,0.04608544976309105,0.0016632051,0.011140231,42.168278,9.886135
corpus/ace__edm_L1_verb__s3.wav,0.12907627,0.075573266,1947.8763955447178,1567.6689639662663,2.8764687,4.462229,0.060305757788312694,0.09354518700489968,0.013547572,0.030922646,31.723862,14.232712
corpus/ace__edm_L1_verb__s4.wav,0.09042122,0.08170106,1931.2207287434358,1571.5978117158088,1.8144337,3.9286208,0.05784545520510836,0.07775680137383996,0.013933184,0.035976287,33.71954,13.471916
corpus/ace__edm_L1_verb__s5.wav,0.14018248,0.098193094,1835.620840956418,1292.3858723512697,1.764947,2.9894416,0.0642120077883127,0.08196431274271189,0.014421596,0.033093285,30.639591,12.213575
corpus/ace__edm_L3_verb__s0.wav,0.0540672,0.046884086,1574.1331457214144,1045.6000125953792,1.2390194,2.632897,0.04515316611842105,0.04888196518225179,0.006266625,0.021554263,33.522724,10.214585
corpus/ace__edm_L3_verb__s1.wav,0.0670626,0.052676864,1562.8793687589105,1161.5142285566678,0.9631089,1.7684339,0.07612047697368421,0.09942381401855545,0.009308098,0.034118656,34.54197,11.164356
corpus/ace__edm_L3_verb__s2.wav,0.08652385,0.06490454,1040.5534982251086,640.4318862048075,1.1941432,2.2063797,0.04626691599748452,0.031131677522555037,0.0015740086,0.0077637807,39.523304,9.194211
corpus/ace__edm_L3_verb__s3.wav,0.11808149,0.08998052,1925.9580046630438,1259.093008887665,1.5143833,2.788993,0.059729797552244585,0.06897102075063567,0.013483588,0.034787226,30.22537,12.112792
corpus/ace__edm_L3_verb__s4.wav,0.09949031,0.09646142,1266.029040583796,971.5613417293512,1.2711457,2.7113972,0.045546587775735295,0.0572766494844858,0.0055683753,0.018858157,36.586777,11.15003
corpus/ace__edm_L3_verb__s5.wav,0.10525854,0.07098684,1607.6914499680115,1292.276319593651,1.804555,3.9525476,0.06232313032120743,0.0708056921412652,0.016050342,0.046943415,34.679585,13.885348
corpus/ace__edm_L5_verb__s0.wav,0.092583716,0.081048675,1616.8940388761057,989.848284785533,1.1335349,2.1779044,0.0424264252370356,0.058351788615365496,0.005771332,0.021231545,33.52906,10.197996
corpus/ace__edm_L5_verb__s1.wav,0.13216594,0.089842826,1825.0445221104246,831.8430144322729,1.4497328,2.5003924,0.04413125241873065,0.0317974055529668,0.0077698017,0.01623381,28.75624,10.492566
corpus/ace__edm_L5_verb__s2.wav,0.13161962,0.09940111,1787.6250289265809,1011.893180830929,1.9439701,2.9661887,0.044483102142995355,0.05197571292480164,0.00956153,0.02652304,30.277147,10.478299
corpus/ace__edm_L5_verb__s3.wav,0.079743445,0.07438956,1347.241946070315,951.5955438823353,1.2337736,2.5122752,0.040827039594620744,0.03162268763003111,0.0059656943,0.01978557,36.56222,11.688977
corpus/ace__edm_L5_verb__s4.wav,0.12435123,0.09312197,1721.136918434652,1185.558283910819,1.6006615,2.5739064,0.04176089638157895,0.047522980393884466,0.007740074,0.020653011,31.654453,10.681768
corpus/ace__edm_L5_verb__s5.wav,0.11126257,0.07228995,1621.445786554657,983.8712799004422,1.0427983,1.7891757,0.057283478255611454,0.05814198519858219,0.0046269475,0.011036321,32.250015,10.482649
corpus/ace__edm_L7_verb__s0.wav,0.09545689,0.057940427,1773.4250771068866,1253.740784485537,1.7774428,3.1990392,0.05405258320433436,0.07927691912450863,0.022054946,0.059889536,30.293398,13.228764
corpus/ace__edm_L7_verb__s1.wav,0.120969236,0.08357998,1643.0315214244579,729.8809096434801,1.3354381,2.1025696,0.04355982730263158,0.031180214501099354,0.006540874,0.013934711,29.34023,8.821889
corpus/ace__edm_L7_verb__s2.wav,0.09125267,0.068839446,2245.8811340612056,1213.8158605282586,1.5132434,2.241705,0.08327425079818111,0.08452362198690519,0.013159131,0.03089402,26.439299,9.217803
corpus/ace__edm_L7_verb__s3.wav,0.11255067,0.099224605,1809.3570308095934,995.0117240716609,1.3551209,2.2663403,0.05452385775445046,0.04509151055684316,0.008634751,0.020578556,31.1521,11.252912
corpus/ace__edm_L7_verb__s4.wav,0.143034,0.07479311,1988.8261869430157,1119.3294800007448,1.6684225,2.893561,0.050894627999226005,0.05196989460172535,0.014021782,0.03034628,28.211796,12.2270775
corpus/ace__edm_L7_verb__s5.wav,0.09503681,0.073839076,1690.0577442160845,1045.0209897315729,1.2178108,1.7882342,0.057613408233359135,0.05153864287522395,0.008635889,0.01826148,30.90613,11.362897
corpus/ace__edm_L9_verb__s0.wav,0.08636012,0.07349278,1177.6204802410987,586.4103032376954,0.75687,1.2946613,0.036158889439821984,0.030608822316352615,0.0010963125,0.0031944436,36.44246,7.360155
corpus/ace__edm_L9_verb__s1.wav,0.08097202,0.08760356,1872.1619751017552,1413.3801976704403,1.069708,2.008371,0.08196360112712849,0.09048363464315594,0.01696086,0.048813958,31.380337,11.041107
corpus/ace__edm_L9_verb__s2.wav,0.13957877,0.086530216,1626.405888648915,596.3060218128069,1.3498911,2.23407,0.03825827205882353,0.027605383614733425,0.004927678,0.008492689,28.325945,7.533267
corpus/ace__edm_L9_verb__s3.wav,0.10008189,0.08847959,1183.1194766629123,994.7129687508319,1.2136446,2.235111,0.05965081087945046,0.06922288769539507,0.005577796,0.023111459,39.271156,11.483299
corpus/ace__edm_L9_verb__s4.wav,0.12554537,0.0815059,1734.5642302020208,1260.1077999772135,1.6472762,2.522932,0.06637903928018576,0.09485841582988318,0.015309679,0.039508957,29.696686,11.465612
corpus/ace__edm_L9_verb__s5.wav,0.09378053,0.06417967,1615.5471940456473,1148.1264849228448,1.100275,1.7818565,0.0766204739502709,0.10295536967181003,0.014380301,0.053339995,32.273983,10.258303
corpus/ace__folk_L1_verb__s0.wav,0.08280804,0.061453324,897.9810316511426,406.0979970359869,1.0614485,1.9755633,0.03288491074883901,0.020183256472236937,0.00026081645,0.0005960541,41.134903,7.348123
corpus/ace__folk_L1_verb__s1.wav,0.10170053,0.08940013,983.9707173798853,656.3020471893672,0.9807604,1.9914984,0.03429193171923375,0.0230267586277064,0.001056154,0.008097513,40.996635,8.27467
corpus/ace__folk_L1_verb__s2.wav,0.08271071,0.08381827,871.0263192514246,522.6547611234522,0.71646655,1.4504075,0.024377025686919504,0.022487690960993387,0.0003628528,0.0019437113,42.586025,8.345036
corpus/ace__folk_L1_verb__s3.wav,0.097728126,0.07179383,1109.8828460279544,616.9990724405232,0.9477368,1.8359413,0.028347523219814243,0.023128124963137098,0.00069741014,0.0014486454,37.072514,7.471674
corpus/ace__folk_L1_verb__s4.wav,0.066128284,0.06172927,1203.700180264007,624.1666562493217,0.9384996,2.3267963,0.04281757933436533,0.032665094919939505,0.00097435305,0.004237776,38.235416,8.917751
corpus/ace__folk_L1_verb__s5.wav,0.09093831,0.06492443,1577.3807375971342,1095.813308572603,1.7207416,3.465803,0.0506535107875387,0.0635336699849659,0.0035125376,0.011133142,35.448082,11.222282
corpus/ace__folk_L3_verb__s0.wav,0.08206677,0.066709556,1186.6883908536129,785.5280896590973,1.0180391,2.2617466,0.03405912889415635,0.02944243164636609,0.0023208398,0.009092909,38.41675,10.492536
corpus/ace__folk_L3_verb__s1.wav,0.11707748,0.08192927,970.5120790234897,766.8674854014988,1.2108151,2.3405514,0.026191073674535603,0.01793172969959802,0.0030808463,0.016303515,40.84888,9.561997
corpus/ace__folk_L3_verb__s2.wav,0.06895104,0.047153328,1566.4896374964026,1143.8965693661485,1.231954,2.143145,0.053173903710332815,0.07325141603886925,0.009198048,0.026636345,33.47802,11.9165535
corpus/ace__folk_L3_verb__s3.wav,0.057433307,0.05092869,1087.3209699029385,613.2519327140676,0.8504818,1.7300771,0.03269330193014706,0.02569391843210484,0.000832197,0.004567462,39.16604,8.367032
corpus/ace__folk_L3_verb__s4.wav,0.089211576,0.07575158,1085.7712673204267,628.8751298106102,1.1173841,2.429952,0.035582551277089786,0.021677338365557637,0.0011338586,0.0048465193,39.486744,9.855785
corpus/ace__folk_L3_verb__s5.wav,0.12112949,0.07453384,887.8361666435394,390.1244297490112,0.97446555,1.587495,0.032706151436726005,0.018956024425838217,0.00023971857,0.000762398,41.67103,6.836469
corpus/ace__folk_L5_verb__s0.wav,0.069138944,0.06812848,1151.205699072652,837.680417048437,0.7918834,1.6117696,0.03413055703366873,0.037959657919279986,0.0016036447,0.0057883775,38.282585,9.184302
corpus/ace__folk_L5_verb__s1.wav,0.111886285,0.06692596,760.9953787201059,421.2279729419029,0.9452764,1.7732761,0.023648005151896283,0.01517508983027653,0.00029584768,0.0019873567,43.685307,8.027881
corpus/ace__folk_L5_verb__s2.wav,0.08053665,0.05440041,1081.7283930272222,652.0834555387795,1.0710204,2.187077,0.03616795967976006,0.02881793248800711,0.000687181,0.0018684636,39.77932,8.788543
corpus/ace__folk_L5_verb__s3.wav,0.101954125,0.084833935,2182.1359437125793,1061.5083632223568,1.794605,3.8727586,0.05678990603231424,0.04994481276657373,0.01298246,0.023023693,24.947319,8.500548
corpus/ace__folk_L5_verb__s4.wav,0.10641572,0.0712407,1013.611187354748,437.2474208494384,0.9410972,1.7383021,0.03419178115325077,0.019705599291481413,0.00047378376,0.0011740689,39.08231,7.4809227
corpus/ace__folk_L5_verb__s5.wav,0.09091823,0.06292942,1261.9389795307964,603.1603851602706,1.0437325,2.1022122,0.04077488571497678,0.025052303104941127,0.0012355009,0.0021487016,35.606087,8.716819
corpus/ace__folk_L7_verb__s0.wav,0.11737365,0.066435665,1781.6275811654627,870.3851856664181,2.2650616,3.5122836,0.05408924209075077,0.044257149235048664,0.012916522,0.03602058,27.887444,9.46677
corpus/ace__folk_L7_verb__s1.wav,0.060436,0.05269414,1990.5059149572842,956.1817504278122,2.098519,3.834903,0.06134996916118421,0.050480192851263546,0.01474076,0.036388718,26.753815,10.200338
corpus/ace__folk_L7_verb__s2.wav,0.10420045,0.06295772,1874.9172126814,949.5870791306703,2.1705437,3.7378106,0.05202425079818111,0.04207918817005557,0.010690026,0.019352512,27.04631,9.216236
corpus/ace__folk_L7_verb__s3.wav,0.1364443,0.07479243,997.9518212979985,450.5216500370236,1.3483515,2.5090935,0.026489635739164085,0.014578358153633982,0.000789674,0.0030503143,37.41729,7.441586
corpus/ace__folk_L7_verb__s4.wav,0.11556272,0.098082244,1453.7668941391846,709.2467884109561,1.1314211,2.0058982,0.04153111696981424,0.03885057432806409,0.00324975,0.008243606,32.928226,8.862622
corpus/ace__folk_L7_verb__s5.wav,0.07433105,0.058969818,1788.9319850959423,804.5890220082297,1.0652441,1.8884296,0.04557228678889319,0.039634877465652175,0.005986716,0.015617463,29.047195,8.169812
corpus/ace__folk_L9_verb__s0.wav,0.08794005,0.06824845,1131.1089124674038,483.99313574664035,0.90923864,1.8476238,0.03091931416892415,0.017494943951043833,0.0010621621,0.0034713952,35.690403,7.3595004
corpus/ace__folk_L9_verb__s1.wav,0.10178653,0.06372844,1365.4041636234645,452.33217252932184,0.9983651,1.7198143,0.038589335816563465,0.021430817714281177,0.0011950432,0.0021998892,33.060043,6.1774354
corpus/ace__folk_L9_verb__s2.wav,0.07242116,0.056409787,1252.9063138873735,643.6759479870284,1.0967469,2.3926337,0.03522578850619195,0.0231420589500113,0.0023427168,0.012133611,36.364555,9.379424
corpus/ace__folk_L9_verb__s3.wav,0.08984446,0.07266484,1325.0128647709057,623.2222464346672,1.2180945,2.3903852,0.035018684694272446,0.022785577855285476,0.0018461269,0.0060187313,34.429688,7.695608
corpus/ace__folk_L9_verb__s4.wav,0.0921465,0.065183036,861.2083725925081,425.8249136899946,0.8533981,1.5920521,0.030017203221749226,0.021916972555269216,0.00026658337,0.00067381485,42.26883,8.032128
corpus/ace__folk_L9_verb__s5.wav,0.060976353,0.04636055,1541.3285380125612,744.4606138656097,1.0682968,2.155406,0.046320203657120744,0.037133410375486946,0.0036131523,0.009623321,32.33661,9.885346
corpus/ace__hiphop_L1_verb__s0.wav,0.1251826,0.11110635,1571.9176566382098,1296.8863707310918,2.025151,4.0193725,0.05329710780282508,0.06266933414031484,0.013510691,0.029196568,33.755848,14.776983
corpus/ace__hiphop_L1_verb__s1.wav,0.10343334,0.08292822,1237.28676249411,1018.1504247741262,1.2303989,2.4976254,0.043222338791602165,0.04900076003577547,0.0076223193,0.030145636,37.83905,11.892412
corpus/ace__hiphop_L1_verb__s2.wav,0.09563886,0.0828004,1368.2251320579421,1343.5712027070244,1.5968363,3.5848503,0.0493390818498452,0.08128212978445436,0.0132489335,0.040377665,36.91942,14.219529
corpus/ace__hiphop_L1_verb__s3.wav,0.11517268,0.09071313,1206.5067027041466,983.9811799832772,1.0734643,1.9588599,0.0464634378628096,0.048629489182601494,0.0031609344,0.012843531,39.9687,11.545634
corpus/ace__hiphop_L1_verb__s4.wav,0.09536756,0.09162825,2195.535887564546,1475.2605721075288,2.2220278,4.411639,0.0938747157991486,0.10383877353733127,0.023711069,0.04902681,28.29422,13.021158
corpus/ace__hiphop_L1_verb__s5.wav,0.088090144,0.06265893,1259.9249732763974,986.5657229204098,1.3309284,2.8957791,0.045121042351973686,0.04126159269107186,0.0060433713,0.025436355,38.30876,11.484619
corpus/ace__hiphop_L3_verb__s0.wav,0.11112671,0.07890446,1019.8217753100686,560.7773366400041,1.1731488,2.531895,0.03015930364744582,0.02040233098383124,0.0019822603,0.008937577,38.20491,9.403726
corpus/ace__hiphop_L3_verb__s1.wav,0.07287949,0.06003129,1198.3055773399794,874.641693660927,1.0980015,2.2596123,0.03635163203850619,0.03811550490277164,0.003522224,0.016114946,37.51958,10.785726
corpus/ace__hiphop_L3_verb__s2.wav,0.11161951,0.09146471,1188.2218845134846,700.0513154981466,1.1249019,2.1257029,0.03960369098297214,0.026789838307819395,0.0018591379,0.009721772,37.259712,7.639387
corpus/ace__hiphop_L3_verb__s3.wav,0.07392513,0.06277179,1324.7071035937238,568.271095675255,0.8481539,1.5727723,0.036275290852360684,0.024159093159821794,0.0010331927,0.0037822507,35.38548,7.772465
corpus/ace__hiphop_L3_verb__s4.wav,0.0853874,0.07177014,1454.6687600238936,835.923711712832,0.9921342,2.0211976,0.04228999371130031,0.03788672736552306,0.00403697,0.012250999,35.470074,11.594356
corpus/ace__hiphop_L3_verb__s5.wav,0.10865975,0.08196951,1190.829383980711,828.374932191687,1.499772,3.1971455,0.03074357827012384,0.027130476972491716,0.0033278968,0.0108317025,37.519913,11.26635
corpus/ace__hiphop_L5_verb__s0.wav,0.07067805,0.050455872,1518.2611783775906,992.615710940053,1.0579324,1.8541135,0.06371012117840558,0.06533802740162187,0.005778077,0.0197351,34.585037,11.157102
corpus/ace__hiphop_L5_verb__s1.wav,0.092924975,0.077684514,1331.8386934182647,874.4677183651858,1.5045642,3.4954438,0.028211469620743033,0.03232478198671971,0.005377074,0.016142396,34.73181,11.26883
corpus/ace__hiphop_L5_verb__s2.wav,0.10364661,0.075221576,1813.2355416512182,1115.6001215830972,1.5191275,3.1597178,0.05827931501547988,0.0668027814217071,0.012687895,0.030754138,29.341373,10.997147
corpus/ace__hiphop_L5_verb__s3.wav,0.08357241,0.07828266,1749.8292072766358,1276.1010383355099,2.0055974,3.933419,0.06182577883126935,0.0693790618149112,0.0150155695,0.037603002,31.44862,12.598581
corpus/ace__hiphop_L5_verb__s4.wav,0.1128952,0.08827766,1454.8722682158668,793.7336693675211,1.073886,1.8746346,0.04258515443595201,0.0442497562437137,0.0037065134,0.011104745,32.653492,8.398509
corpus/ace__hiphop_L5_verb__s5.wav,0.080934286,0.074776396,1910.3091605345412,1290.382343690107,2.111768,4.088523,0.057288391302244585,0.08891532913245581,0.013762,0.038221076,30.156794,10.322265
corpus/ace__hiphop_L7_verb__s0.wav,0.08885593,0.07185898,1733.6429445666067,977.728167962286,1.4593507,2.8767965,0.05672641435274768,0.07647916983088252,0.012932111,0.032823183,28.89314,9.962314
corpus/ace__hiphop_L7_verb__s1.wav,0.095967,0.071743526,1580.005868558471,976.0764417668463,1.6578392,3.301966,0.043639947755417956,0.05299491838990626,0.0075046625,0.016905943,30.434307,9.936386
corpus/ace__hiphop_L7_verb__s2.wav,0.09057706,0.07772452,2258.721211817707,1212.7842411633926,2.4085164,4.16693,0.08210343399284056,0.07727653053942352,0.025416803,0.040095966,24.77712,11.38777
corpus/ace__hiphop_L7_verb__s3.wav,0.107864596,0.06728926,2552.439099145505,1104.2986079643138,1.821167,3.1556156,0.09731158088235294,0.0863902982199189,0.022229671,0.03637225,22.08456,8.0393715
corpus/ace__hiphop_L7_verb__s4.wav,0.10279122,0.08613857,1855.6181163321448,1001.2758548336326,1.4300717,3.0115669,0.05686020039183436,0.06616703580715055,0.008402627,0.022569885,28.73624,8.464836
corpus/ace__hiphop_L7_verb__s5.wav,0.11411883,0.08852214,1817.4945545817727,1077.5161821340573,1.8456215,3.4300323,0.06227475570820434,0.06881962106816397,0.014193942,0.03373671,29.189531,11.285384
corpus/ace__hiphop_L9_verb__s0.wav,0.07503738,0.07222175,1169.8937143000123,820.38040624769,0.9489567,1.8786008,0.04725406044407895,0.0310844974156019,0.00283401,0.011496936,39.137062,10.729218
corpus/ace__hiphop_L9_verb__s1.wav,0.1058937,0.082708895,1334.283296571785,861.1306236336643,1.0607704,1.8470798,0.04198160555340557,0.03604997047317255,0.0031319284,0.011481256,35.01053,9.841547
corpus/ace__hiphop_L9_verb__s2.wav,0.06613879,0.069579445,1726.491849851889,905.6851344835504,0.9966972,1.9098003,0.05156695953463622,0.05128279946014777,0.01198544,0.026325123,29.290342,10.218036
corpus/ace__hiphop_L9_verb__s3.wav,0.10709726,0.08011253,2164.5922145603486,1299.0859236232538,1.6238054,2.9788215,0.07906981666021672,0.08483872992518551,0.021818288,0.040999953,26.871069,11.652528
corpus/ace__hiphop_L9_verb__s4.wav,0.09716693,0.08561966,1639.1451683656592,999.2448064220723,1.2576007,2.5528476,0.04696834788602941,0.05822665331199056,0.009192743,0.025450934,31.107328,9.953401
corpus/ace__hiphop_L9_verb__s5.wav,0.04384593,0.0408914,636.3542650390215,291.8554200741677,0.5492873,0.9149942,0.030581825657894735,0.017962559108770818,6.384621e-05,0.00014206154,46.521236,5.4917727
corpus/ace__orchestral_L1_verb__s0.wav,0.07956509,0.075469434,985.6014024350421,432.0492254662694,0.5572994,0.47513905,0.026745114164086686,0.022589320373669747,0.00024863376,0.00058271113,40.572594,6.966323
corpus/ace__orchestral_L1_verb__s1.wav,0.10276171,0.063767485,954.9541980843848,388.3280295021625,0.7409143,0.5682425,0.03283615820917183,0.01910692112959313,0.00032922212,0.0007444228,38.642986,6.526592
corpus/ace__orchestral_L1_verb__s2.wav,0.126935,0.09661241,921.3907613940944,354.5100840255467,0.84203166,0.780791,0.035100694780379256,0.023274179502012483,0.00019919522,0.00025521597,40.583256,6.212613
corpus/ace__orchestral_L1_verb__s3.wav,0.094634056,0.06853808,1076.744423252426,761.3885609967533,0.72807825,0.64933664,0.04331644253095975,0.055347318877729076,0.0027810954,0.017143829,39.461994,7.7051616
corpus/ace__orchestral_L1_verb__s4.wav,0.10042816,0.08641301,1237.2834729726067,488.515908130392,0.72958165,1.067297,0.037670218169504645,0.031110325828373697,0.00083672715,0.0022638473,35.81579,6.833042
corpus/ace__orchestral_L1_verb__s5.wav,0.10391726,0.068339154,990.4804277938658,286.14586850689375,0.7694225,0.58496386,0.038117683339783284,0.02118519227116295,0.00019302385,0.00048216115,39.871838,5.131374
corpus/ace__orchestral_L3_verb__s0.wav,0.08810654,0.04700578,1071.3891851974536,388.3588977118207,0.8800729,0.92312,0.04690939132643189,0.023026878290292468,0.0004108514,0.0011512977,38.21938,7.1094604
corpus/ace__orchestral_L3_verb__s1.wav,0.123921245,0.08286374,1253.1972052689375,478.5031682829886,1.1330559,1.5609274,0.04564825004837461,0.02991175532933525,0.0013182728,0.004676031,34.291912,6.14799
corpus/ace__orchestral_L3_verb__s2.wav,0.104989536,0.09369812,1542.593627857518,858.5694595325691,0.9952604,1.6495591,0.05150913675503096,0.05223023765334147,0.0031200873,0.019584104,33.90935,7.3106475
corpus/ace__orchestral_L3_verb__s3.wav,0.060994726,0.058879025,1105.1776849363787,463.54841960520014,0.68637925,0.6395725,0.041286220491486066,0.02590669107589063,0.0010155122,0.0040166522,36.979103,6.6513877
corpus/ace__orchestral_L3_verb__s4.wav,0.10459708,0.06542882,1236.2804886677866,531.2919088977543,0.80674076,0.5012404,0.04690485620646285,0.03369910129867101,0.00075295166,0.0013656638,36.048763,7.971717
corpus/ace__orchestral_L3_verb__s5.wav,0.091541246,0.06907041,1034.8332541467628,380.99983882957935,0.7450451,0.73875165,0.04166187959558824,0.026916920658287612,0.00033499472,0.0008635064,38.5636,6.4030833
corpus/ace__orchestral_L5_verb__s0.wav,0.08643624,0.06509895,1152.2747918085013,628.3912349152912,0.74881697,0.91739255,0.03461619279702012,0.024252586431904626,0.0012333712,0.0030783822,37.058834,9.533282
corpus/ace__orchestral_L5_verb__s1.wav,0.10502629,0.073803335,1215.7052471546474,496.50216554244105,1.1779077,1.7007625,0.040542838743227554,0.026925718294146927,0.0019396865,0.0056733508,33.932438,7.529485
corpus/ace__orchestral_L5_verb__s2.wav,0.10651943,0.0797634,1650.1345088043252,1001.6009871095188,1.0546172,1.7297564,0.055481901847910214,0.08736957219059246,0.009551331,0.030231958,30.450785,9.863905
corpus/ace__orchestral_L5_verb__s3.wav,0.1091811,0.080393635,1194.2588948190953,483.9055621012279,0.9706485,1.213917,0.05302877987132353,0.036020642655844884,0.0008475273,0.003271746,35.700924,6.780143
corpus/ace__orchestral_L5_verb__s4.wav,0.08841635,0.06957771,1876.54190840623,899.3628811305704,1.1607728,2.2122939,0.05679708663893189,0.05653368375335821,0.0082396725,0.02317342,28.562944,8.470334
corpus/ace__orchestral_L5_verb__s5.wav,0.08215588,0.06675714,1195.0820655914056,540.90866780524,0.6301429,0.51100403,0.03752773981714396,0.031975847900876736,0.00078786147,0.0025432073,37.633633,7.8386593
corpus/ace__orchestral_L7_verb__s0.wav,0.09013018,0.078725755,1564.930229446181,612.5449087628816,0.91864413,1.3399765,0.07077886150348298,0.04983858820427861,0.0018521576,0.004117782,32.441044,8.02991
corpus/ace__orchestral_L7_verb__s1.wav,0.13192217,0.08690147,1360.996934953121,520.7157682801636,0.9084654,1.1876653,0.0446323831753096,0.03323701510260865,0.001569711,0.002986494,32.331326,6.63789
corpus/ace__orchestral_L7_verb__s2.wav,0.10843186,0.08191906,1729.5850802528053,932.2417881294858,1.2419258,2.2218125,0.06236696981424149,0.0747390716946564,0.010945493,0.033578392,29.738358,10.799682
corpus/ace__orchestral_L7_verb__s3.wav,0.104391105,0.07694642,1475.6548986431753,472.5582431011881,1.1112665,1.4403808,0.053718496033281736,0.03607949492631996,0.0013300616,0.0019886165,31.946878,5.714543
corpus/ace__orchestral_L7_verb__s4.wav,0.098536454,0.08900958,1502.5524113520537,745.7535272843432,1.0590713,1.5768938,0.06122676506869195,0.04453460141553096,0.0028757984,0.0077681146,32.36437,9.729543
corpus/ace__orchestral_L7_verb__s5.wav,0.10079234,0.06814776,1192.4729825928082,492.9365804001856,1.0797434,1.575203,0.03902886452689629,0.02525769333046931,0.0015016095,0.0029949022,34.33978,9.720063
corpus/ace__orchestral_L9_verb__s0.wav,0.123740606,0.08966685,1201.8851639480463,688.0951961436548,0.7412373,0.7795315,0.038703847595781736,0.033274498492589656,0.0016646723,0.004990703,34.531704,7.847125
corpus/ace__orchestral_L9_verb__s1.wav,0.10565597,0.09488259,1272.8433989241398,522.5769880193455,0.7786732,1.2046711,0.04324841573142415,0.04061601434715081,0.001125408,0.0027012322,34.107132,6.4656835
corpus/ace__orchestral_L9_verb__s2.wav,0.10789139,0.07509267,938.4820810631447,343.3726861491967,0.81617194,1.0768124,0.034304781225812694,0.01950430508586735,0.00043004853,0.0023844705,39.343945,5.9207587
corpus/ace__orchestral_L9_verb__s3.wav,0.10588566,0.077458106,1236.4218310749654,563.9835004463141,0.811181,1.0093616,0.04495097535313467,0.03197865799724549,0.0013535516,0.0041287844,35.103836,9.92777
corpus/ace__orchestral_L9_verb__s4.wav,0.10423517,0.076884076,1609.9012570639866,667.9426077478373,1.2729211,1.9222249,0.05733109701528638,0.047243177118397504,0.0066897124,0.016775176,28.782614,7.3315964
corpus/ace__orchestral_L9_verb__s5.wav,0.09203078,0.07073155,1405.8014760896308,641.2600486981977,0.83634186,1.0283699,0.04466488486842105,0.040694842825896915,0.0027941742,0.008314822,32.904957,9.710373
corpus/ace__rock_L1_verb__s0.wav,0.09966807,0.083126836,1820.4232932149264,1218.0194141398845,1.2701769,2.6243863,0.059805760811726005,0.08036874013540056,0.00894004,0.024005776,31.473194,10.72083
corpus/ace__rock_L1_verb__s1.wav,0.117637776,0.07095118,1719.6705518740089,718.333550224893,1.0307707,1.8145535,0.03954926954334365,0.03267853132111122,0.005320552,0.008819602,27.497334,7.2046504
corpus/ace__rock_L1_verb__s2.wav,0.09299042,0.08011311,1518.333892326077,1094.239581567338,1.0210924,1.9197949,0.05243883634868421,0.08942006330785487,0.007032176,0.02610259,33.34712,9.5942335
corpus/ace__rock_L1_verb__s3.wav,0.058263857,0.061807163,1111.3718184589159,478.7150751871409,0.61542755,1.3374927,0.03655042146381579,0.039134395642540204,0.00049360184,0.0041200523,39.450882,7.080476
corpus/ace__rock_L1_verb__s4.wav,0.118241586,0.07908607,1779.6964927064712,846.4684692528702,1.2237147,2.3503401,0.05003824617840557,0.04929024452776379,0.007913237,0.016280835,28.118793,8.45753
corpus/ace__rock_L1_verb__s5.wav,0.080606125,0.06101307,1217.902999513762,443.9626791740029,0.9785261,1.8233868,0.04132817035119969,0.02682919907971693,0.0007923712,0.0021229056,35.38395,6.521099
corpus/ace__rock_L3_verb__s0.wav,0.085996725,0.075080015,1559.649883939223,871.4426684203668,1.510209,2.6290157,0.0460545212122678,0.032490258438281974,0.0062895264,0.012435904,32.67256,12.073233
corpus/ace__rock_L3_verb__s1.wav,0.0995941,0.0738785,972.0473574261947,519.2514843859011,0.8242398,1.536966,0.029900801809210526,0.01954175130043878,0.0006528757,0.0018904193,40.249752,9.718158
corpus/ace__rock_L3_verb__s2.wav,0.13108405,0.08326944,1919.5940778484517,919.7058882357503,1.5470456,2.3445904,0.05155826722136223,0.05424963016886806,0.009315035,0.017618714,26.805933,8.816325
corpus/ace__rock_L3_verb__s3.wav,0.04396052,0.048487663,1072.9741139755674,729.0764079181446,0.65507466,1.8793612,0.02712833180147059,0.032633682117854265,0.0018542932,0.009514964,39.927612,10.542808
corpus/ace__rock_L3_verb__s4.wav,0.11113655,0.1022587,1524.6981977295866,783.756131088899,1.2731265,2.569037,0.04620682565789474,0.05253460992705438,0.006228142,0.0152305085,31.378334,9.540202
corpus/ace__rock_L3_verb__s5.wav,0.10995502,0.090544306,991.3710101932822,609.4484192308192,0.83524984,1.6268091,0.03322202133320434,0.03494479415344892,0.0011040727,0.0038326788,39.254486,9.519971
corpus/ace__rock_L5_verb__s0.wav,0.10733997,0.078723475,1227.0031408739437,740.8019949016489,1.0941888,1.9631261,0.047918077592879256,0.043555333920899005,0.0032570828,0.016517226,36.543602,9.583306
corpus/ace__rock_L5_verb__s1.wav,0.09433085,0.07612105,1911.3069535303177,961.0427611506644,1.5076544,2.928064,0.06513603848200464,0.06321763681905589,0.013492473,0.026989637,26.603703,9.7164135
corpus/ace__rock_L5_verb__s2.wav,0.12869348,0.084389605,1637.4113315233453,696.0174045880196,1.2830648,2.1935186,0.04319663977844427,0.03615531145934784,0.006275583,0.012662073,28.59468,7.7699084
corpus/ace__rock_L5_verb__s3.wav,0.087203115,0.076532796,1831.1616491576817,1084.537465995701,1.1962067,2.7734678,0.07286501668924149,0.08667258339498443,0.011312718,0.031412944,29.756763,10.11861
corpus/ace__rock_L5_verb__s4.wav,0.08786217,0.06964956,1846.104542133049,1118.073997946455,1.0957607,1.7803187,0.06243046149380805,0.060272796981418804,0.007944637,0.018835677,31.512123,12.205502
corpus/ace__rock_L5_verb__s5.wav,0.10348825,0.066005245,1460.7838811401418,804.2797648598005,1.286003,2.2940888,0.04893810165924923,0.039491017752527634,0.005676056,0.01496282,31.399992,10.267417
corpus/ace__rock_L7_verb__s0.wav,0.1012766,0.079088785,2080.5174323568303,854.2331469979002,1.1024768,1.8999919,0.07276184270994582,0.07096581409175882,0.012163632,0.02410711,25.194113,7.9723363
corpus/ace__rock_L7_verb__s1.wav,0.12888622,0.07755534,2150.4219063726123,1008.1111063562576,1.1595342,2.1093233,0.06434163663409442,0.09100687927082521,0.014838228,0.034377698,24.23777,7.55052
corpus/ace__rock_L7_verb__s2.wav,0.10958374,0.10190685,2040.069077524195,1150.784401558882,0.9523125,1.8048582,0.04641015020317337,0.06439236902494067,0.009427466,0.02323565,28.113037,8.977377
corpus/ace__rock_L7_verb__s3.wav,0.11891751,0.07228179,2260.558317093081,945.2697464818518,1.1442186,1.8958993,0.07606076456075851,0.06351243954900843,0.0129901385,0.024808902,24.419985,7.4723425
corpus/ace__rock_L7_verb__s4.wav,0.13313924,0.08646544,1941.9166584937032,726.3541735276202,1.3006626,2.111859,0.06488056005708204,0.04840103855937881,0.010291155,0.01657951,25.72106,8.492362
corpus/ace__rock_L7_verb__s5.wav,0.12511386,0.08175648,1797.5002180591969,1137.68529559941,1.5210403,3.081823,0.05319317797020124,0.04786558093007078,0.012825815,0.030036435,30.176126,12.0289345
corpus/ace__rock_L9_verb__s0.wav,0.10461433,0.06820062,1958.141270030877,908.4677548471984,1.2462921,2.48136,0.06721614684113777,0.05960917743657446,0.010436901,0.020451935,26.448238,8.956733
corpus/ace__rock_L9_verb__s1.wav,0.118244454,0.07131978,1818.2348375769984,935.0467014024401,1.1644329,1.9596717,0.05022985499709752,0.044066601123593035,0.008223168,0.014453697,28.452723,11.0475025
corpus/ace__rock_L9_verb__s2.wav,0.11665233,0.0683325,1970.6857324462621,783.8378793008263,1.1081697,1.7434026,0.05420980069659443,0.051277710717933606,0.010541007,0.02664496,25.644768,8.596474
corpus/ace__rock_L9_verb__s3.wav,0.13221116,0.08009997,1979.3279254360566,787.7674008331871,1.4071575,2.657742,0.055195811363196595,0.0491116967262074,0.009650674,0.015452602,25.364021,7.4865446
corpus/ace__rock_L9_verb__s4.wav,0.11914166,0.06122359,1573.6054511027044,737.2986816920552,1.1617086,2.0896692,0.046715892874419504,0.055793136944263744,0.0066782106,0.019314604,28.001814,6.814898
corpus/ace__rock_L9_verb__s5.wav,0.12208135,0.08432314,1763.046706818248,1022.3891061182369,1.3452407,2.4372349,0.05644788240131579,0.06994299110857718,0.011519571,0.028853998,28.269512,9.347368
corpus/mgm__edm_L1_verb__s0.wav,0.29602873,0.10623373,2912.020401519059,1751.3558947489425,1.8575233,2.3351467,0.11374227834302325,0.1631242239642789,0.021519087,0.036443163,22.119047,8.778071
corpus/mgm__edm_L1_verb__s1.wav,0.10785456,0.06531208,4005.8581002927535,1857.5780199979645,2.0984123,2.7539449,0.16489636325096899,0.18031228274384783,0.02708735,0.03606412,20.894396,8.56914
corpus/mgm__edm_L1_verb__s2.wav,0.26793435,0.103007354,2432.6960581776652,1214.2796491550232,2.0013468,2.9208791,0.041183684593023254,0.03302901242404122,0.009336155,0.021167316,27.698122,9.969584
corpus/mgm__edm_L1_verb__s3.wav,0.17588449,0.09688859,2339.3223850625695,1266.367804196712,2.2281375,3.2616143,0.045140655281007754,0.05164369552085457,0.0074773272,0.014453773,28.148783,9.697917
corpus/mgm__edm_L1_verb__s4.wav,0.23891138,0.104027145,927.0224904752386,652.9800107884222,2.3468356,3.666821,0.019472202034883722,0.009729268706010204,0.0016975884,0.0032480867,37.51519,11.631031
corpus/mgm__edm_L1_verb__s5.wav,0.1387176,0.060568444,2216.571440359344,1262.401124552208,2.9294653,4.553015,0.029479318071705427,0.03939357277734646,0.01205006,0.029802702,29.767279,12.224357
corpus/mgm__edm_L3_verb__s0.wav,0.1774399,0.1727167,3490.350177208915,1814.1451482897808,2.8360932,4.923908,0.11722837936046511,0.1330906874415138,0.084603556,0.11313632,20.797031,14.860425
corpus/mgm__edm_L3_verb__s1.wav,0.31501257,0.1155138,4801.544441450416,1629.9095153444007,1.5396161,2.0447583,0.21961376574612404,0.2102931694243716,0.023422996,0.027186584,20.137033,6.7999754
corpus/mgm__edm_L3_verb__s2.wav,0.25108173,0.08341675,3233.145102242633,860.4843107899071,1.9825625,2.7257228,0.056032733769379846,0.04315539564446723,0.012259317,0.017874973,22.394491,5.6184506
corpus/mgm__edm_L3_verb__s3.wav,0.22091179,0.12220438,2857.9266139904353,1375.7701786141004,1.7383611,2.5268476,0.060811455305232555,0.0573690163627592,0.017207088,0.029502116,24.940752,9.493415
corpus/mgm__edm_L3_verb__s4.wav,0.13747452,0.10765152,3013.730952449717,1764.289542773374,2.0693557,3.0878,0.13130488432655038,0.15998043889641064,0.027035838,0.051633235,23.934715,10.47479
corpus/mgm__edm_L3_verb__s5.wav,0.13814236,0.08789596,3915.351894191888,1367.0548769274533,2.433829,3.431756,0.215177976623062,0.167240873579518,0.10901714,0.10469711,14.23317,8.642471
corpus/mgm__edm_L5_verb__s0.wav,0.021741739,0.024957001,2893.679354601488,704.4160477644162,0.94091797,1.4860239,0.11002604166666667,0.05533215445462199,0.04311852,0.04741393,16.154812,5.0542707
corpus/mgm__edm_L5_verb__s1.wav,0.12511367,0.064321496,2566.207158752576,1083.190500705848,1.4886682,2.2917738,0.06042991460755814,0.04753863134459564,0.017698241,0.027379163,22.763557,7.537594
corpus/mgm__edm_L5_verb__s2.wav,0.07393137,0.06715444,4553.866775393185,1054.0089554422862,1.6569299,2.3402874,0.20982013081395348,0.13738107621019086,0.058077045,0.058613345,15.15164,5.7285743
corpus/mgm__edm_L5_verb__s3.wav,0.19810916,0.079136066,2466.359417851846,1241.7861665994028,1.9607619,3.2535696,0.04926114341085271,0.04217581679125781,0.013571365,0.021986667,24.57619,8.406839
corpus/mgm__edm_L5_verb__s4.wav,0.11098225,0.051503453,3657.8879261899856,1105.6362593802323,2.0746906,3.463028,0.09017192042151163,0.06295346063660849,0.0322957,0.041315027,18.909615,6.710208
corpus/mgm__edm_L5_verb__s5.wav,0.032172423,0.021313624,4101.287828741137,1084.4221493320924,1.8090682,2.9628005,0.24810365188953487,0.11828695931326573,0.14545402,0.09542493,9.982063,4.5608177
corpus/mgm__edm_L7_verb__s0.wav,0.17321491,0.15463558,2927.0998134981573,1600.1916435020078,2.074862,3.4364443,0.11977993277616279,0.1369225350265996,0.060287453,0.09547517,22.133741,13.308469
corpus/mgm__edm_L7_verb__s1.wav,0.12816891,0.09473678,3636.429230393857,1073.220334252049,1.7733166,2.5445912,0.13494768955910852,0.10801766505726258,0.074926145,0.08383026,16.39035,8.590589
corpus/mgm__edm_L7_verb__s2.wav,0.22852138,0.07642968,3475.465467827568,974.2964233625665,1.2607824,1.2508583,0.15877997819767442,0.11777044479064608,0.009466621,0.020535296,24.095146,5.992131
corpus/mgm__edm_L7_verb__s3.wav,0.07992389,0.03868673,3362.6765956419254,1745.932726501305,2.2014806,4.1399217,0.16878330910852712,0.13324287981567584,0.06746477,0.0699933,19.045351,12.735818
corpus/mgm__edm_L7_verb__s4.wav,0.24023102,0.07444369,2487.6064084816535,832.5138501004387,1.5390129,1.9630108,0.04911390201065891,0.04199162219237389,0.015419475,0.024201147,22.393696,7.0733304
corpus/mgm__edm_L7_verb__s5.wav,0.18845305,0.123511516,2153.521306514811,1436.874447387537,2.9803097,4.212206,0.055374500363372096,0.07861949629543512,0.015996942,0.041018642,29.889088,12.333857
corpus/mgm__edm_L9_verb__s0.wav,0.07898329,0.032360602,4168.820889291703,1021.6972897691875,0.99071413,0.8562812,0.23335982921511628,0.14509634892029835,0.10106373,0.08935649,11.989855,4.4266963
corpus/mgm__edm_L9_verb__s1.wav,0.18299168,0.051128313,4351.842234749517,582.6251498689455,1.1861169,1.2627566,0.20040727955426357,0.08108712922718672,0.060495973,0.03749676,13.14606,3.1135547
corpus/mgm__edm_L9_verb__s2.wav,0.10656688,0.063020825,4200.817188182814,1769.66856121978,1.1235694,1.1332512,0.27878966812015504,0.20088136723937577,0.14934485,0.1258219,13.952156,11.763269
corpus/mgm__edm_L9_verb__s3.wav,0.2130149,0.12476567,5010.797288397272,885.6186615392047,1.6061838,2.1525612,0.3007767078488372,0.20849956499558417,0.15526591,0.1393072,12.057727,7.302174
corpus/mgm__edm_L9_verb__s4.wav,0.17515182,0.046162564,4621.832246678937,407.6296990970029,1.438902,1.8140479,0.20450808502906978,0.07613578866044873,0.09025188,0.06099516,11.629528,3.4649193
corpus/mgm__edm_L9_verb__s5.wav,0.18122506,0.04413028,4448.9698354880475,935.0250893209367,1.2917606,1.5662879,0.1606926023498062,0.08432201010289885,0.049984723,0.042772625,14.9958,4.9251995
corpus/mgm__folk_L1_verb__s0.wav,0.10319916,0.059725665,1406.650984729322,540.5886717143172,1.1529042,1.1529336,0.04473791787790698,0.025136980819071116,0.0015978257,0.0021415344,31.637148,6.3117642
corpus/mgm__folk_L1_verb__s1.wav,0.18234207,0.052744847,1237.3794038523881,563.887453590135,1.1776183,1.5230182,0.039343734859496125,0.024172248487747405,0.0008349066,0.0013754229,36.004204,7.388807
corpus/mgm__folk_L1_verb__s2.wav,0.05166633,0.020975573,1465.0243308166916,568.7713485578944,1.211985,1.5161148,0.05424009811046512,0.022353359035904904,0.0024752228,0.0051654773,30.569256,6.2101917
corpus/mgm__folk_L1_verb__s3.wav,0.094078906,0.08126956,2031.765033810141,458.9270433462519,0.8298116,1.2086953,0.0712406128875969,0.031031941332480415,0.0060304436,0.00895785,25.162603,5.0242324
corpus/mgm__folk_L1_verb__s4.wav,0.07169954,0.032028716,1747.9890003417297,658.7474482722157,1.1195318,1.3892547,0.06474155159883721,0.03883585601741625,0.003048481,0.005510489,29.657637,6.764173
corpus/mgm__folk_L1_verb__s5.wav,0.17942214,0.070923686,1131.379612727938,564.2199962251924,1.1887951,1.439152,0.032496441981589144,0.01610601283123065,0.0008322172,0.0014822491,35.919712,7.5512066
corpus/mgm__folk_L3_verb__s0.wav,0.12576468,0.04534508,797.4158912127181,220.32798256800953,1.0622308,1.2407155,0.03379587572674419,0.00896879463376557,0.00026254612,0.000555429,39.291817,5.0786724
corpus/mgm__folk_L3_verb__s1.wav,0.07891259,0.058597025,1035.5490286970853,348.5090383305971,0.9758721,1.1849403,0.036262642320736435,0.015032585831558955,0.0007229914,0.001456987,35.59937,5.603438
corpus/mgm__folk_L3_verb__s2.wav,0.060139578,0.061321415,1652.0008825702594,633.6380281424207,1.0498173,1.2228053,0.051266503149224804,0.035224536616942796,0.0027916555,0.005438877,30.114498,6.211824
corpus/mgm__folk_L3_verb__s3.wav,0.2082512,0.07919767,1265.1072698573023,559.2677881613743,1.1963619,1.385641,0.0296375363372093,0.012935421645070336,0.0012274206,0.002143133,33.29994,6.1808047
corpus/mgm__folk_L3_verb__s4.wav,0.1742896,0.06873887,1183.3552548040961,376.58676179471274,1.0864642,1.0763286,0.028332046390503875,0.01279214997388183,0.00063505647,0.00096664345,35.114082,5.2951736
corpus/mgm__folk_L3_verb__s5.wav,0.15217376,0.06839294,1126.5594208285127,334.9821191956982,1.2484528,1.4288762,0.029716266957364342,0.010876309922076539,0.0008957994,0.001476631,34.003067,5.46595
corpus/mgm__folk_L5_verb__s0.wav,0.017134268,0.019704232,2722.3654251964263,982.3025237566488,0.9522637,1.4697924,0.14681103137112403,0.08282609639060165,0.016170839,0.024539055,20.464996,4.6115904
corpus/mgm__folk_L5_verb__s1.wav,0.14897567,0.064320296,2125.1220736854957,728.703119370962,1.4263755,2.3247185,0.047116112524224804,0.030952905696420122,0.01197049,0.019562267,23.303425,6.171343
corpus/mgm__folk_L5_verb__s2.wav,0.07568275,0.06228799,2030.394209502303,1119.463479534188,1.0407106,2.0098593,0.06095529009205426,0.06280562687740172,0.012783531,0.028372409,26.855701,9.189062
corpus/mgm__folk_L5_verb__s3.wav,0.13967536,0.09310216,3328.6648532623553,1069.7040711159443,1.9293802,3.5933154,0.13104333212209301,0.12366895524651289,0.055777967,0.07846119,18.937439,8.8277645
corpus/mgm__folk_L5_verb__s4.wav,0.04349361,0.034974966,3284.2985834536726,800.6451496939214,1.3683795,1.7244223,0.12041621245155039,0.04744254297708815,0.029764106,0.035910223,17.688417,4.661382
corpus/mgm__folk_L5_verb__s5.wav,0.059315845,0.024312813,2917.274422817453,705.8258179986663,1.4687277,2.0215697,0.10749719900678295,0.04262683649602675,0.02856324,0.025813727,17.413465,4.563998
corpus/mgm__folk_L7_verb__s0.wav,0.05803193,0.040752795,1863.4605886602883,573.9496739447779,1.3557255,1.6209655,0.06255564135174418,0.027683664758398133,0.0034377982,0.0063334056,28.857668,5.8697686
corpus/mgm__folk_L7_verb__s1.wav,0.06607375,0.053246155,1735.4009816681107,536.5380768097776,1.1620755,1.5692967,0.06005215903585271,0.02331340882211179,0.0029799961,0.0042034537,28.022602,4.8441734
corpus/mgm__folk_L7_verb__s2.wav,0.087098725,0.07129148,1896.1917851128244,590.0496559150918,0.8500318,1.2801658,0.0769050539001938,0.03930174551024903,0.006353164,0.009587049,26.889608,7.0757937
corpus/mgm__folk_L7_verb__s3.wav,0.12095884,0.054910775,2958.0704272712387,789.5046231618364,1.4412493,1.8735293,0.13448931080426357,0.08170809019825112,0.01968764,0.02720927,21.314178,6.549973
corpus/mgm__folk_L7_verb__s4.wav,0.12978047,0.06735473,1504.082253824958,842.9415238171928,1.4263144,1.9597427,0.04392676538275194,0.0358833430487905,0.003347185,0.0087211635,32.647324,9.607675
corpus/mgm__folk_L7_verb__s5.wav,0.13920815,0.06507014,1528.3928241073063,545.1913354362733,1.2365137,1.5461465,0.041471732679263566,0.01517154701310175,0.0024768556,0.0032638428,29.709372,6.258202
corpus/mgm__folk_L9_verb__s0.wav,0.07306667,0.034077786,2917.2972749450055,571.1202547160663,1.2459626,1.2253191,0.09479620881782946,0.03442395498028,0.025210232,0.022404755,17.751862,4.200516
corpus/mgm__folk_L9_verb__s1.wav,0.14945965,0.055638097,2358.066861629309,720.4600408839046,1.4568967,1.475454,0.06340161700581395,0.02684799246166195,0.0075049284,0.009941598,24.360193,5.417855
corpus/mgm__folk_L9_verb__s2.wav,0.17597653,0.07271646,2988.006955109455,835.4345476768216,1.0143248,0.74837345,0.05734011627906977,0.02931304763637657,0.0077180057,0.008684445,23.072313,4.405962
corpus/mgm__folk_L9_verb__s3.wav,0.05002574,0.01653252,5129.759373150147,1702.5159960574167,1.1101009,1.0243793,0.3854090964147287,0.23772878303952064,0.024717823,0.021006927,17.689262,4.0183606
corpus/mgm__folk_L9_verb__s4.wav,0.098963216,0.022940736,3797.5599184602042,686.7598181569318,1.2989689,1.3492608,0.17468469900678293,0.046468053752009096,0.03864354,0.029551014,15.318277,3.2678194
corpus/mgm__folk_L9_verb__s5.wav,0.11004459,0.08370454,3526.358725491989,1556.115443924824,1.5490574,1.8202088,0.14180860889050387,0.14962953008983065,0.03425945,0.048383005,19.871372,7.701895
corpus/mgm__hiphop_L1_verb__s0.wav,0.2931193,0.10372631,867.653791576534,824.6643989360122,1.3930467,2.0407588,0.012911443192829457,0.019186756900339223,0.00067194644,0.002329969,42.857788,9.867391
corpus/mgm__hiphop_L1_verb__s1.wav,0.17447673,0.14373173,1441.8566689299962,1471.1348993265044,2.0175934,3.844717,0.05182594476744186,0.07860064224348118,0.022522079,0.054845046,38.890274,19.1463
corpus/mgm__hiphop_L1_verb__s2.wav,0.23642282,0.18498553,1614.0717460296164,1660.7874528204063,1.9965773,4.063281,0.070267457000969,0.11581614465542238,0.01673193,0.042980306,37.27889,18.462818
corpus/mgm__hiphop_L1_verb__s3.wav,0.47985074,0.15588436,669.4457085821793,650.1112004799762,1.5153596,2.4402819,0.009567662911821706,0.009921212450585297,0.00061943755,0.0033305946,48.27474,11.092891
corpus/mgm__hiphop_L1_verb__s4.wav,0.13784052,0.1264239,1504.1715439270197,1446.2695168179264,1.5787984,3.3864324,0.05822280765503876,0.07548966589792667,0.013205098,0.03618676,37.245117,17.507332
corpus/mgm__hiphop_L1_verb__s5.wav,0.13759725,0.1497223,2431.8848259213873,2182.6755194407738,1.7411258,3.5941598,0.09754118217054264,0.12935913788101006,0.0146456575,0.028819256,33.111843,16.18783
corpus/mgm__hiphop_L3_verb__s0.wav,0.20378105,0.13284755,812.8707378286421,922.1829248277442,1.2462138,2.5745146,0.012106725411821706,0.015455671365354234,0.0018971739,0.007955195,44.910725,13.303495
corpus/mgm__hiphop_L3_verb__s1.wav,0.22073425,0.15308654,957.0535028438698,1137.8956315666521,1.1247693,3.2241402,0.02925788820251938,0.046444230511146316,0.007947862,0.031726662,46.472046,17.043722
corpus/mgm__hiphop_L3_verb__s2.wav,0.19919665,0.12904328,870.0236715182409,816.3002706705421,1.5336611,2.8549073,0.02043021741763566,0.026988713308893842,0.0017796084,0.0064667123,43.6879,12.911846
corpus/mgm__hiphop_L3_verb__s3.wav,0.1642149,0.11192986,1720.1996722718245,1534.842443334842,2.417334,4.5403595,0.04466713602228682,0.0689174844552471,0.01586437,0.040278923,35.19022,16.421446
corpus/mgm__hiphop_L3_verb__s4.wav,0.2613697,0.18921751,496.4543969406277,734.537463513336,1.2840316,3.1323895,0.01614734738372093,0.025245720594504337,0.0026154146,0.013863508,52.28515,14.328926
corpus/mgm__hiphop_L3_verb__s5.wav,0.40883023,0.16092062,1519.4574253316518,1387.9856498252695,2.1020906,3.0021946,0.02152866097383721,0.027351651621313672,0.0029286116,0.009469006,38.6895,12.730452
corpus/mgm__hiphop_L5_verb__s0.wav,0.24704245,0.14856426,3397.167731276625,1953.3230212037215,2.538513,4.4208794,0.13949362584786823,0.16451534176096555,0.03192859,0.07147433,27.59977,14.279907
corpus/mgm__hiphop_L5_verb__s1.wav,0.3318668,0.1553223,3053.812911692801,1968.3663477651858,1.9671886,3.3542528,0.11888740007267441,0.16914761687779567,0.030797988,0.057413977,25.96577,12.594031
corpus/mgm__hiphop_L5_verb__s2.wav,0.33131483,0.18542747,2532.3241127245324,1708.8132423789873,2.2422082,3.7588356,0.08092334362887597,0.09955190026166742,0.021352215,0.041589122,26.5629,11.145023
corpus/mgm__hiphop_L5_verb__s3.wav,0.13361362,0.10151803,1965.0970381055042,1259.1376240139796,1.8101176,4.0479035,0.05944616036821705,0.06539373107198203,0.018415913,0.03842289,29.310453,12.932058
corpus/mgm__hiphop_L5_verb__s4.wav,0.3187411,0.20513275,2269.495123005003,1455.369722338703,2.2349553,4.2311363,0.06737107860949612,0.06956892605766181,0.026989628,0.048216835,26.753828,13.174326
corpus/mgm__hiphop_L5_verb__s5.wav,0.2721663,0.116052374,2584.128015859731,1722.8525208049325,3.1566153,5.5456314,0.05377074249031008,0.08012837599226566,0.020623175,0.048426934,28.748999,12.688406
corpus/mgm__hiphop_L7_verb__s0.wav,0.20754324,0.16550057,2320.4652792211014,1486.6392002170942,2.591005,5.6346016,0.10719211785368217,0.1139575578636783,0.0504737,0.07705362,26.358498,17.669579
corpus/mgm__hiphop_L7_verb__s1.wav,0.26321828,0.17552239,2613.6740242658616,1867.1622455513418,2.5557246,4.493105,0.11323696402616279,0.1751013336672866,0.052499786,0.09079585,26.972565,16.271318
corpus/mgm__hiphop_L7_verb__s2.wav,0.31165966,0.10778878,3192.043544870182,1485.6736101561771,2.9400167,4.911689,0.06387135113856589,0.05853124584903219,0.018153867,0.03671317,25.177368,9.580487
corpus/mgm__hiphop_L7_verb__s3.wav,0.28119767,0.13517377,1866.8108573761865,1406.4956670129382,1.7656446,2.9962451,0.036871290576550385,0.05652984137279601,0.008653817,0.025406582,33.776337,12.424777
corpus/mgm__hiphop_L7_verb__s4.wav,0.18568659,0.14865229,3827.7913650901237,2141.4848179371666,2.7835734,5.0256276,0.15578253694282945,0.16673850794896267,0.057883233,0.08969801,21.902384,13.246282
corpus/mgm__hiphop_L7_verb__s5.wav,0.25118268,0.14443815,1637.1429960737885,1380.3324809604278,2.3812947,5.0779176,0.050930762475775194,0.0688589329219184,0.014414097,0.033109304,35.097202,16.369854
corpus/mgm__hiphop_L9_verb__s0.wav,0.18953377,0.1277679,3197.957349350139,1422.0600641503593,2.0098054,3.1196244,0.12884228137112402,0.13390437409400566,0.048375003,0.06742884,20.523314,10.5361
corpus/mgm__hiphop_L9_verb__s1.wav,0.058210578,0.06663366,4300.98980775335,1854.4031076893882,1.2167817,1.6912631,0.29363417514534884,0.20282308844853272,0.07224364,0.071593925,17.261868,10.795036
corpus/mgm__hiphop_L9_verb__s2.wav,0.21210784,0.15412058,3589.7838280910164,1556.440369678581,2.4761627,3.8313782,0.1740139746850775,0.1539926042913203,0.06307738,0.07577144,18.494543,10.505431
corpus/mgm__hiphop_L9_verb__s3.wav,0.20433564,0.10469547,3261.5138449037395,1632.0916680975658,1.6355209,2.5217245,0.16104575460271317,0.11900614066492707,0.051094476,0.082043394,22.212418,11.259966
corpus/mgm__hiphop_L9_verb__s4.wav,0.2988456,0.124257855,3643.701642869605,1199.6052567627871,1.7908146,2.5106564,0.0826667726501938,0.08614848511863936,0.024046501,0.044944536,21.593372,7.5262074
corpus/mgm__hiphop_L9_verb__s5.wav,0.16603044,0.11897876,4819.161162015284,1354.0260512497794,2.2819986,4.0507207,0.2549059017684108,0.1552385093065913,0.082056604,0.08400659,14.104523,6.5017157
corpus/mgm__orchestral_L1_verb__s0.wav,0.08031431,0.03573037,1056.058354380233,445.79151501450195,0.7764225,0.23538074,0.05840449370155039,0.03166252968005556,0.00033342576,0.00065027724,39.637638,6.8215365
corpus/mgm__orchestral_L1_verb__s1.wav,0.07992085,0.04465081,934.2275653948014,231.31058065030098,0.954217,0.849761,0.03670853015988372,0.013028540655156432,0.00017733923,0.00022850258,39.855415,4.538611
corpus/mgm__orchestral_L1_verb__s2.wav,0.05802436,0.018449334,1394.4387647263366,297.35677205990436,0.8338816,0.33469397,0.06795853015988372,0.021755136120873347,0.00070162746,0.00055121514,33.519367,5.5497847
corpus/mgm__orchestral_L1_verb__s3.wav,0.03584253,0.012978734,955.3376844551757,293.3155364150759,0.78070563,0.2613272,0.03845763687015504,0.016278614187079238,0.00041653786,0.00053927023,36.182922,4.5670943
corpus/mgm__orchestral_L1_verb__s4.wav,0.036283143,0.029877694,1348.8232649503668,292.536949783514,0.83213526,0.25366428,0.059886749031007755,0.02424221183553545,0.0006212449,0.0005582782,33.798866,4.7362905
corpus/mgm__orchestral_L1_verb__s5.wav,0.083405465,0.0549975,936.7540174115821,240.32357818636433,0.8005914,0.2954356,0.05313635537790698,0.024093069462747432,0.00010477637,0.00013576036,41.35076,3.770942
corpus/mgm__orchestral_L3_verb__s0.wav,0.02148276,0.005952811,1664.5676724742336,414.63127268454866,0.92077285,0.40874422,0.10795141412306201,0.03968005817195669,0.0007383724,0.0005960373,32.323326,3.009311
corpus/mgm__orchestral_L3_verb__s1.wav,0.027901521,0.01868263,1926.640607609897,657.0453233729712,0.80002207,0.27277425,0.08536594597868218,0.034801073559523096,0.0051154536,0.006288402,26.298565,5.945308
corpus/mgm__orchestral_L3_verb__s2.wav,0.037695922,0.0150336595,1453.6987996304113,417.8843944339009,0.8604303,0.24273826,0.07600078730620155,0.028065542298183532,0.0008973674,0.00081539556,34.064728,7.5971317
corpus/mgm__orchestral_L3_verb__s3.wav,0.07472298,0.04257486,1953.0569079532627,495.7425637854565,0.9652312,0.53344315,0.10579162124515504,0.04820421280121178,0.0011304494,0.002148583,31.644186,3.9487653
corpus/mgm__orchestral_L3_verb__s4.wav,0.021092663,0.021372866,1966.5540385703355,300.32363984462916,0.64923173,0.34613386,0.09044520651647286,0.028194824132514788,0.0039803106,0.0053880955,26.954727,4.863062
corpus/mgm__orchestral_L3_verb__s5.wav,0.097351246,0.029883144,2135.9766914323595,274.6909545159206,0.9611449,0.44527876,0.14056330244670542,0.02292907788944376,0.001491677,0.0005052608,28.486137,1.410582
corpus/mgm__orchestral_L5_verb__s0.wav,0.029511927,0.01944724,2555.8521318372614,409.30079257140386,1.1435119,1.3020493,0.13003951671511627,0.03506297835680033,0.013110023,0.013889251,21.673647,5.5561075
corpus/mgm__orchestral_L5_verb__s1.wav,0.08963558,0.0416901,2578.399272590717,378.3756091788339,0.8992886,0.66634583,0.15202731346899226,0.022643128047183044,0.0069999998,0.008587265,23.122414,3.3774338
corpus/mgm__orchestral_L5_verb__s2.wav,0.029695228,0.016515356,1866.1760345066634,517.6480648882577,0.8769966,0.4197237,0.08659194828003876,0.04010778112367815,0.004766379,0.012092598,27.365013,4.9967465
corpus/mgm__orchestral_L5_verb__s3.wav,0.04250322,0.024378877,1414.107737747136,729.0591095348825,0.77547514,0.40267262,0.0842815073885659,0.06621237352409662,0.0007156577,0.00084442087,36.599182,8.079702
corpus/mgm__orchestral_L5_verb__s4.wav,0.03917585,0.021901896,1710.6861485289976,534.4304239051787,0.85810536,0.8417457,0.07164864946705427,0.02791620068401271,0.0076574516,0.019552158,27.09963,6.07527
corpus/mgm__orchestral_L5_verb__s5.wav,0.027674422,0.009184521,1527.2314006007648,717.7885850251348,0.8997983,0.7487266,0.056081183381782945,0.03259175548229052,0.00437171,0.008645086,31.296896,8.735933
corpus/mgm__orchestral_L7_verb__s0.wav,0.08273806,0.04356697,2915.289215464017,1269.30059298237,0.90653294,0.78701425,0.1661651374757752,0.10746718032944852,0.07050113,0.08713474,18.385246,9.943108
corpus/mgm__orchestral_L7_verb__s1.wav,0.09881243,0.0151756415,2013.6267645478754,267.1771251538435,0.9637179,0.4569812,0.14611532521802326,0.02209832509359721,0.0014000201,0.0015966818,29.958696,3.1391928
corpus/mgm__orchestral_L7_verb__s2.wav,0.11607154,0.061481338,2813.797813382871,886.1375479981715,1.0508242,1.4965535,0.14918203427810078,0.07574993100803713,0.010693605,0.009451906,22.11051,5.886127
corpus/mgm__orchestral_L7_verb__s3.wav,0.038222916,0.020156667,2836.008553618467,585.3445350815119,1.2217759,1.3658603,0.19959120639534883,0.03415979740224909,0.005079466,0.013046972,26.857964,4.661666
corpus/mgm__orchestral_L7_verb__s4.wav,0.103262566,0.07484218,3356.781562557935,779.3037914561058,1.22321,1.6139812,0.22499659338662792,0.07255579858340121,0.046895485,0.037454847,15.181444,4.6978855
corpus/mgm__orchestral_L7_verb__s5.wav,0.010945858,0.0065389746,1298.0089069165117,234.1345200401908,0.9054084,0.61253226,0.05497176296027132,0.020888769882469117,0.00082713173,0.000679308,31.935726,3.1190891
corpus/mgm__orchestral_L9_verb__s0.wav,0.11652353,0.065184206,4159.85222807063,585.5551538996674,0.8301741,0.37817428,0.32780023619186044,0.051085469630457396,0.013452527,0.011033697,20.74969,4.82075
corpus/mgm__orchestral_L9_verb__s1.wav,0.06870956,0.026100364,2662.096099977999,620.8198705914008,0.86667424,0.365115,0.13489810440891473,0.05313001199182835,0.020028757,0.027593015,19.94442,5.2022476
corpus/mgm__orchestral_L9_verb__s2.wav,0.06770975,0.05784521,3689.371982257042,1805.4456280902455,0.8823878,1.0517316,0.2611990522044574,0.22196150344489327,0.081960134,0.087424494,14.220955,6.038302
corpus/mgm__orchestral_L9_verb__s3.wav,0.03685041,0.030202406,3315.2581641947713,851.8136932033678,0.91049236,0.87338483,0.20359814074612403,0.07799725728302763,0.037152648,0.04842657,18.600979,7.039795
corpus/mgm__orchestral_L9_verb__s4.wav,0.095600374,0.04373862,2375.378861160934,1083.2133750819062,0.90743595,0.28270894,0.1473655523255814,0.08209219354302831,0.013908852,0.02677323,26.173832,8.167127
corpus/mgm__orchestral_L9_verb__s5.wav,0.23796159,0.11071557,2780.456940766447,467.47693617957265,0.9754316,0.5659792,0.16644826489825582,0.036760666098770385,0.008900675,0.01063865,22.97075,4.70011
corpus/mgm__rock_L1_verb__s0.wav,0.12999515,0.05102651,1968.6580657380055,569.1137744633965,1.2863158,1.6597369,0.07835513565891473,0.03542998821894773,0.007834679,0.011758633,24.73068,6.1203504
corpus/mgm__rock_L1_verb__s1.wav,0.07662022,0.04911925,2506.121945414864,356.2821225489613,1.0654438,0.943323,0.20031227289244186,0.059973646815240894,0.0013692217,0.0023904108,30.333174,3.3176284
corpus/mgm__rock_L1_verb__s2.wav,0.046668276,0.022966873,2574.730899941254,680.3636413494395,0.8774348,0.70768195,0.21700240734011628,0.0975426684317564,0.0043582944,0.012763286,30.838408,7.4338775
corpus/mgm__rock_L1_verb__s3.wav,0.07832073,0.024756389,2426.239717325452,411.20201808703837,0.95907426,1.0535699,0.2047314074612403,0.04799726032668022,0.005194303,0.0069200555,26.1801,5.726407
corpus/mgm__rock_L1_verb__s4.wav,0.10563724,0.028616657,2562.04568155544,283.0291743175945,1.0186732,1.0425254,0.13196765988372092,0.042518846776810934,0.007482583,0.005048042,22.175879,2.865406
corpus/mgm__rock_L1_verb__s5.wav,0.1887333,0.04980519,2138.6804993827172,388.13104590574534,0.9989508,0.99521226,0.11409088844476745,0.04057045356224223,0.0038418234,0.007125463,27.386627,4.7476273
corpus/mgm__rock_L3_verb__s0.wav,0.20625152,0.066348515,2701.3906154517476,1037.4478314126306,1.3258091,2.4491131,0.08973890201065891,0.07146793356273329,0.009833633,0.015698265,25.334843,8.305386
corpus/mgm__rock_L3_verb__s1.wav,0.10476325,0.02640728,2784.439332476876,431.8762873509016,0.95901597,0.8775086,0.16750507206879844,0.0454332634994191,0.007677183,0.007032811,23.779049,5.8604965
corpus/mgm__rock_L3_verb__s2.wav,0.058535222,0.038963314,2770.081912366205,614.7890796370857,1.1433978,1.698824,0.2067352531492248,0.0653451284397119,0.01379113,0.028614735,24.317598,6.708536
corpus/mgm__rock_L3_verb__s3.wav,0.06237199,0.035108343,2536.8178853359072,405.0561582380258,0.7770653,0.32236645,0.17492164789244186,0.06772799173002823,0.0021741071,0.0012180966,27.562037,3.2795634
corpus/mgm__rock_L3_verb__s4.wav,0.19070339,0.06427018,2116.8775952454,459.83990175727547,1.2925681,1.6965322,0.08299910671027132,0.033182413316424575,0.0059225745,0.008449223,26.430256,6.352185
corpus/mgm__rock_L3_verb__s5.wav,0.07420285,0.046781987,2794.6352718032854,631.5646474914084,1.251322,2.2919452,0.1713863402374031,0.06704212785729248,0.019305076,0.031130018,22.153412,7.095507
corpus/mgm__rock_L5_verb__s0.wav,0.15949063,0.054103836,2665.317776081729,538.4875395987078,1.3073776,1.8268257,0.09759265988372093,0.04759643718333494,0.017564487,0.018687572,19.922993,5.1226263
corpus/mgm__rock_L5_verb__s1.wav,0.054440256,0.047989257,3531.356924342845,482.9557317207403,1.0315548,1.4801606,0.26364765019379843,0.06275211145379297,0.059993513,0.047005408,13.973404,4.599269
corpus/mgm__rock_L5_verb__s2.wav,0.21087031,0.040261213,2621.29267967965,342.4717837001965,1.0353315,1.0572319,0.09582424903100775,0.021418001024659603,0.011647098,0.006268389,19.922518,2.2656987
corpus/mgm__rock_L5_verb__s3.wav,0.1741315,0.045229804,2791.0904446581185,229.08991010121204,0.97811097,0.9128532,0.17745200460271318,0.031006568980384775,0.016277585,0.008503273,18.41419,2.1513684
corpus/mgm__rock_L5_verb__s4.wav,0.10358773,0.057228085,2784.4279899413077,360.71357934044545,1.0957297,1.2609764,0.1927185531734496,0.04459816470807246,0.01838143,0.012759413,18.260532,2.8852696
corpus/mgm__rock_L5_verb__s5.wav,0.13522601,0.08055799,3496.565025815617,783.0205740331343,1.351483,2.2162974,0.16875643471414728,0.07253038267865883,0.05359685,0.047185495,14.756514,4.851828
corpus/mgm__rock_L7_verb__s0.wav,0.2652031,0.096682906,2900.7780968922593,396.1849378150016,1.1863228,1.1812664,0.12741528888081396,0.05027608960138602,0.01911974,0.014493975,18.85397,4.314797
corpus/mgm__rock_L7_verb__s1.wav,0.113329366,0.046395272,3190.498070996377,538.0808843795828,1.1633364,1.6591808,0.1817844597868217,0.06595955565488196,0.04660877,0.033320226,14.818187,4.271457
corpus/mgm__rock_L7_verb__s2.wav,0.14435168,0.060140196,3211.088348036267,798.2687952614865,1.2227036,1.5907464,0.12595309471899224,0.07206636137175025,0.03514011,0.047108237,17.659397,5.5645933
corpus/mgm__rock_L7_verb__s3.wav,0.18894286,0.056909394,3103.2528364122027,393.46824529510144,1.0231705,1.0331757,0.19999621487403102,0.05595671932713954,0.016846292,0.015561904,19.633425,4.2552123
corpus/mgm__rock_L7_verb__s4.wav,0.18727598,0.05765034,2774.2124899583205,329.9759364906447,1.129436,1.2811489,0.15983489280523255,0.042492379871195314,0.0145017635,0.0109954495,19.800684,3.8835044
corpus/mgm__rock_L7_verb__s5.wav,0.16213149,0.0830891,2867.3289788827897,729.1785833775415,1.5769683,2.871865,0.14601350532945737,0.067411636870978,0.012919957,0.017421076,22.563574,6.265408
corpus/mgm__rock_L9_verb__s0.wav,0.15213934,0.053801138,3284.752395182152,483.19621848628793,1.050731,1.1589105,0.1907154645106589,0.07755827597433969,0.029237824,0.03216399,17.227571,4.0644393
corpus/mgm__rock_L9_verb__s1.wav,0.13137424,0.04085965,3276.8097538333154,457.5441033740502,0.91126144,0.3575284,0.2401423964389535,0.08398837044166099,0.014911007,0.021188488,22.994642,6.8015995
corpus/mgm__rock_L9_verb__s2.wav,0.16497697,0.034447752,3402.091020118031,332.01108910660935,1.147163,1.1301017,0.25269728076550385,0.04756317018049081,0.03349761,0.016853325,15.409051,2.579148
corpus/mgm__rock_L9_verb__s3.wav,0.08092417,0.054781124,2761.897171244101,806.3559139348977,0.96703666,0.6150247,0.14630647407945738,0.08053886045943429,0.020639274,0.018761469,19.667671,6.056376
corpus/mgm__rock_L9_verb__s4.wav,0.15243243,0.057470996,3860.761334462544,685.8462026084259,0.9494392,0.7269768,0.2551140836967054,0.07162382223487597,0.04694496,0.031446494,15.133142,5.175719
corpus/mgm__rock_L9_verb__s5.wav,0.07473969,0.03442346,4559.047657235677,1099.118060480742,0.8973281,0.5510598,0.34314210876937984,0.11892932268042507,0.12366482,0.079372026,10.657816,4.35004
corpus/mgs__edm_L1_verb__s0.wav,0.08995569,0.04794795,3373.7190966206467,1571.5173787583228,2.554021,4.019611,0.10881101623062016,0.13718023842318636,0.033522405,0.060580157,22.28257,10.035538
corpus/mgs__edm_L1_verb__s1.wav,0.13473693,0.04379627,865.7577437178531,745.9066766393686,1.5773169,2.2769415,0.01439521257267442,0.007950805618300756,0.00037731708,0.00089254143,44.837868,10.328974
corpus/mgs__edm_L1_verb__s2.wav,0.19125152,0.10028224,3546.1627098403414,2330.015021954669,2.713439,4.375468,0.13141503149224806,0.17293827864122346,0.011238163,0.023089007,30.423664,13.747499
corpus/mgs__edm_L1_verb__s3.wav,0.0832988,0.055434,438.45404768589606,355.7846187659537,1.1845909,2.3439894,0.017766624273255816,0.007751579202436992,0.00021690867,0.0007812979,49.27984,9.4118595
corpus/mgs__edm_L1_verb__s4.wav,0.12932882,0.10722191,3378.2771512955883,1887.2048161862576,3.4938757,4.9599376,0.08519561531007752,0.07275800882411501,0.03244568,0.054834418,24.249924,12.334645
corpus/mgs__edm_L1_verb__s5.wav,0.23669872,0.07681948,3393.141521751436,895.2849481665211,2.0948691,2.9582474,0.07555792756782946,0.049920149470746106,0.0061122593,0.008735471,25.471397,5.6548066
corpus/mgs__edm_L3_verb__s0.wav,0.1149023,0.09652998,2230.4560904022615,2201.2393507404345,2.4572182,5.1352344,0.07048926538275194,0.11783084407307616,0.025861228,0.049408462,34.4872,18.797548
corpus/mgs__edm_L3_verb__s1.wav,0.14803876,0.08053055,3448.195012563229,1816.7724035272456,2.7928967,4.3198104,0.09620351865310077,0.08358081678743856,0.019736543,0.034228023,26.47801,13.732083
corpus/mgs__edm_L3_verb__s2.wav,0.09472964,0.046131555,3174.2634379650003,1428.7553457688991,3.2400906,4.520419,0.09772248970445736,0.06865666562974981,0.030961316,0.052106027,23.006607,11.396895
corpus/mgs__edm_L3_verb__s3.wav,0.02181288,0.06467413,2572.1864496619937,1140.9382133847762,0.44038534,1.9396609,0.18052666242732557,0.0880450852308903,0.023999002,0.022099307,17.99595,5.6883435
corpus/mgs__edm_L3_verb__s4.wav,0.117847934,0.09924027,1935.0252609176416,1914.6928300739214,2.7106938,6.2069077,0.07941951308139535,0.13746228646703004,0.033622492,0.06285736,34.78942,20.630228
corpus/mgs__edm_L3_verb__s5.wav,0.05240824,0.053141512,1526.328515515822,1000.6890715042078,2.6446605,4.5705056,0.049861464389534885,0.046919037703397816,0.010825296,0.029153166,33.355446,13.140296
corpus/mgs__edm_L5_verb__s0.wav,0.11282381,0.07928751,3253.081882972649,1957.4511698598849,2.351326,4.1185503,0.13433222807655038,0.1471922738709909,0.04029434,0.05397262,21.960493,11.485324
corpus/mgs__edm_L5_verb__s1.wav,0.4682303,0.20981865,2964.855573935611,1147.8037062630397,1.5025384,1.8950576,0.04695600169573643,0.05612372501772167,0.010046566,0.021658603,27.284115,8.2207
corpus/mgs__edm_L5_verb__s2.wav,0.09114347,0.11604887,3056.251004230616,1871.4471617875004,1.9639983,4.108349,0.18484889777131783,0.15586138523080864,0.08251384,0.10204377,19.381847,13.831171
corpus/mgs__edm_L5_verb__s3.wav,0.12073634,0.053447794,3137.587021528607,1530.6345407631643,2.955497,5.1824765,0.0951663941375969,0.10121749603284276,0.042219486,0.05982401,21.220692,11.08697
corpus/mgs__edm_L5_verb__s4.wav,0.05463042,0.043798577,5002.286608678775,984.618608399672,1.1739135,1.3340545,0.2870631964631783,0.15654064173148272,0.12953128,0.09083658,11.542205,6.470508
corpus/mgs__edm_L5_verb__s5.wav,0.17883469,0.12191291,3702.6505751290156,2328.319519214893,2.1086748,3.433226,0.22949710816375968,0.21102276063576905,0.06050119,0.07732664,23.681574,16.485046
corpus/mgs__edm_L7_verb__s0.wav,0.27258986,0.05441561,3513.6571035269344,676.5848752162352,1.7508187,2.1395133,0.09171435925387597,0.042341010635302524,0.022016836,0.018732164,17.97481,4.0110245
corpus/mgs__edm_L7_verb__s1.wav,0.12764847,0.06276831,5039.618091812173,896.6271425518371,1.644165,2.1932766,0.3086168392684108,0.13918700820872557,0.09415129,0.07393157,12.176093,4.917543
corpus/mgs__edm_L7_verb__s2.wav,0.14243385,0.13646875,3556.383691669581,1785.7180072530832,2.3316655,4.4914856,0.2634417393410853,0.17249787915861764,0.11142081,0.09504951,18.120817,18.14056
corpus/mgs__edm_L7_verb__s3.wav,0.08802125,0.07940309,3326.570085142539,1898.0420007314992,1.4788165,2.6501637,0.16112410671027133,0.1545275596578029,0.08472066,0.09640646,20.718302,15.945538
corpus/mgs__edm_L7_verb__s4.wav,0.2897476,0.085073814,2057.51515817306,962.8097791732079,1.5846905,2.8205566,0.030667847625968993,0.02733446919706149,0.004755613,0.009732348,27.91333,7.148212
corpus/mgs__edm_L7_verb__s5.wav,0.19051974,0.060918603,6615.765314022234,641.6379667673106,1.2047056,1.1656258,0.6067916515261628,0.12571182284649432,0.060039207,0.049703818,13.592701,3.5009274
corpus/mgs__edm_L9_verb__s0.wav,0.04631302,0.043011997,4090.1614352176834,1415.8413838385918,0.8714993,0.6803178,0.25881782945736437,0.1451875581936018,0.09321465,0.065058134,14.599699,10.796933
corpus/mgs__edm_L9_verb__s1.wav,0.07159311,0.07851787,3661.5237137167924,1291.4037411024713,1.6889963,2.2166457,0.21543763626453488,0.1558016180384974,0.11075392,0.105361484,14.2124,8.822966
corpus/mgs__edm_L9_verb__s2.wav,0.24836364,0.1028279,3226.116439204937,924.9906629938793,1.4651588,1.7198282,0.0766620488129845,0.06966643495144641,0.021045867,0.036088802,21.23136,6.5888605
corpus/mgs__edm_L9_verb__s3.wav,0.17185041,0.117319755,3363.4321460456094,1039.2067273660552,1.6316178,2.2240343,0.10502059108527131,0.09223899549808694,0.042350847,0.05590495,19.115667,8.367541
corpus/mgs__edm_L9_verb__s4.wav,0.07964925,0.059333824,4194.703165574377,656.1463165417523,1.2450264,1.520102,0.19112690770348836,0.09002882051954615,0.08020537,0.058836285,12.4741745,4.0726748
corpus/mgs__edm_L9_verb__s5.wav,0.03505015,0.03660522,2464.551740543928,1705.813329970113,1.7370312,2.6594036,0.11297162669573643,0.13558138322452049,0.045358296,0.08133644,25.03469,13.094377
corpus/mgs__folk_L1_verb__s0.wav,0.085642226,0.027819091,1800.2221527457873,714.0677580836174,1.2657541,1.5043668,0.045344295058139535,0.022009226010338924,0.0063286847,0.012417161,27.214216,6.5907445
corpus/mgs__folk_L1_verb__s1.wav,0.026562931,0.027771726,1784.2028294330196,1253.5839594219242,0.7353434,1.3121374,0.07552613250968992,0.0816982850773131,0.011283041,0.026819715,29.506714,10.252218
corpus/mgs__folk_L1_verb__s2.wav,0.1587239,0.09710526,605.5851970992326,278.7020541504234,0.7559594,0.73722816,0.021851532218992248,0.010396342774868138,0.00018612528,0.0008536601,45.343723,6.3745136
corpus/mgs__folk_L1_verb__s3.wav,0.07017511,0.027042631,1486.1615828259685,445.58520091933406,1.144498,1.1474149,0.052966024709302326,0.019445449826164234,0.002710165,0.006242367,30.083073,5.658152
corpus/mgs__folk_L1_verb__s4.wav,0.05347378,0.027741058,1395.1434011132637,382.35003431117735,1.0104986,1.0671661,0.05245881782945736,0.013601419621138667,0.0019737692,0.0026596934,30.048607,5.1316752
corpus/mgs__folk_L1_verb__s5.wav,0.02630814,0.03415269,1312.0716937962711,514.7601162387743,0.74571913,1.3782642,0.048221747819767444,0.03610310889196947,0.0040576635,0.008463006,30.392296,8.205856
corpus/mgs__folk_L3_verb__s0.wav,0.018028973,0.012446546,1050.8478407994419,275.3836813953975,0.9286114,1.1248032,0.07182162972383721,0.024265972205028463,0.0009254755,0.0033532865,35.212425,5.7951612
corpus/mgs__folk_L3_verb__s1.wav,0.052475225,0.033087816,1360.1277091063448,674.2749973908781,0.83919406,0.92725044,0.04995722807655039,0.02471063172544254,0.0025449868,0.009686054,33.56739,8.317185
corpus/mgs__folk_L3_verb__s2.wav,0.08707688,0.04706384,1029.34183397943,510.5616316040128,0.96274227,0.87287617,0.044127377059108526,0.04001326374884634,0.0013638616,0.00535102,34.971825,5.475113
corpus/mgs__folk_L3_verb__s3.wav,0.041488755,0.021556916,1040.4462092392173,348.1631169121522,1.2763191,1.5042945,0.030906689074612404,0.011425917833973332,0.0010100766,0.0015563278,33.488907,5.536337
corpus/mgs__folk_L3_verb__s4.wav,0.06113281,0.025017198,1201.0623420557442,563.5511083070462,0.8909012,0.68262494,0.04270530523255814,0.017881371050769677,0.00070479827,0.001555728,38.37372,8.918941
corpus/mgs__folk_L3_verb__s5.wav,0.040591925,0.012782885,2146.912805854903,645.8279970098072,1.3362057,1.4594227,0.08329283248546511,0.027976287260147028,0.0127507765,0.01928052,23.19897,6.166487
corpus/mgs__folk_L5_verb__s0.wav,0.055655666,0.035033155,2877.494690204672,1064.863155624658,0.84703946,1.1567844,0.25191300266472866,0.15193144149840979,0.0015989171,0.0031299358,30.438385,3.888858
corpus/mgs__folk_L5_verb__s1.wav,0.07715304,0.035242785,1828.2408651224966,508.2105526207675,0.94793504,0.9615661,0.05775912972383721,0.025344922103733767,0.0038053247,0.004661173,26.627499,5.2420735
corpus/mgs__folk_L5_verb__s2.wav,0.035324823,0.045690406,1933.239701342509,433.93835392936586,0.6171334,0.8925268,0.07220203488372093,0.035730241985935746,0.008761738,0.010109418,23.039164,4.698423
corpus/mgs__folk_L5_verb__s3.wav,0.023480061,0.030586261,1246.1704126217478,539.1434127875449,0.56027734,0.6404608,0.048734632388565895,0.03646838544374371,0.0042947303,0.00866131,30.986816,8.477027
corpus/mgs__folk_L5_verb__s4.wav,0.10769925,0.05997162,987.645540551009,354.0539482341233,1.115674,1.2240412,0.024338738493217053,0.007769471206689494,0.0003899262,0.0007868662,38.476906,6.279078
corpus/mgs__folk_L5_verb__s5.wav,0.17817631,0.052146412,1694.571357256105,496.24623841291947,1.1839057,1.1723775,0.03649694161821705,0.012906273603962006,0.0021716042,0.0026419174,29.190376,4.767982
corpus/mgs__folk_L7_verb__s0.wav,0.1373538,0.025088081,2472.590696350999,601.2861641735683,1.0615581,1.0745062,0.1497089238129845,0.07525848353522006,0.005488076,0.007359302,24.87905,4.2869716
corpus/mgs__folk_L7_verb__s1.wav,0.105286084,0.045591068,3387.9750132232534,1250.3323613672717,0.9758927,1.4009914,0.22049229348352714,0.1498802752707681,0.0070898426,0.015240373,25.373058,5.1504
corpus/mgs__folk_L7_verb__s2.wav,0.05718339,0.035096336,1714.0671100942689,656.4188672403973,0.9838827,1.0303575,0.04869223897771318,0.020695601106734306,0.003948429,0.005883623,28.605934,7.4696093
corpus/mgs__folk_L7_verb__s3.wav,0.24949206,0.089217186,1020.3626663646778,470.1174438004554,1.3733776,1.5534804,0.02051689680232558,0.007594067432453051,0.00070515345,0.0016224089,37.851532,7.286756
corpus/mgs__folk_L7_verb__s4.wav,0.21365905,0.043129213,1987.059620886369,360.48342550429146,1.142476,1.1539959,0.04458613432655039,0.011551060683755774,0.00440897,0.003965376,24.82125,3.2209342
corpus/mgs__folk_L7_verb__s5.wav,0.06483339,0.041829117,4073.803520188347,804.2707616824492,0.82104045,0.51917636,0.22712383418120155,0.10791005530595796,0.08264679,0.051471107,12.062229,3.809915
corpus/mgs__folk_L9_verb__s0.wav,0.17094168,0.06683876,1138.6031001921483,252.99049858160765,1.1337109,1.0145916,0.02024474624515504,0.0061730993251235345,0.0005072179,0.00053275545,34.75476,3.922436
corpus/mgs__folk_L9_verb__s1.wav,0.056717142,0.04078408,2869.7644450944217,1016.5887006088406,0.7239584,0.6107996,0.08250211967054263,0.0406973959968537,0.021354152,0.018781956,19.743975,6.892537
corpus/mgs__folk_L9_verb__s2.wav,0.072207615,0.060397234,1690.6345965952537,337.6251898780375,0.81112355,0.98182577,0.05240166242732558,0.02655667434970899,0.0031930148,0.00625523,27.893759,4.888558
corpus/mgs__folk_L9_verb__s3.wav,0.10045175,0.034102216,2346.779495720758,711.3409567998989,1.34785,1.4369731,0.06824884932170543,0.03738932456407293,0.006942188,0.011898045,25.061893,5.3697867
corpus/mgs__folk_L9_verb__s4.wav,0.10064218,0.024204092,2226.943673007792,560.1969842769502,1.0874821,1.052073,0.05586618822674418,0.02488406062749304,0.0062888074,0.009224202,24.384865,4.9843
corpus/mgs__folk_L9_verb__s5.wav,0.21928881,0.10735193,1723.8399111323304,698.7915402284619,1.1683201,1.1933523,0.04998258842054264,0.04886127288971565,0.008060841,0.019755961,27.158255,6.702823
corpus/mgs__hiphop_L1_verb__s0.wav,0.35137215,0.20734015,1487.017474150881,1660.9183354554427,2.3534474,4.2435474,0.02215812742248062,0.04810022465078574,0.0058159875,0.024377942,43.472553,16.63572
corpus/mgs__hiphop_L1_verb__s1.wav,0.031013232,0.04180883,2195.6593282311724,2108.3610823631084,1.0234036,1.8948073,0.10568185259205426,0.12257791543646401,0.013484819,0.032260988,33.22692,13.211122
corpus/mgs__hiphop_L1_verb__s2.wav,0.13391326,0.1062609,1386.0860036542197,1807.489594296873,1.9273025,4.2031307,0.028670436652131783,0.051236524645581184,0.0061863656,0.022803701,44.283836,16.77371
corpus/mgs__hiphop_L1_verb__s3.wav,0.16260964,0.07956257,685.330491030577,848.992572825765,1.5802054,3.3982222,0.009594158793604651,0.009557862956624467,0.0007583032,0.00301852,48.616547,13.20051
corpus/mgs__hiphop_L1_verb__s4.wav,0.19536723,0.16425736,2797.31355859738,1549.799660046607,3.300418,5.341203,0.14249598776647288,0.09821263094335456,0.021559786,0.041989483,26.988989,14.091786
corpus/mgs__hiphop_L1_verb__s5.wav,0.10527596,0.085458934,2371.1503239776043,1747.769343029027,1.9897548,3.7577324,0.06326043180717054,0.08694862388138237,0.013666372,0.034175478,33.01547,15.424516
corpus/mgs__hiphop_L3_verb__s0.wav,0.12786512,0.16947307,1955.1550395936406,1267.6685433297785,1.9093881,4.64886,0.07500832727713179,0.0631693561303191,0.023630138,0.038461097,27.595125,16.741407
corpus/mgs__hiphop_L3_verb__s1.wav,0.44761807,0.13572712,780.6030751023884,961.6880538969191,1.4276006,2.3440151,0.013732815528100776,0.02612610453377388,0.000285813,0.0009453927,49.589104,12.246699
corpus/mgs__hiphop_L3_verb__s2.wav,0.09660162,0.05870368,3479.515762193599,2047.1465921843526,2.6210227,4.2873664,0.10739537911821706,0.1009803151607853,0.025035642,0.0547103,27.172245,13.240453
corpus/mgs__hiphop_L3_verb__s3.wav,0.11218654,0.13354006,954.9596477796789,1411.4712602075383,1.3732663,3.3960357,0.0364254027374031,0.06576573997662043,0.011872745,0.03607169,46.42951,18.315628
corpus/mgs__hiphop_L3_verb__s4.wav,0.33001304,0.10729092,937.936408986883,1152.4204470246875,1.7955983,2.8757813,0.01341751453488372,0.01574717189370785,0.0012699815,0.0035834166,46.541176,14.106559
corpus/mgs__hiphop_L3_verb__s5.wav,0.32106888,0.22399077,1784.3227285089943,1917.340085332886,1.8486035,3.6745172,0.07618058078972868,0.12636834657245022,0.02699313,0.06745255,37.587246,18.214228
corpus/mgs__hiphop_L5_verb__s0.wav,0.10878431,0.0976115,3274.2107474045315,1718.2244841192226,2.1745534,4.085875,0.11775753997093023,0.11935145444875069,0.031352174,0.05263464,23.613684,11.415572
corpus/mgs__hiphop_L5_verb__s1.wav,0.24042864,0.1983146,2239.7464380683023,2036.1798656312722,2.2746851,4.0358787,0.08267131480135659,0.12448694697666798,0.022691082,0.04649901,33.8563,18.06118
corpus/mgs__hiphop_L5_verb__s2.wav,0.5388529,0.12897843,870.4937222309118,1010.979400454589,2.1477108,3.8715174,0.021637672601744186,0.06078939111362829,0.005160675,0.026864694,43.869324,14.445091
corpus/mgs__hiphop_L5_verb__s3.wav,0.19886397,0.22270083,2165.1772166892206,1530.7464741549015,1.4972888,3.4993773,0.11023498062015503,0.10627727694349995,0.041127354,0.06724091,28.127865,18.710709
corpus/mgs__hiphop_L5_verb__s4.wav,0.33591613,0.21339749,862.6317545587433,963.8470951872675,1.4589075,3.3374243,0.008990809714147287,0.010291192029188607,0.0013729045,0.0046036164,45.261696,13.697709
corpus/mgs__hiphop_L5_verb__s5.wav,0.39811108,0.18113357,1841.6524227997693,1554.7046947948295,2.8125951,5.444713,0.05640178355135659,0.10099107118170782,0.016771534,0.043458756,35.763226,17.265902
corpus/mgs__hiphop_L7_verb__s0.wav,0.19517784,0.16256534,1875.3883246144756,1522.7664951994846,2.141502,4.2669253,0.053929717781007754,0.06798145756308092,0.018546524,0.03852458,29.972197,13.059064
corpus/mgs__hiphop_L7_verb__s1.wav,0.12111557,0.11764789,3358.4141589089104,1775.304978701846,2.1050186,3.2772849,0.12903570130813954,0.11877867737233301,0.032186374,0.05457163,23.277353,10.753105
corpus/mgs__hiphop_L7_verb__s2.wav,0.20011169,0.19540694,1968.7275929400134,1938.537061615388,2.1621382,4.4250193,0.12697167211724805,0.15175911654748164,0.033408407,0.058915522,35.77152,22.036758
corpus/mgs__hiphop_L7_verb__s3.wav,0.2391332,0.09982051,1691.5949695281547,1166.2027704557984,2.9261348,5.209264,0.030964601501937986,0.04792443111922131,0.008431663,0.022680014,33.416588,13.636974
corpus/mgs__hiphop_L7_verb__s4.wav,0.3475773,0.1358937,1818.5313981625904,1552.0196907738166,2.6743276,4.6583786,0.02379405886627907,0.023202918318338497,0.0035900448,0.008164048,37.936943,14.993346
corpus/mgs__hiphop_L7_verb__s5.wav,0.2336185,0.14440078,2587.863775766838,1570.7445788315222,2.4240918,4.3521695,0.07558215237403101,0.07400092546380703,0.027924864,0.04501041,25.8542,14.242972
corpus/mgs__hiphop_L9_verb__s0.wav,0.13904397,0.1112841,3589.5814198838525,1486.5962443924705,1.8534827,3.268027,0.12834037366763565,0.12029000068548942,0.038826726,0.05260893,20.545103,10.042745
corpus/mgs__hiphop_L9_verb__s1.wav,0.43456492,0.13732257,1029.5089934444502,1180.22092465411,1.2909889,2.2989588,0.017394546390503876,0.04404410816526679,0.005239637,0.024894198,46.32672,16.852465
corpus/mgs__hiphop_L9_verb__s2.wav,0.25512025,0.115185164,2367.2430002987967,1264.0057813929916,2.5107903,4.090795,0.04091418362403101,0.03930199904001646,0.010767519,0.024952138,27.67477,8.998398
corpus/mgs__hiphop_L9_verb__s3.wav,0.2751736,0.14280096,3058.848436203421,1445.7106162109224,2.6122482,4.4262724,0.059767139050387594,0.06753595033285713,0.018246159,0.035148326,26.237688,11.823597
corpus/mgs__hiphop_L9_verb__s4.wav,0.40698323,0.061790083,1727.4710624156196,1509.6128685271578,3.108564,5.453951,0.019499454941860464,0.019111475343167664,0.004351728,0.011588978,39.446144,15.680449
corpus/mgs__hiphop_L9_verb__s5.wav,0.35513496,0.07574612,2079.346364660105,1171.8915803644,2.6433907,3.9464622,0.025956122819767443,0.023941147555772493,0.005482227,0.010978572,29.668009,9.267482
corpus/mgs__orchestral_L1_verb__s0.wav,0.074357666,0.03709805,1806.6493530333187,1114.2737186935144,0.8325021,0.2365839,0.07362675629844961,0.07355673961263393,0.01518946,0.039021965,30.936386,10.083344
corpus/mgs__orchestral_L1_verb__s1.wav,0.051660653,0.027934536,464.2764644811356,580.60864927381,0.55992687,0.3004121,0.022013914123062014,0.03281697816850107,0.0002137552,0.0004872739,52.3985,12.401744
corpus/mgs__orchestral_L1_verb__s2.wav,0.019796241,0.007307466,712.9959590494192,173.91972570043822,0.71427995,0.24745815,0.033894289001937986,0.008046136245498695,9.8655364e-05,0.00017112265,42.15199,4.271739
corpus/mgs__orchestral_L1_verb__s3.wav,0.054655,0.034322873,1403.6309304770955,196.58949329682505,0.8112176,0.29708382,0.0588859617248062,0.010798609725500556,0.0007217579,0.0013516957,32.908756,3.333969
corpus/mgs__orchestral_L1_verb__s4.wav,0.032430198,0.009873268,1042.3989261183033,230.07737461500136,0.8013288,0.24388665,0.04446008963178295,0.012052729677406792,0.0004017319,0.00027611922,35.215443,3.7371345
corpus/mgs__orchestral_L1_verb__s5.wav,0.06657574,0.044905405,1305.3433067168817,350.0581934093987,0.7671505,0.25764692,0.04427953912306202,0.01502261641328814,0.0010836239,0.0009917652,31.874851,5.4105053
corpus/mgs__orchestral_L3_verb__s0.wav,0.052452624,0.038667016,1578.1655172320966,380.4210122145326,0.6319987,0.32268205,0.061853121971899225,0.03218018687717659,0.0040510786,0.00994257,29.414104,6.025239
corpus/mgs__orchestral_L3_verb__s1.wav,0.0487745,0.015751526,1353.2417784501463,146.58513191722,0.8041298,0.24837887,0.050892911216085274,0.014052902079277257,0.0007823427,0.0004394997,31.69928,2.3943717
corpus/mgs__orchestral_L3_verb__s2.wav,0.03607168,0.014453251,1431.8515107094015,254.07984192872502,0.7261514,0.2306888,0.05697258054748062,0.014449137126332959,0.0011720462,0.00092745066,30.645973,3.6829731
corpus/mgs__orchestral_L3_verb__s3.wav,0.051435735,0.008764759,1900.315306979329,173.32644429362338,0.78496337,0.22335291,0.07315929324127907,0.01569459671693603,0.0030329598,0.0017173177,25.742043,2.1919131
corpus/mgs__orchestral_L3_verb__s4.wav,0.15639666,0.14467928,638.3044730789081,381.48434550944614,0.6016593,0.22293355,0.025290319161821704,0.011858678392432112,0.00013739988,0.00058216235,48.354233,11.898161
corpus/mgs__orchestral_L3_verb__s5.wav,0.042728603,0.011608822,1420.9097799491665,237.07046417628254,0.75470114,0.24560976,0.04723572250484496,0.016518432064938113,0.0015140251,0.0010558384,29.136059,2.8393192
corpus/mgs__orchestral_L5_verb__s0.wav,0.039248902,0.03688741,1125.2700566392396,742.0519845064035,0.6962159,0.61175567,0.07436939801356589,0.05528026435927102,0.0047343397,0.021418529,40.486366,10.260626
corpus/mgs__orchestral_L5_verb__s1.wav,0.09872809,0.04127458,1829.3220449761668,431.62418524370065,0.9333704,0.8594278,0.05768607679263566,0.02076670462963405,0.005972933,0.00617316,24.36565,4.708535
corpus/mgs__orchestral_L5_verb__s2.wav,0.0593314,0.03857677,1378.1283295053172,380.1314192902747,1.2455366,1.8934712,0.050339525799418604,0.013167653443975769,0.002956884,0.0057386183,30.056068,6.3431034
corpus/mgs__orchestral_L5_verb__s3.wav,0.053070683,0.024695123,1056.19582439916,236.48726932189118,0.77506566,0.25085062,0.03917113311531008,0.010049942560825273,0.00042265447,0.00045382403,35.379433,3.7756732
corpus/mgs__orchestral_L5_verb__s4.wav,0.049528774,0.029385459,914.0765874185163,565.8645114364668,0.914606,1.1208684,0.03849738069282946,0.021534834508450947,0.0011730094,0.003007336,40.534817,12.459795
corpus/mgs__orchestral_L5_verb__s5.wav,0.022066526,0.015616296,761.9502973895517,351.8323521113314,0.86671656,1.3578068,0.03587315285852713,0.014539596838326108,0.00041997668,0.0007386486,41.012245,8.727069
corpus/mgs__orchestral_L7_verb__s0.wav,0.08096454,0.024328155,2809.0441840608414,458.4779761365432,1.0390861,0.9734668,0.09828117429748062,0.03125905926110208,0.025040483,0.022279892,17.318155,3.5637395
corpus/mgs__orchestral_L7_verb__s1.wav,0.064791664,0.033604894,2512.9884328025423,808.3726308373023,1.1973866,1.5530113,0.11646681201550388,0.05382338214055444,0.025974335,0.041481186,20.57131,6.7535524
corpus/mgs__orchestral_L7_verb__s2.wav,0.016938996,0.022562895,1855.2507426367606,641.5711541491058,0.56029093,0.68731064,0.11203935016957364,0.052821847630731195,0.013937447,0.024063382,23.105268,7.364776
corpus/mgs__orchestral_L7_verb__s3.wav,0.056799635,0.037084933,1145.752157036058,415.2315084792001,0.90151083,1.0581331,0.04723950763081396,0.026166294554912754,0.00057019456,0.00095678464,37.14041,7.2061634
corpus/mgs__orchestral_L7_verb__s4.wav,0.0713555,0.018043993,1971.5758580748295,353.49865224744025,1.0510656,0.79990256,0.09459597565406977,0.03761651504591766,0.0037125642,0.0031709184,25.532358,3.2429767
corpus/mgs__orchestral_L7_verb__s5.wav,0.053740073,0.040972847,4637.091834726377,1035.3081095497848,1.0792636,1.2309531,0.3036677870639535,0.1366795114882712,0.11594548,0.074480414,10.825847,4.261326
corpus/mgs__orchestral_L9_verb__s0.wav,0.040858343,0.01039905,2316.3932368815936,351.05475789980017,0.86954886,0.6831473,0.09268865067829457,0.025982358730625463,0.014069215,0.009232461,19.498158,3.1086788
corpus/mgs__orchestral_L9_verb__s1.wav,0.024390623,0.011117993,2546.701566079127,995.4367355451452,0.95064044,0.63051754,0.14167196584302325,0.06087997651531164,0.050833426,0.05828604,20.998474,11.216396
corpus/mgs__orchestral_L9_verb__s2.wav,0.050201345,0.017100103,1477.921966486043,270.1007354299955,0.98779076,0.84853745,0.052276753270348836,0.013424564225861012,0.0019737363,0.0016411641,28.549133,3.8819573
corpus/mgs__orchestral_L9_verb__s3.wav,0.020263266,0.0110833,1453.1356259608176,268.83935376481196,0.9156837,0.40010536,0.08830888141957365,0.021711258672987097,0.00037373428,0.00044793208,35.952507,3.8027482
corpus/mgs__orchestral_L9_verb__s4.wav,0.21387427,0.1504464,923.7900436121288,268.8596850448473,0.6863129,0.28341037,0.026203291545542635,0.012224730232418893,0.00027719536,0.00055289216,37.971104,3.9441803
corpus/mgs__orchestral_L9_verb__s5.wav,0.046867564,0.027261963,1268.3353426994438,609.8115075365181,1.011131,1.4091,0.05119685683139535,0.025307198513377906,0.0041335807,0.009100293,34.16525,10.971658
corpus/mgs__rock_L1_verb__s0.wav,0.11947362,0.037123013,2517.93404012867,372.78937121883354,0.9664094,1.0486363,0.20540705244670543,0.04398200366028595,0.0019562976,0.0038284224,30.279139,4.5447936
corpus/mgs__rock_L1_verb__s1.wav,0.060681585,0.02140929,2409.3335703187727,331.42936982981774,0.84442127,0.6866557,0.16229636022286822,0.05407866793456203,0.0013145164,0.0007844393,29.664783,3.0550864
corpus/mgs__rock_L1_verb__s2.wav,0.07199692,0.01880696,2514.30256220552,165.16044093453996,0.8104878,0.38159454,0.16950664668120155,0.037310676150822224,0.0026599562,0.0015357607,26.334387,2.2495983
corpus/mgs__rock_L1_verb__s3.wav,0.08086242,0.044466298,1259.3632937948448,480.2244460359444,0.85667336,0.8122048,0.06285882994186047,0.027037088918388463,0.0005288552,0.0009741418,38.251442,8.196809
corpus/mgs__rock_L1_verb__s4.wav,0.059662823,0.043451548,816.6146170302884,332.17462874483573,0.7025219,0.71562654,0.03865938408430233,0.01984887831254788,5.038989e-05,0.00016217383,46.385822,5.0920534
corpus/mgs__rock_L1_verb__s5.wav,0.124383025,0.03478534,1892.6226188453672,429.8391467790512,1.1456093,1.3311205,0.08402071220930232,0.03440476394706426,0.0031831851,0.0054022362,29.414387,6.2802362
corpus/mgs__rock_L3_verb__s0.wav,0.22047219,0.0817655,1737.1521084163555,692.5455720452188,1.391606,2.3129666,0.10324953064437985,0.07826263356558982,0.0018716623,0.0036664482,33.210213,9.164216
corpus/mgs__rock_L3_verb__s1.wav,0.05516342,0.03044372,2719.925136669099,288.60358958050324,0.7731062,0.46032852,0.15397362524224806,0.045944022890014105,0.021057608,0.01850555,17.936857,3.0872338
corpus/mgs__rock_L3_verb__s2.wav,0.0771399,0.023321383,2037.7443227763908,264.96681536599993,0.86044914,0.4659593,0.18256419573643412,0.03535085253655909,0.0005035751,0.0004962637,35.29317,4.9120426
corpus/mgs__rock_L3_verb__s3.wav,0.15251042,0.05507459,2080.7087601964254,511.4600287907735,1.2293404,1.6401912,0.14002808563468994,0.06630974983120032,0.0033374429,0.008713826,31.737194,7.2014747
corpus/mgs__rock_L3_verb__s4.wav,0.25706783,0.10271743,2208.6363030565117,647.5017813980539,1.0230448,0.7203646,0.1153316527374031,0.07701459601503154,0.0035568455,0.0068980893,29.730232,6.990709
corpus/mgs__rock_L3_verb__s5.wav,0.1423595,0.10268163,1905.7977630191472,924.623970920089,0.67416066,0.6450793,0.12496139171511628,0.1084591137640564,0.00205364,0.0064361966,35.123917,10.601337
corpus/mgs__rock_L5_verb__s0.wav,0.10678179,0.037615445,2612.6822362733674,346.9275001312593,1.2136879,1.4726952,0.13395485101744187,0.03830208396870428,0.018804133,0.016998535,18.822174,3.6997743
corpus/mgs__rock_L5_verb__s1.wav,0.31483236,0.08733818,2647.094646679727,942.6674411258881,1.1118026,1.1307375,0.07009750484496124,0.047067743538475905,0.013855025,0.016854726,23.309338,7.67212
corpus/mgs__rock_L5_verb__s2.wav,0.16822514,0.056661602,1963.569379781376,367.72567247500785,1.0090486,1.1571966,0.06190081455910853,0.04358455270500648,0.0053061945,0.007950079,25.394283,4.5847683
corpus/mgs__rock_L5_verb__s3.wav,0.04475503,0.032196797,2424.296800749749,441.3972448827827,0.8853663,1.1288719,0.15511408369670543,0.04051578516329085,0.018815834,0.020480368,20.051256,5.633538
corpus/mgs__rock_L5_verb__s4.wav,0.034081742,0.03651223,3304.2624443907225,633.8221109287425,0.77173257,0.9637825,0.20109352289244187,0.07171475603420449,0.03988718,0.040442113,16.059523,4.539958
corpus/mgs__rock_L5_verb__s5.wav,0.062173415,0.020217577,3915.7644838122,821.5032970528393,1.1063571,1.1498592,0.2836331153100775,0.06734322383401634,0.10354274,0.076135814,12.387,5.908402
corpus/mgs__rock_L7_verb__s0.wav,0.06092385,0.035308033,2720.9853619244204,821.6427236637752,1.232359,2.1073942,0.12302567829457364,0.07235989954786047,0.026065737,0.04033631,20.733215,7.459589
corpus/mgs__rock_L7_verb__s1.wav,0.26868287,0.036226418,3214.9071838821,226.7803722828921,1.0909601,0.8908258,0.25729431625484495,0.04014775157120007,0.011475418,0.015433377,20.797533,3.1798487
corpus/mgs__rock_L7_verb__s2.wav,0.21857172,0.09291756,2709.1446847795205,490.8821113351818,1.2351645,1.6163604,0.16119715964147288,0.04708032630663749,0.013802088,0.018638453,21.299435,4.807778
corpus/mgs__rock_L7_verb__s3.wav,0.30771244,0.13359965,3444.040502473041,510.3355491064016,1.0416064,0.81348914,0.2311947371608527,0.03595783383775775,0.025489194,0.021254392,17.75021,4.3710437
corpus/mgs__rock_L7_verb__s4.wav,0.13125263,0.0440794,2677.8537424184033,403.49048204947434,1.066279,1.0789031,0.1334502937257752,0.05297368989357071,0.021531053,0.023568334,18.717567,4.178673
corpus/mgs__rock_L7_verb__s5.wav,0.14451195,0.072493896,2982.897260527812,517.1079503728372,1.2042477,1.3836613,0.23706546753875968,0.05482153260837421,0.017182963,0.024646096,19.609005,3.6156585
corpus/mgs__rock_L9_verb__s0.wav,0.063825205,0.04331824,3282.1762188751836,642.9874676258845,0.7547869,0.841472,0.16439218447189924,0.08829231923582978,0.053921167,0.050575167,14.025091,3.311812
corpus/mgs__rock_L9_verb__s1.wav,0.17037939,0.12670603,2661.0618913513827,1073.7261125575844,0.6468486,0.47601867,0.11526352046996124,0.06171526723229885,0.034500062,0.02659202,20.923592,13.069379
corpus/mgs__rock_L9_verb__s2.wav,0.2336562,0.036269713,3842.139340005685,277.42949834403686,0.9781338,0.58272433,0.205619019500969,0.040472627756333195,0.03399322,0.014404455,15.076489,1.8755187
corpus/mgs__rock_L9_verb__s3.wav,0.104392566,0.03554824,3021.1666483761105,325.6437175870976,0.9734677,0.81597364,0.15831630026647286,0.04354897569479428,0.022304274,0.020628998,18.142164,3.832883
corpus/mgs__rock_L9_verb__s4.wav,0.0779232,0.078458235,1436.7203360409505,508.427943431257,0.6483902,0.68871456,0.07054869186046511,0.05406122042312513,0.0005649435,0.00071047386,35.14133,5.5709724
corpus/mgs__rock_L9_verb__s5.wav,0.016052948,0.022402985,3162.9467939846054,893.4761478570605,1.0027077,1.1768173,0.15770575944767443,0.07916005559515317,0.04323121,0.045957915,16.738543,5.8356113
corpus/sa3s__edm_L1_verb__s0.wav,0.086358845,0.060258918,2272.6975732279425,1004.122528578114,2.0553215,3.193761,0.06772256857101393,0.057204173023089874,0.013967903,0.02537993,24.017605,7.7236133
corpus/sa3s__edm_L1_verb__s1.wav,0.11190996,0.07787036,1035.5620523743657,744.2747554304707,1.6345227,2.8189056,0.03395482113486842,0.01606163431925466,0.0019126658,0.004476756,38.55166,12.833628
corpus/sa3s__edm_L1_verb__s2.wav,0.08750488,0.04410353,2555.578704520041,953.8965231716002,2.333542,3.2350883,0.0848105226876935,0.0607878864881818,0.027459992,0.036919355,19.884832,6.939164
corpus/sa3s__edm_L1_verb__s3.wav,0.12302793,0.078526616,2077.146126459701,1595.4349541747445,2.572955,4.199303,0.05533299874226006,0.06711320860856622,0.015685761,0.03505932,29.082283,11.939568
corpus/sa3s__edm_L1_verb__s4.wav,0.1737716,0.071959265,1524.1986943591373,717.5626970416188,1.766568,2.8689773,0.023969620743034055,0.025716564525728416,0.0027330674,0.009605509,31.754946,7.7959104
corpus/sa3s__edm_L1_verb__s5.wav,0.14008254,0.09322434,1270.7703107180143,935.4919186817773,1.7866892,2.9589908,0.03290569671536378,0.024831435687764743,0.0027796277,0.010494779,37.64572,11.790577
corpus/sa3s__edm_L3_verb__s0.wav,0.1533393,0.06714561,2089.289006515692,898.8897815967059,2.359331,3.2513008,0.048325482536764705,0.03038462683564307,0.011927314,0.019598123,24.465897,7.663045
corpus/sa3s__edm_L3_verb__s1.wav,0.15768252,0.04339585,1775.2925987213723,770.9177689791193,2.2400386,2.9935668,0.031660050430534055,0.01686636597212205,0.0061804303,0.010453641,27.313358,7.0031075
corpus/sa3s__edm_L3_verb__s2.wav,0.12210301,0.071708925,2505.475584548557,1073.5521462602155,1.488373,2.2296445,0.08625155705785603,0.04809546813856969,0.019579327,0.026081095,22.050306,8.114982
corpus/sa3s__edm_L3_verb__s3.wav,0.119383775,0.04088858,2640.419483352512,1162.323102821529,2.2086158,2.8549783,0.0724133943256579,0.060252281742267,0.021958224,0.031702667,21.317942,7.4008694
corpus/sa3s__edm_L3_verb__s4.wav,0.17961475,0.06898122,1557.1592822631128,888.5520300501415,2.1924698,3.0009077,0.03890981762770898,0.021668817475940492,0.005892159,0.011018104,28.863647,8.174386
corpus/sa3s__edm_L3_verb__s5.wav,0.1348898,0.07567836,1848.9571064252927,1218.7852547341265,1.9237267,3.0255392,0.06255442143962849,0.06375266821071135,0.015704516,0.030472463,28.136766,12.894789
corpus/sa3s__edm_L5_verb__s0.wav,0.10556583,0.0674084,3001.235710824142,963.7247253902478,1.5288109,2.192108,0.10878845781733747,0.07332585258437072,0.029663067,0.039126433,18.332104,5.64065
corpus/sa3s__edm_L5_verb__s1.wav,0.07847986,0.04991784,3043.055154355457,978.6369431076416,1.4357241,1.7810752,0.14303579419020898,0.0938381236785297,0.05768797,0.060460683,16.429218,7.417964
corpus/sa3s__edm_L5_verb__s2.wav,0.21411273,0.0803737,3210.5616096036033,750.7843455447922,1.6271107,2.1516488,0.1034615814870356,0.06927628881807439,0.053004783,0.05740859,15.816783,5.987918
corpus/sa3s__edm_L5_verb__s3.wav,0.19691725,0.11183345,2716.2851717340272,1051.3461825516779,1.4379197,1.8982784,0.0891426960381192,0.06053240792733006,0.024795437,0.03325644,21.36945,10.068591
corpus/sa3s__edm_L5_verb__s4.wav,0.23974225,0.07379172,2879.5102627045208,899.5124983089472,1.7669361,2.3853273,0.08784111660700464,0.05711591268323654,0.041016735,0.047832057,17.503084,7.043488
corpus/sa3s__edm_L5_verb__s5.wav,0.12224874,0.03188643,2888.3504118575543,823.8219881653786,1.4376311,1.6689119,0.0954332853618421,0.05322140356621618,0.03488714,0.038974404,17.389927,5.505368
corpus/sa3s__edm_L7_verb__s0.wav,0.14155221,0.08602993,3309.27955876259,1456.6046255941865,2.3102586,3.8243196,0.14034986938854488,0.1710687715144849,0.04452906,0.06684416,19.281466,8.523049
corpus/sa3s__edm_L7_verb__s1.wav,0.17262304,0.06917587,3351.5707336129044,842.7045618755525,1.5115656,1.6075568,0.1049691309500774,0.058773501701151164,0.045407373,0.04644583,16.585482,6.63866
corpus/sa3s__edm_L7_verb__s2.wav,0.15175532,0.08422531,3322.899494755148,1165.056361627381,2.3040957,3.5421805,0.13318437983746131,0.1070115636722192,0.060189523,0.07035294,17.147346,8.923292
corpus/sa3s__edm_L7_verb__s3.wav,0.17851566,0.10279018,3167.7453840630783,953.815608457792,1.4128295,1.7133971,0.12397203947368421,0.09787636123265094,0.046386015,0.052973364,16.58197,5.9790654
corpus/sa3s__edm_L7_verb__s4.wav,0.13520777,0.081111625,2757.8601493130327,1595.9356570793298,2.090459,3.4712374,0.13381400565982973,0.15797064513086165,0.054754015,0.0779459,19.822275,10.348947
corpus/sa3s__edm_L7_verb__s5.wav,0.11981853,0.06186479,2936.172549902579,1406.3054016747124,3.0278413,4.590521,0.08249194260352168,0.0742824938664296,0.04118056,0.057514045,20.45514,10.482387
corpus/sa3s__edm_L9_verb__s0.wav,0.21090077,0.067739636,2750.7202289659917,686.1198716818011,2.0893292,2.8530788,0.07165036039086688,0.057616618395994065,0.031820346,0.037613783,18.238514,5.75574
corpus/sa3s__edm_L9_verb__s1.wav,0.11154573,0.05106548,3294.970892435297,941.3641469653363,1.8998789,2.5940187,0.09236338706946594,0.0723799745984762,0.029088607,0.03397146,18.05505,5.4095583
corpus/sa3s__edm_L9_verb__s2.wav,0.17699629,0.072248295,3165.9890058842298,955.8221808211896,2.061736,2.8638732,0.10870758151122291,0.08614876555043778,0.045053665,0.055254813,16.853035,6.3864536
corpus/sa3s__edm_L9_verb__s3.wav,0.122808404,0.047474574,3183.144368481858,890.6543323011931,2.1795878,3.4185433,0.09601907169117647,0.07988021910806656,0.04398911,0.05521132,17.379251,6.687873
corpus/sa3s__edm_L9_verb__s4.wav,0.18352689,0.074911006,3709.4429778799517,744.1312457023549,1.546934,1.9661641,0.14045266544117646,0.0703155929714795,0.05667862,0.047566842,14.52368,5.022394
corpus/sa3s__edm_L9_verb__s5.wav,0.13549079,0.066767305,3034.0699397884687,1409.1703324978728,2.4764273,4.095399,0.1219028909878096,0.11390262883513481,0.04385042,0.055297002,19.708157,10.952753
corpus/sa3s__folk_L1_verb__s0.wav,0.09519696,0.045264576,749.3931529975118,357.424260708938,0.9202463,1.1927394,0.02568729743130805,0.012830803309713144,0.00039638043,0.004287432,40.68584,6.412151
corpus/sa3s__folk_L1_verb__s1.wav,0.061767165,0.04115874,1342.3554122577877,611.6467932470069,0.874017,1.3837962,0.04204471930630805,0.03046762990430474,0.0027801434,0.017149867,32.263237,5.9180984
corpus/sa3s__folk_L1_verb__s2.wav,0.110729545,0.065012,1161.0471307205291,554.5371087964015,1.121707,1.5465518,0.03279647590944272,0.01709036143984322,0.0010873766,0.0021622914,34.538704,7.7647395
corpus/sa3s__folk_L1_verb__s3.wav,0.09281957,0.046542425,972.8137735393091,512.9431236333098,0.93812025,1.1452864,0.030834280669504645,0.02385175301427804,0.0014034283,0.009552358,35.972286,6.6285787
corpus/sa3s__folk_L1_verb__s4.wav,0.11916654,0.05008385,1174.1629122174595,518.0923338250301,1.0185062,1.275623,0.03367553333010836,0.018189571678189916,0.0011737949,0.004185481,34.042484,6.921363
corpus/sa3s__folk_L1_verb__s5.wav,0.06614226,0.031239633,1799.515158536728,680.1190271282313,1.0203713,1.3547857,0.05257073275445046,0.04169617213530062,0.0055919853,0.015060692,27.067854,6.1634016
corpus/sa3s__folk_L3_verb__s0.wav,0.14596795,0.055850796,1041.9982856125466,544.7526195835368,0.97000045,1.1647607,0.03290569671536378,0.01678446965766158,0.001037123,0.0030156297,36.286167,8.493205
corpus/sa3s__folk_L3_verb__s1.wav,0.10982412,0.054838773,692.0086366012204,278.44644390448946,0.95736355,1.3962091,0.028025529702012383,0.0070693068690793415,0.0003178856,0.0024310835,40.974705,6.3842626
corpus/sa3s__folk_L3_verb__s2.wav,0.09396947,0.05426912,1128.5113731720344,545.4150580869813,1.031078,1.6198628,0.04635346120356037,0.04338445545075154,0.003043169,0.017867845,34.656807,8.002122
corpus/sa3s__folk_L3_verb__s3.wav,0.14392987,0.061156087,1181.0893572122802,492.41621409710535,0.9425011,1.1861004,0.04218379631869195,0.016809311904412188,0.0010791089,0.001629472,34.3669,7.491295
corpus/sa3s__folk_L3_verb__s4.wav,0.091311194,0.057144776,1061.8968925593051,552.0837751338433,0.92813027,1.3247197,0.03410485802051084,0.017787963759535234,0.0012660832,0.0044324053,35.768436,8.051452
corpus/sa3s__folk_L3_verb__s5.wav,0.08792619,0.048702504,1218.5855702529266,552.3647894636223,0.98867846,1.3941376,0.04400237942627709,0.02802206094404163,0.0022084126,0.009884672,32.85398,6.9972825
corpus/sa3s__folk_L5_verb__s0.wav,0.09432785,0.0503339,1835.8100669609985,929.0601498619602,1.2093667,1.9984393,0.05347775674825851,0.038107629035233244,0.0076830187,0.012628569,28.055262,10.935398
corpus/sa3s__folk_L5_verb__s1.wav,0.15385723,0.079494506,1696.7235501907187,624.2351007459897,1.1473224,1.4112014,0.05841423483455882,0.06373339117327786,0.0074608754,0.022928353,25.561659,5.5509467
corpus/sa3s__folk_L5_verb__s2.wav,0.108241774,0.067258455,2062.9968040583126,1045.8989652386892,1.3742789,2.3136897,0.07440809125870743,0.04889629455003917,0.017239848,0.03276612,25.224596,10.83164
corpus/sa3s__folk_L5_verb__s3.wav,0.124579035,0.05270421,1131.8506220248098,465.90341181644885,1.1774058,1.784187,0.03931457708494582,0.027052431861433964,0.0019082178,0.012852699,33.84231,6.4866066
corpus/sa3s__folk_L5_verb__s4.wav,0.1428917,0.052533336,1773.913515747136,616.0652011039795,1.2569786,1.6561999,0.06115004595588235,0.025117119097635403,0.0045564706,0.005999481,26.812977,6.105979
corpus/sa3s__folk_L5_verb__s5.wav,0.12242962,0.07206796,905.1138844933446,427.95442337008086,1.0160815,1.5962546,0.03364567712364551,0.02101249493332668,0.0012236203,0.009294609,37.31688,7.26084
corpus/sa3s__folk_L7_verb__s0.wav,0.11779365,0.063601814,1981.6252479288034,799.7054088103438,1.3400694,2.306133,0.07096858068885449,0.03548379700606344,0.009646489,0.021632984,25.80317,8.2232685
corpus/sa3s__folk_L7_verb__s1.wav,0.1141626,0.05061344,2115.956047571737,715.306328055017,1.3229147,1.989608,0.0754368076383514,0.04192004032161128,0.012001592,0.025207017,23.963594,6.934455
corpus/sa3s__folk_L7_verb__s2.wav,0.09374832,0.059802588,1664.4484820472821,661.6363868816926,1.3481107,2.1687922,0.06818855214783281,0.03091734243456724,0.006301797,0.015240584,27.69031,8.04351
corpus/sa3s__folk_L7_verb__s3.wav,0.08761534,0.032925867,1911.207772030229,657.8457768261048,1.0704901,1.2523367,0.061921016350619196,0.027065446484390684,0.0058947206,0.008088321,25.567759,6.063421
corpus/sa3s__folk_L7_verb__s4.wav,0.12529169,0.039485913,1378.4980414756951,573.3570001576186,1.2353586,1.6858258,0.03735578318498452,0.015211928104422307,0.0028002206,0.0046738945,30.58741,8.20008
corpus/sa3s__folk_L7_verb__s5.wav,0.12340253,0.057896785,2398.8624028745417,755.2984307036919,1.2587435,1.6237583,0.0757516205495356,0.03324832572632101,0.013648832,0.01431056,21.979586,6.9967713
corpus/sa3s__folk_L9_verb__s0.wav,0.06975335,0.035688203,1463.6281207133022,566.1588011245788,1.2004572,2.0275114,0.04987649356617647,0.020104899198627953,0.0024773343,0.0033909148,29.904385,6.5070505
corpus/sa3s__folk_L9_verb__s1.wav,0.11709318,0.05081893,1239.6698488973034,560.8240804461401,1.0903805,1.6927654,0.03348354658475232,0.04357222660167233,0.0032039226,0.01812726,33.3078,7.787703
corpus/sa3s__folk_L9_verb__s2.wav,0.081931144,0.03625277,1558.238069723324,691.5208728434201,1.0067656,1.4062629,0.05285493360584365,0.038574860353192186,0.0036062293,0.01290419,29.894659,8.519816
corpus/sa3s__folk_L9_verb__s3.wav,0.075421035,0.040865872,1113.9684968057998,698.8257736493156,0.88603884,1.1253786,0.03266344572368421,0.048741271416031455,0.0036133933,0.0191079,36.86854,10.556347
corpus/sa3s__folk_L9_verb__s4.wav,0.072188385,0.031358264,1650.2247877251368,697.6045221826258,1.2851315,2.132418,0.05684017027863777,0.04791726934426334,0.005936854,0.017380364,28.408499,8.2712
corpus/sa3s__folk_L9_verb__s5.wav,0.12897459,0.057867512,1309.4051435524987,520.463421926365,1.0141696,1.3251343,0.03953339662345201,0.019079884323138757,0.0022494148,0.006034791,30.934858,6.7167125
corpus/sa3s__hiphop_L1_verb__s0.wav,0.08008655,0.0788427,3501.2801047710386,1887.1184485199913,1.7516614,2.8803267,0.15629383949303405,0.15707488886367627,0.038825825,0.059932265,20.824614,9.352973
corpus/sa3s__hiphop_L1_verb__s1.wav,0.13430765,0.114988476,1868.1514497011462,1862.5013102822275,2.360332,4.801244,0.06195011670375387,0.0898880719558576,0.017196264,0.03819869,33.873928,16.324211
corpus/sa3s__hiphop_L1_verb__s2.wav,0.109237306,0.108047225,1855.758408273385,1768.4560061968646,2.1945438,4.851411,0.08408868275928792,0.1203280522110311,0.026702335,0.051871505,31.826378,15.996243
corpus/sa3s__hiphop_L1_verb__s3.wav,0.08719563,0.0773379,1379.6184974304872,1584.3689274540377,1.7522831,3.5173748,0.04483986491389319,0.06373640260081458,0.009722539,0.026181154,37.94945,15.017317
corpus/sa3s__hiphop_L1_verb__s4.wav,0.13028991,0.11072101,2085.3917191980636,1480.1563367139915,2.1111562,4.051951,0.07990125532120743,0.08509953057904973,0.0269111,0.050569408,29.428944,15.128911
corpus/sa3s__hiphop_L1_verb__s5.wav,0.1255892,0.10956029,1491.0830350298643,1559.605110583712,2.1477747,4.6182933,0.05934998125483746,0.07247094576361929,0.018647661,0.043064084,36.19069,16.28301
corpus/sa3s__hiphop_L3_verb__s0.wav,0.107565545,0.09078821,1175.8784864358693,1105.185434907779,1.5879726,3.0433931,0.037483900324109906,0.05010802229417214,0.0042261872,0.019593257,40.425964,12.544333
corpus/sa3s__hiphop_L3_verb__s1.wav,0.15553756,0.089552395,1274.361955159998,1195.5646148004316,2.3363354,4.713607,0.043936998113390094,0.06682982984623011,0.010179788,0.027427519,37.79506,16.2327
corpus/sa3s__hiphop_L3_verb__s2.wav,0.16075097,0.12440499,1332.8717729413856,1325.1705423514604,1.8397615,4.2893624,0.042372759650735295,0.04498729111259266,0.009458167,0.026225382,37.786613,15.0198555
corpus/sa3s__hiphop_L3_verb__s3.wav,0.11121512,0.057983432,992.4444814194311,810.5578260899501,1.7801123,3.499402,0.03058031395123839,0.0302818716233661,0.004380121,0.013504875,36.87489,11.085865
corpus/sa3s__hiphop_L3_verb__s4.wav,0.13201965,0.08551837,1241.0649728968306,865.7300855358075,1.711001,3.2762516,0.03388981774864551,0.03209571653097755,0.0041690464,0.014523885,34.85859,10.546963
corpus/sa3s__hiphop_L3_verb__s5.wav,0.075378716,0.06317274,1672.6045573467406,1406.7840819642497,1.9088455,3.8665001,0.052127802704140865,0.05379142225547037,0.01141592,0.025505433,31.481228,12.412004
corpus/sa3s__hiphop_L5_verb__s0.wav,0.15694007,0.11144886,2257.863217631983,781.9746635774375,1.7832338,2.95285,0.06795990651606038,0.05767048294864438,0.020333597,0.04341133,22.396261,6.877469
corpus/sa3s__hiphop_L5_verb__s1.wav,0.12967218,0.121553905,2613.769961695874,1169.1915131993796,1.6056545,2.5207272,0.08999643237229102,0.07700126172438766,0.032643847,0.048311096,20.219584,7.904946
corpus/sa3s__hiphop_L5_verb__s2.wav,0.17717557,0.14700454,2303.806129296616,1219.320334997503,1.9029518,3.0221407,0.09198583833204334,0.07374367810783049,0.02944306,0.05282576,23.467691,10.085488
corpus/sa3s__hiphop_L5_verb__s3.wav,0.15239745,0.1300184,2485.3962760407467,1129.5983190175261,1.7102019,2.626713,0.08610038639222137,0.0648534477924154,0.020309873,0.032391727,22.158785,7.352947
corpus/sa3s__hiphop_L5_verb__s4.wav,0.12156297,0.08034449,2132.8460817027294,1300.6891415017835,1.3462226,1.8015537,0.06591381155669504,0.06113736016863452,0.020341052,0.038139887,24.62811,9.371145
corpus/sa3s__hiphop_L5_verb__s5.wav,0.18230899,0.13786083,2550.5025249525274,1016.0173908417721,1.4185736,2.087818,0.09135848006965944,0.07337838470171999,0.027636118,0.04719503,20.078814,6.2099442
corpus/sa3s__hiphop_L7_verb__s0.wav,0.16424437,0.08260391,2748.082336726235,1271.0934485136318,1.7147963,2.417366,0.0667894676373839,0.061308194950383484,0.0197204,0.035410248,23.390242,9.424009
corpus/sa3s__hiphop_L7_verb__s1.wav,0.14905596,0.11112612,2382.2248607020238,1721.7664193391531,2.4869208,4.3424964,0.06301171270317338,0.06474602977144148,0.0138979945,0.024123216,27.651102,12.051308
corpus/sa3s__hiphop_L7_verb__s2.wav,0.14724502,0.102296874,1770.571533602493,1226.0834359606815,1.4970059,2.19538,0.06027552365518576,0.08913667976118951,0.016664749,0.039162915,30.187252,12.030327
corpus/sa3s__hiphop_L7_verb__s3.wav,0.149684,0.120908774,2748.803270839558,2272.796981673964,2.1967978,4.148112,0.14088274598490713,0.1834923612673258,0.042201035,0.066107914,27.22294,15.929939
corpus/sa3s__hiphop_L7_verb__s4.wav,0.14710066,0.09864856,3013.719857075388,1100.4094475338136,2.193601,4.003409,0.13672782023993807,0.10477195337455354,0.061745506,0.07782221,16.910223,7.9887066
corpus/sa3s__hiphop_L7_verb__s5.wav,0.10995453,0.07899408,2022.3419373955055,1402.5149565091067,1.6673326,3.2108479,0.09276814652670279,0.12287670821845685,0.03835574,0.07969332,25.468935,10.814638
corpus/sa3s__hiphop_L9_verb__s0.wav,0.08401429,0.07208686,2697.7183463437104,1746.400093214681,1.5441351,2.8602111,0.11606770329431114,0.13470054963941558,0.035209063,0.05448401,22.161777,10.726922
corpus/sa3s__hiphop_L9_verb__s1.wav,0.17759587,0.12003838,2601.9215085275223,1187.789836944543,1.8696082,3.2809722,0.09124396829044118,0.0939380644823484,0.03377994,0.054227997,21.929165,9.804864
corpus/sa3s__hiphop_L9_verb__s2.wav,0.1928927,0.16080819,1930.464543655814,1237.7385960211075,1.8661082,3.2899961,0.06490323565692724,0.09761882913415063,0.018654445,0.04106031,27.778017,10.723847
corpus/sa3s__hiphop_L9_verb__s3.wav,0.20417733,0.16122918,2349.6692388345227,1594.2836389792312,2.4519138,4.3426538,0.08889439821981424,0.0969940941467899,0.027189683,0.047300573,24.277985,10.170677
corpus/sa3s__hiphop_L9_verb__s4.wav,0.15438613,0.08555084,2531.0946087500843,831.5128468223544,1.7549077,2.3762188,0.06658538723877709,0.049202098955536885,0.021690687,0.03269656,21.043358,7.0483904
corpus/sa3s__hiphop_L9_verb__s5.wav,0.17152064,0.14560454,2014.2269617201437,1046.293599181554,1.5312222,2.1924279,0.061660624879063465,0.06335340028549448,0.014243981,0.021722086,26.39139,10.57923
corpus/sa3s__orchestral_L1_verb__s0.wav,0.099741764,0.03689635,915.0689186525765,281.73220578048745,0.88394874,0.47713098,0.042645622702205885,0.012989656994839421,0.00059079117,0.0049118,36.870274,5.8154454
corpus/sa3s__orchestral_L1_verb__s1.wav,0.12853952,0.08811449,1119.5627164241857,563.0380206227156,0.9200632,0.85998446,0.04382210840750774,0.03416832012137778,0.0026991353,0.0105233,32.517155,8.4420805
corpus/sa3s__orchestral_L1_verb__s2.wav,0.12847345,0.043952897,1329.1170503129697,513.192653359375,1.0000718,0.67058146,0.05936131905476006,0.04043087654963512,0.0041115307,0.01611815,29.981781,5.672813
corpus/sa3s__orchestral_L1_verb__s3.wav,0.11267536,0.06656294,884.9953111802089,382.00485739290883,0.8069361,0.5415403,0.04012031673277864,0.027114239774837068,0.0013197133,0.010282487,38.278522,8.4907
corpus/sa3s__orchestral_L1_verb__s4.wav,0.07185038,0.036416832,1203.2755177413023,548.4856309478718,0.99730617,1.0310602,0.0491319780379257,0.03916632416362442,0.0032819447,0.013197324,32.033997,7.1607985
corpus/sa3s__orchestral_L1_verb__s5.wav,0.10250911,0.03806067,802.7440199295555,283.02544179757234,0.9113452,0.75086904,0.03632215375870743,0.011263945278491803,0.00029281917,0.00046844874,39.259804,6.717205
corpus/sa3s__orchestral_L3_verb__s0.wav,0.05413685,0.040533494,1032.86097571727,403.1038050278636,0.7550284,0.45864037,0.05866404435952012,0.02274112818492159,0.00069504627,0.002780425,37.658894,7.790137
corpus/sa3s__orchestral_L3_verb__s1.wav,0.15738748,0.066758625,1302.5367677849501,449.21431592593444,0.99264216,0.8921769,0.040101042472910214,0.017698612811534512,0.0030289937,0.0045515853,28.693546,6.7507353
corpus/sa3s__orchestral_L3_verb__s2.wav,0.059082646,0.029362964,885.6908422040528,490.1233328903841,0.78102404,0.61965114,0.04410857681888545,0.03596763737228341,0.0025993518,0.015831359,37.451984,7.293347
corpus/sa3s__orchestral_L3_verb__s3.wav,0.061373163,0.02959975,728.4050457694352,544.0297893850201,0.82203436,0.6457423,0.04322914147155573,0.05809793445050336,0.004449742,0.022904087,42.804813,7.8522305
corpus/sa3s__orchestral_L3_verb__s4.wav,0.103748,0.04764048,1045.8221371611064,354.1712448199464,0.93756366,0.5883173,0.04390109508030186,0.02179721263218503,0.0016098972,0.011677197,33.371277,5.8996906
corpus/sa3s__orchestral_L3_verb__s5.wav,0.14197004,0.08866842,1073.5304036800592,635.6695074954796,0.872625,0.7828856,0.04710288977844427,0.05356408671899777,0.004571506,0.019878257,33.184074,9.70729
corpus/sa3s__orchestral_L5_verb__s0.wav,0.19732007,0.07491894,1720.834007072032,511.8183512842504,1.004801,1.052654,0.0693215762867647,0.02708570724058222,0.0068810084,0.0076709283,23.921448,5.6136065
corpus/sa3s__orchestral_L5_verb__s1.wav,0.14816006,0.04117227,1542.069943530476,404.97374716573273,1.0351815,0.82954425,0.06624034019446594,0.029146622367578784,0.0046528885,0.012666594,26.427402,4.2361116
corpus/sa3s__orchestral_L5_verb__s2.wav,0.1387749,0.04147009,1311.3425569076012,365.8851257104626,1.0712007,0.8863376,0.05578499903250774,0.030974811417602152,0.0035275933,0.01307708,28.295563,4.438241
corpus/sa3s__orchestral_L5_verb__s3.wav,0.1996866,0.059555564,1632.0237436925281,418.81796019113324,1.0688167,0.93705726,0.06136508622774768,0.030516556547557215,0.00795219,0.014533795,23.343899,3.9747596
corpus/sa3s__orchestral_L5_verb__s4.wav,0.16753694,0.0640343,1354.924874469534,331.80297649582315,0.9715633,0.7264376,0.05312023812403251,0.0218995618920846,0.003108215,0.0070308517,27.225115,4.1138434
corpus/sa3s__orchestral_L5_verb__s5.wav,0.19929287,0.073399454,1565.8762205848675,407.3883823681588,1.0229846,0.75264525,0.06604495210913312,0.03596254508723402,0.006376987,0.016334897,25.010292,4.5263333
corpus/sa3s__orchestral_L7_verb__s0.wav,0.15572025,0.060194492,1401.9784901535654,464.94303886753914,1.0467167,1.0921391,0.06196523377031734,0.03220054746782658,0.0033174646,0.007917774,28.232878,7.285225
corpus/sa3s__orchestral_L7_verb__s1.wav,0.17639314,0.10337234,1582.1083459894624,581.8361773812745,0.90821123,0.6251697,0.07012996142124613,0.0473294670207321,0.0070418655,0.016270006,25.555777,6.370365
corpus/sa3s__orchestral_L7_verb__s2.wav,0.20018145,0.09347835,1569.4562800651086,562.2659518467582,0.9614787,0.75162095,0.06238019724748452,0.03303383585999342,0.0054652165,0.008400354,26.671907,9.087857
corpus/sa3s__orchestral_L7_verb__s3.wav,0.18918015,0.046949994,1879.5658883393185,321.65532445592737,0.99191636,0.59087545,0.08440387359713622,0.020328523050144598,0.009749679,0.007848972,21.263296,3.5765426
corpus/sa3s__orchestral_L7_verb__s4.wav,0.17979394,0.0550345,1631.119571200608,588.9767719952897,0.96499944,0.45330808,0.07828713053889319,0.038594397992967745,0.0079504745,0.012648711,24.545916,6.2266192
corpus/sa3s__orchestral_L7_verb__s5.wav,0.12662697,0.062668435,1611.852567472983,661.4217069120097,1.0330517,1.1339847,0.05893539570433436,0.03467589759605292,0.008342046,0.011600092,25.317392,8.394663
corpus/sa3s__orchestral_L9_verb__s0.wav,0.10027024,0.04252092,1363.7756625293082,478.2001013902217,1.0399947,1.0019472,0.052516311314821984,0.031210053942653426,0.0049324455,0.010396938,26.770765,7.241525
corpus/sa3s__orchestral_L9_verb__s1.wav,0.06980843,0.034329273,1492.3600718970956,407.0274076199966,1.1637,1.4010754,0.061887002950851394,0.021639033297495266,0.0053758076,0.0074731936,25.548626,5.188623
corpus/sa3s__orchestral_L9_verb__s2.wav,0.1474795,0.06150134,1698.4922398081549,505.0899648513444,1.0410498,0.94919044,0.06253628095975232,0.029533461956896174,0.009132276,0.011574998,23.16412,6.908255
corpus/sa3s__orchestral_L9_verb__s3.wav,0.118722044,0.035259522,1864.8951074095924,429.24340563846465,1.0779812,0.7750809,0.08696016955301858,0.03790809170531302,0.008906609,0.01021873,22.127941,3.8144345
corpus/sa3s__orchestral_L9_verb__s4.wav,0.1683769,0.051855624,1586.1186348596264,427.3623680208913,1.0281862,0.7906692,0.06829285990712074,0.025578695662665286,0.005834709,0.007537582,24.330133,4.648398
corpus/sa3s__orchestral_L9_verb__s5.wav,0.2526053,0.08600318,1666.6809201380267,572.8122431003507,1.0122774,0.86226755,0.06620594886803406,0.03684755414272007,0.0108666895,0.015272094,23.154612,7.1843944
corpus/sa3s__rock_L1_verb__s0.wav,0.1373995,0.061800353,2592.885967187533,544.3788514673384,0.96826106,1.0316834,0.15063816696497678,0.06051450933102053,0.020393375,0.022427076,19.225748,5.68146
corpus/sa3s__rock_L1_verb__s1.wav,0.096052885,0.037187524,2826.9122588588134,517.8768599721918,1.0516747,0.9312503,0.12777435964106038,0.04602143709409325,0.027147181,0.022457624,16.938942,3.3365998
corpus/sa3s__rock_L1_verb__s2.wav,0.19726808,0.06736049,2352.0704391996937,785.8441420958696,0.96731484,0.86467177,0.07903466948045666,0.041508954046317374,0.013750109,0.015055133,22.709951,8.106768
corpus/sa3s__rock_L1_verb__s3.wav,0.17006308,0.06569603,2186.973702221408,825.1271601887811,1.1518888,1.3864739,0.10114186762287151,0.05447583985587736,0.018056896,0.021984156,22.87948,10.054496
corpus/sa3s__rock_L1_verb__s4.wav,0.14702141,0.057334017,2486.7643066245505,522.8096360630494,0.85601354,0.5829206,0.10156023244001548,0.034185712124638286,0.021354195,0.016995082,18.840292,5.971652
corpus/sa3s__rock_L1_verb__s5.wav,0.14395368,0.046627004,2525.6296188248043,725.2173647908992,1.1047013,1.2056788,0.11034135848006967,0.05497477356968891,0.026561968,0.027637888,18.970413,6.783687
corpus/sa3s__rock_L3_verb__s0.wav,0.075476095,0.023931114,1668.9622016239546,531.1070530812818,1.0045487,1.1468642,0.0646545599119582,0.03868556344052049,0.00625719,0.013146558,25.633217,5.674825
corpus/sa3s__rock_L3_verb__s1.wav,0.24346495,0.09736073,1684.557617965264,648.4827488794994,0.9825307,1.0859869,0.045425273316563465,0.028875884629771947,0.006301273,0.013592705,26.675348,6.824223
corpus/sa3s__rock_L3_verb__s2.wav,0.102187,0.05140744,2429.1400573124465,688.8005479659786,1.0672841,1.3480967,0.11922641435274768,0.0672555845828377,0.025516178,0.031114679,19.353657,6.5254817
corpus/sa3s__rock_L3_verb__s3.wav,0.10999564,0.036154192,2097.267486935804,804.0894052726032,1.1408591,1.6920676,0.08199307940692724,0.04304641482657759,0.014620193,0.01881379,23.161398,8.347273
corpus/sa3s__rock_L3_verb__s4.wav,0.19329375,0.065104775,2167.988125683667,644.5860726748016,1.1243881,1.4339463,0.08471906443498452,0.04181018387353094,0.013326728,0.015390974,22.090437,7.445728
corpus/sa3s__rock_L3_verb__s5.wav,0.13294798,0.06562157,2338.453654633202,1365.602752533489,1.0094967,1.3491347,0.12030615083204334,0.11617772165472022,0.037803482,0.06585324,24.43405,15.213522
corpus/sa3s__rock_L5_verb__s0.wav,0.18339704,0.07973349,2218.446020135966,657.5354962078683,1.072322,1.1436768,0.08668919613486842,0.06473565156780328,0.012583372,0.018311031,21.553518,4.5132084
corpus/sa3s__rock_L5_verb__s1.wav,0.17404123,0.06602894,2901.0033422239267,464.873768839141,0.9781682,0.83494914,0.16395970394736842,0.05188024204049597,0.046426877,0.04452951,14.3745165,2.7903152
corpus/sa3s__rock_L5_verb__s2.wav,0.17773527,0.06862254,2646.780280069623,207.6336677735737,0.95849466,0.642637,0.12577134832140094,0.04667704998104583,0.020601463,0.011976384,17.411034,2.1032424
corpus/sa3s__rock_L5_verb__s3.wav,0.16681492,0.06538975,3151.9387266794356,663.8039475477095,1.0132325,0.92471975,0.15892912212171054,0.05944148727848792,0.056083374,0.042396914,13.969594,4.369901
corpus/sa3s__rock_L5_verb__s4.wav,0.19808097,0.08227616,2832.8738346674695,584.9861973858183,1.013932,0.9972321,0.13884572126547987,0.056759173532900435,0.028456137,0.024357798,17.136753,4.065418
corpus/sa3s__rock_L5_verb__s5.wav,0.20432343,0.063125595,2436.249131109028,567.7192709055532,0.9570275,0.7355749,0.12370749080882353,0.039810912284203706,0.018256022,0.013023653,19.688532,6.7539163
corpus/sa3s__rock_L7_verb__s0.wav,0.15135306,0.0668436,3229.4808856740005,691.6233468574134,1.0401411,1.372964,0.17478050019349844,0.0912269036556031,0.05801029,0.05391675,13.944568,3.9078965
corpus/sa3s__rock_L7_verb__s1.wav,0.18521473,0.055449873,2819.868488952054,459.3346390035621,1.0957038,1.6146151,0.15998391544117646,0.05225317684968157,0.038117692,0.041432127,16.13492,4.059154
corpus/sa3s__rock_L7_verb__s2.wav,0.11662852,0.041423876,3009.9175551046023,469.0307261060876,1.0538877,1.0799505,0.1488804300503096,0.051637682897348436,0.039704155,0.024062205,14.731595,2.5346115
corpus/sa3s__rock_L7_verb__s3.wav,0.14314738,0.03603393,3229.296958804246,416.9195908444898,0.9278791,0.62113464,0.1648916711010062,0.04756009603431562,0.065089084,0.034265596,12.57435,2.7558334
corpus/sa3s__rock_L7_verb__s4.wav,0.1952253,0.06145719,3176.634463919027,523.4400402449945,0.9417182,0.6097375,0.19129778504740713,0.0658616745770638,0.043096907,0.028871527,14.668214,3.2474022
corpus/sa3s__rock_L7_verb__s5.wav,0.18584333,0.07981556,2592.8699923150834,816.7343086784946,0.9660912,1.13783,0.12977774888738391,0.06306598394489081,0.030452657,0.03145602,18.792288,8.695583
corpus/sa3s__rock_L9_verb__s0.wav,0.16534418,0.06233467,3238.515032290703,619.1917221250548,1.0725949,1.2694061,0.17688970890576625,0.07263779864731995,0.054217614,0.036932588,13.601454,2.9240823
corpus/sa3s__rock_L9_verb__s1.wav,0.11267546,0.04607565,3203.466024464401,464.49372963755707,1.0441234,1.2646422,0.19309747182178794,0.05358980819123173,0.06763724,0.040760618,12.739779,3.6447058
corpus/sa3s__rock_L9_verb__s2.wav,0.16254313,0.03912714,2773.3414227649323,349.52109881537086,0.98845303,0.75275046,0.13198710816563466,0.034785374766125456,0.024228172,0.014719008,17.449528,4.4050455
corpus/sa3s__rock_L9_verb__s3.wav,0.20050655,0.070897445,2889.3043979994413,508.33550891691164,1.1255988,1.202119,0.147330174874226,0.05964301489897352,0.039452184,0.03165144,15.428398,3.7210457
corpus/sa3s__rock_L9_verb__s4.wav,0.1366458,0.050255664,3256.9020485300593,566.2156550273543,1.1327407,1.2427952,0.18416819852941177,0.06622098502267129,0.063556716,0.047042027,13.107128,3.452739
corpus/sa3s__rock_L9_verb__s5.wav,0.13477722,0.030689886,3743.763178425378,405.9721067104134,0.99221057,0.7703761,0.21576475728037925,0.05810097835479365,0.09455741,0.038277853,10.624852,1.8906006
corpus/sao__edm_L1_verb__s0.wav,0.22036815,0.09522511,935.2578611684712,608.6036228445063,2.7845464,4.0454354,0.015524093580688854,0.009289805197950847,0.014376605,0.11383753,37.823414,13.480587
corpus/sao__edm_L1_verb__s1.wav,0.20480669,0.07476404,1133.475488546737,503.27968847949177,1.9953688,3.2329624,0.02270621190499226,0.01437353020756322,0.032438185,0.17296077,32.939606,9.724889
corpus/sao__edm_L1_verb__s2.wav,0.14430882,0.052947275,1870.5603363468158,1251.0377813543412,2.294962,3.9073513,0.07400673314144737,0.037194602548397813,0.030628627,0.11527318,31.01855,16.463799
corpus/sao__edm_L1_verb__s3.wav,0.25411403,0.058161814,1130.480520395586,655.5554876221546,1.9729831,3.5113091,0.028553871178405573,0.015539795559951558,0.014989202,0.113781825,35.45109,11.612936
corpus/sao__edm_L1_verb__s4.wav,0.21020786,0.10219713,2145.4754882745997,1331.7177338651459,2.4747698,4.336403,0.06820442506772446,0.03715736028346041,0.039647944,0.118105486,25.461042,13.728138
corpus/sao__edm_L1_verb__s5.wav,0.18841578,0.07864539,1989.5777998380959,1165.2213162355058,1.9711989,3.1409826,0.06002873754353715,0.03161551466781986,0.023320012,0.11375977,25.91244,9.707988
corpus/sao__edm_L3_verb__s0.wav,0.15037136,0.08753791,2232.782884114372,1307.810662433798,2.133235,3.6765847,0.08237025021768576,0.04384799831357429,0.03331042,0.114942424,23.876299,11.011886
corpus/sao__edm_L3_verb__s1.wav,0.24468723,0.1290718,1322.8856637145543,999.4296231554075,2.5472982,3.8862815,0.045186423664860684,0.030095008009923187,0.022832144,0.11525561,33.050667,13.446376
corpus/sao__edm_L3_verb__s2.wav,0.18431051,0.09551767,2644.0572238746367,1749.110364353174,2.737448,4.77141,0.08395376294020898,0.05860861625582964,0.0356305,0.11698641,27.448792,14.565669
corpus/sao__edm_L3_verb__s3.wav,0.22432905,0.057030804,1935.1971766837446,1319.1339829910678,2.5403574,4.422266,0.05554652730746904,0.043465625341202366,0.027684309,0.114858545,27.12526,12.947995
corpus/sao__edm_L3_verb__s4.wav,0.25865722,0.098570496,2585.551346485211,1070.5488930342726,1.8114883,2.4511752,0.0972616945626935,0.04476358662188593,0.038635448,0.11141778,19.742256,8.088992
corpus/sao__edm_L3_verb__s5.wav,0.17058234,0.04789765,2027.058947348424,1249.2142415497083,2.7456079,4.492256,0.07835931453173374,0.03421939121814061,0.028938517,0.10259335,26.555237,12.673427
corpus/sao__edm_L5_verb__s0.wav,0.28456703,0.08466237,2801.025286132826,1101.35977674809,1.90572,3.1553822,0.11905370186726007,0.06290747477402488,0.04618214,0.11885873,19.481264,8.155673
corpus/sao__edm_L5_verb__s1.wav,0.15716068,0.065709785,2927.988156641162,836.3251526304098,1.7901895,2.9751978,0.11902006639415634,0.04657118641912495,0.07308709,0.12904768,15.103006,5.7751245
corpus/sao__edm_L5_verb__s2.wav,0.3023358,0.1524575,2632.1122714849976,981.1071563099089,1.9453144,3.4587035,0.06627624322755418,0.04005500232169141,0.039442968,0.11449208,19.70372,8.484317
corpus/sao__edm_L5_verb__s3.wav,0.21511127,0.07502619,1332.1916428098682,655.0489538352863,1.5312442,1.7936403,0.030632467830882353,0.021968042837280502,0.013508277,0.097144835,32.456577,9.607277
corpus/sao__edm_L5_verb__s4.wav,0.20484437,0.08618762,2414.879117639776,977.9678193412084,1.8507507,2.53615,0.08705767463235294,0.04881634026910339,0.046035524,0.11823687,18.631136,7.52256
corpus/sao__edm_L5_verb__s5.wav,0.2623885,0.109429985,2199.618777428766,1219.502069269588,2.2649798,4.143501,0.06784161547020123,0.040606638269442635,0.028532417,0.115718484,24.783876,9.745573
corpus/sao__edm_L7_verb__s0.wav,0.29930153,0.09420765,2395.1237395137787,847.1792131855062,2.0408156,2.6000018,0.07933927837171052,0.0491722668715133,0.035773724,0.11516708,20.522974,7.4570155
corpus/sao__edm_L7_verb__s1.wav,0.2036575,0.059714746,2101.5787894163004,781.1637365856179,1.8906953,2.6751282,0.08223797588525542,0.030146393029995125,0.027775304,0.11396717,23.579386,8.228387
corpus/sao__edm_L7_verb__s2.wav,0.28798583,0.05315065,2797.09362360341,767.2569310969494,1.8309593,2.2655127,0.10848611648606811,0.05918071316374331,0.022223182,0.016860504,18.53508,5.353632
corpus/sao__edm_L7_verb__s3.wav,0.2794691,0.08680823,2641.3354414432283,1163.9351792695943,2.067426,3.0246887,0.09586449968556501,0.05282460806454081,0.048838537,0.11700236,20.049507,10.073641
corpus/sao__edm_L7_verb__s4.wav,0.26864797,0.058547366,2926.0584972467823,484.43044355812856,1.467764,1.8702633,0.12086774985487617,0.03287287879287726,0.05351562,0.111512624,14.450746,3.2417984
corpus/sao__edm_L7_verb__s5.wav,0.30183604,0.12735035,1637.6987104261864,959.5096591346579,2.786842,4.5317836,0.04364750628869969,0.02536047978401232,0.024048232,0.11768463,30.341095,13.124317
corpus/sao__edm_L9_verb__s0.wav,0.26748294,0.08737628,3338.993722141719,1150.0270503125207,1.6147438,2.6004817,0.16603111999322756,0.09314856068971993,0.08404062,0.14116885,15.863237,10.127078
corpus/sao__edm_L9_verb__s1.wav,0.3484668,0.08092638,3102.268623051582,753.6428039130083,1.2811043,1.7818837,0.1436060855263158,0.05975821693775163,0.081238136,0.1620111,13.751238,4.3197293
corpus/sao__edm_L9_verb__s2.wav,0.41427413,0.107698284,3666.4914017662704,768.9270210687413,1.3632587,1.5290885,0.15075456837751547,0.07729411652906142,0.09531417,0.12454996,12.53601,4.939446
corpus/sao__edm_L9_verb__s3.wav,0.32912442,0.08044778,2952.0899699735733,593.3407618648284,1.447175,1.7903445,0.10357155814628483,0.04637630479925222,0.052997317,0.11770259,15.975402,4.796377
corpus/sao__edm_L9_verb__s4.wav,0.43963856,0.12803932,2643.274027467069,999.7929729284882,1.4160262,1.7186131,0.11744335635158669,0.07699219348646544,0.061014883,0.15988484,17.498436,6.4878817
corpus/sao__edm_L9_verb__s5.wav,0.34073988,0.06821714,2536.6282127197815,799.048951141314,1.4483786,1.479413,0.10090339589783281,0.04637414177386402,0.04146691,0.11497458,18.509796,6.5544558
corpus/sao__folk_L1_verb__s0.wav,0.044236876,0.013694395,1235.5817484529414,357.8867632986567,0.99591255,1.1501368,0.05357072670762384,0.022043242314023725,0.019128751,0.1349472,34.118748,6.461706
corpus/sao__folk_L1_verb__s1.wav,0.041185066,0.019334178,1374.103617037333,521.8242443229705,1.0443388,1.3529893,0.06230196642801858,0.03214816038131293,0.00136562,0.0034213979,33.807484,6.6996317
corpus/sao__folk_L1_verb__s2.wav,0.05540204,0.010727242,1383.9676186116128,287.14350922379947,1.1929857,1.1410589,0.05611228352360681,0.017057426326941103,0.0010770428,0.0013041245,32.043938,4.594524
corpus/sao__folk_L1_verb__s3.wav,0.053832605,0.016360573,1123.3597448153296,344.1529256382879,1.0184543,0.96031284,0.04498574460623065,0.021838878238894053,0.009819077,0.09587726,34.685818,5.460524
corpus/sao__folk_L1_verb__s4.wav,0.06604674,0.02942301,1210.2077432884205,500.0750874720144,1.0075521,1.0414729,0.04510705906540248,0.021333119239101,0.022704422,0.14541884,34.45226,6.7600923
corpus/sao__folk_L1_verb__s5.wav,0.05664119,0.017702017,1218.1415988717436,349.3715983143846,1.1207478,1.2094427,0.04778807082043344,0.019769152240429314,0.0070221806,0.078394435,33.497414,5.429629
corpus/sao__folk_L3_verb__s0.wav,0.084474154,0.033829574,1493.455347090049,478.51546030011536,1.0016464,0.8637342,0.06721917025445047,0.028076516557365153,0.014802068,0.11378104,29.903976,5.814583
corpus/sao__folk_L3_verb__s1.wav,0.055863213,0.020467855,1714.1173493391993,384.2718303726863,1.1053725,1.1162047,0.08862984955495357,0.026463079112616545,0.016849063,0.12013442,28.008093,5.1521387
corpus/sao__folk_L3_verb__s2.wav,0.08172234,0.02749294,1581.7148043430725,428.70057688480154,1.1717255,1.2053093,0.06013304530282508,0.022915562465521594,0.014380578,0.11039212,28.7699,5.510355
corpus/sao__folk_L3_verb__s3.wav,0.107541464,0.0528458,1507.216768958213,497.15458058688404,1.1483213,1.262567,0.04993469427244582,0.02435739241723641,0.003452216,0.03977423,31.855385,5.961682
corpus/sao__folk_L3_verb__s4.wav,0.06008892,0.019651124,1588.7075623020723,370.220068089916,1.0219373,0.90312475,0.07732492925212849,0.022350517716210223,0.019826649,0.13226098,28.999157,5.8159313
corpus/sao__folk_L3_verb__s5.wav,0.05087562,0.027111832,1389.3681602941983,378.3168897995956,1.0681534,1.2114444,0.06258767898606811,0.025816209782102098,0.011350114,0.09968609,31.071249,5.7764792
corpus/sao__folk_L5_verb__s0.wav,0.10234726,0.034763053,1843.3318897346892,446.0419494777053,1.0561333,1.1620696,0.09740228328173374,0.03849087116631429,0.0029530386,0.003913563,28.012392,4.9553304
corpus/sao__folk_L5_verb__s1.wav,0.07807326,0.031642694,1332.1056405857178,384.34157369445717,1.072372,1.0029098,0.05502045339106037,0.020294107431243005,0.011848327,0.103432536,32.04361,5.76805
corpus/sao__folk_L5_verb__s2.wav,0.09332019,0.0326175,1090.1619345955205,374.4440368985017,1.1718343,1.3623658,0.03478323638254644,0.012662003984569545,0.0121575575,0.107067704,36.491844,7.328796
corpus/sao__folk_L5_verb__s3.wav,0.07355302,0.023731545,1936.1281291441048,401.22796148795294,1.0903618,1.2168112,0.0947465926131966,0.025697747391968697,0.01160177,0.08743862,26.157164,4.8236732
corpus/sao__folk_L5_verb__s4.wav,0.054352667,0.016147988,1422.9977541068456,479.43112775171994,1.2410655,1.5777144,0.04613464166505418,0.02095400792622062,0.017308185,0.12632962,32.60494,6.734582
corpus/sao__folk_L5_verb__s5.wav,0.05132986,0.015857158,2007.5146845168213,427.8104565952045,1.1192639,1.2200155,0.10077187741873066,0.03260970325199714,0.004096436,0.005630574,26.91565,5.2799773
corpus/sao__folk_L7_verb__s0.wav,0.07157376,0.016250256,1869.9005273496416,476.0042214579504,1.0595131,1.0752282,0.08725646405766253,0.03153745720268227,0.010112499,0.07831427,26.337389,5.0270524
corpus/sao__folk_L7_verb__s1.wav,0.087545246,0.02851676,1670.9849245412038,449.085850674725,1.0931627,1.1888114,0.07425351925309598,0.023449588366369952,0.022087507,0.13741052,27.685377,6.231762
corpus/sao__folk_L7_verb__s2.wav,0.07162503,0.021335445,1870.5748764527752,441.88350286682476,1.2000794,1.2143939,0.07869793682275542,0.03285608414002248,0.010370605,0.08298025,26.954165,5.3530073
corpus/sao__folk_L7_verb__s3.wav,0.081981614,0.027919536,2080.6474335189596,545.273203443475,1.1693369,1.2643147,0.10384555497774768,0.03377935690200639,0.02475982,0.13718376,24.898441,6.1140013
corpus/sao__folk_L7_verb__s4.wav,0.087431006,0.021811375,1807.6200074712644,460.1072857356293,1.1847599,1.3416524,0.07445495416505418,0.02207984631094174,0.008290382,0.06790863,27.302197,5.6015053
corpus/sao__folk_L7_verb__s5.wav,0.10056033,0.028757233,1607.5282813000822,410.0242693790109,1.1755816,1.1215329,0.07227469523993808,0.027122522316765103,0.00848939,0.078307666,28.582584,5.266157
corpus/sao__folk_L9_verb__s0.wav,0.114858754,0.03082941,1689.585120590437,490.1119600946785,1.080676,1.0987167,0.07741034067821208,0.027750183565804453,0.028219305,0.15493141,26.499771,6.369432
corpus/sao__folk_L9_verb__s1.wav,0.14310737,0.031201825,2194.5671671525542,381.4074984308067,1.1070727,1.0537785,0.09672730625967492,0.02732968789040271,0.006043292,0.005582895,23.950462,4.1317434
corpus/sao__folk_L9_verb__s2.wav,0.1206856,0.036175966,2067.6607465339102,534.1185376884852,1.0358324,0.91606027,0.10062335223974458,0.036854641931733004,0.011852126,0.08301775,25.481033,5.2777205
corpus/sao__folk_L9_verb__s3.wav,0.079984196,0.022528488,1822.2168791307959,388.7973126070325,1.0000321,0.8836651,0.0844102983504257,0.027244972978038833,0.0076963715,0.067874186,27.3826,5.0609283
corpus/sao__folk_L9_verb__s4.wav,0.084359705,0.03053909,1609.7306490247558,419.53257503439823,1.0468796,1.255446,0.06954795435855263,0.02025580404490268,0.0151498085,0.11035269,28.246973,6.046981
corpus/sao__folk_L9_verb__s5.wav,0.11538914,0.028223587,2076.5305711662127,379.68210014032866,1.0616984,0.9889918,0.10236483830785603,0.02541642177926883,0.013536437,0.08302644,23.69146,4.6432605
corpus/sao__hiphop_L1_verb__s0.wav,0.11389119,0.052607838,2432.400336335067,1445.4726741202294,1.9262975,2.7823818,0.0707554300503096,0.08392801739223837,0.027445355,0.12207499,27.347862,11.196973
corpus/sao__hiphop_L1_verb__s1.wav,0.12701964,0.11615076,2011.1715111448596,1233.0054483889714,2.2367322,4.354359,0.07017153335429567,0.04518999292592693,0.034176804,0.13789333,25.17751,10.113286
corpus/sao__hiphop_L1_verb__s2.wav,0.10137286,0.077513546,2428.987080847434,1275.4738641702397,1.8710011,3.513617,0.10296536377708979,0.06491452126569891,0.03367662,0.10977579,22.577414,8.781371
corpus/sao__hiphop_L1_verb__s3.wav,0.115302555,0.07781559,1955.7788458360926,1361.7479009744702,2.339544,3.93173,0.08785963501354489,0.05079428097584001,0.023753462,0.101818174,31.874443,13.1767235
corpus/sao__hiphop_L1_verb__s4.wav,0.124212734,0.061486103,1373.936575578137,706.3557949661716,1.9114515,3.2409885,0.054679185613390094,0.025593587587616956,0.004177385,0.028924119,33.657715,10.970043
corpus/sao__hiphop_L1_verb__s5.wav,0.10455608,0.058741502,1155.2073454130036,754.4427576349577,1.5749549,2.6432755,0.059695028299148606,0.029451767299978986,0.029525135,0.16435517,36.19311,11.421132
corpus/sao__hiphop_L3_verb__s0.wav,0.11073641,0.056014583,2025.8620643007134,1118.4405497595947,1.5062894,2.3604689,0.060451259553986066,0.046341125264534926,0.023331173,0.09870372,25.479761,9.091483
corpus/sao__hiphop_L3_verb__s1.wav,0.07737544,0.05809241,1824.1237412655528,1807.8233022596964,2.0449722,3.6586378,0.06977659999032508,0.06557647668083359,0.023175173,0.11628625,39.751995,18.71829
corpus/sao__hiphop_L3_verb__s2.wav,0.053822197,0.038513687,2955.921889493766,1955.5102202906255,2.7256944,5.5761337,0.1192230130127709,0.08339607026556524,0.049686868,0.12475864,28.23355,17.828857
corpus/sao__hiphop_L3_verb__s3.wav,0.11869025,0.094944514,2485.304221516398,1879.7188490774913,2.4643536,4.6716557,0.09265514645414087,0.08831162762392727,0.05737156,0.1671202,28.147125,15.4014015
corpus/sao__hiphop_L3_verb__s4.wav,0.06970923,0.037230365,1644.1390883877618,1037.3866873493155,1.9814276,3.511534,0.07583211892898607,0.03038686954141242,0.028449994,0.15260375,32.609753,11.863353
corpus/sao__hiphop_L3_verb__s5.wav,0.21850486,0.1344626,1799.4270324540214,1531.6652269402125,2.388205,4.4169865,0.062142481375773995,0.08820267449260527,0.043820556,0.14751644,32.12999,14.748139
corpus/sao__hiphop_L5_verb__s0.wav,0.12531091,0.13961834,2807.3960953379255,1899.1456329146886,2.5032604,4.8298864,0.11616067325367647,0.10178430906199742,0.060769107,0.17220686,25.603521,13.68203
corpus/sao__hiphop_L5_verb__s1.wav,0.09387852,0.07730297,3872.755721309289,1739.5609498640008,2.3341208,4.190236,0.18322602735584365,0.13613428716349366,0.07588448,0.16383474,17.868776,8.822786
corpus/sao__hiphop_L5_verb__s2.wav,0.06758556,0.06453773,4337.656149521102,1952.732826603819,2.56085,4.7592607,0.25963410652089786,0.1560426713972867,0.10610409,0.1490404,13.849207,8.774945
corpus/sao__hiphop_L5_verb__s3.wav,0.08286025,0.064490974,3027.0742462406547,1467.85536992431,1.8961531,3.1027188,0.1385218381143576,0.10200435895679454,0.034549896,0.10386111,21.173178,7.9124646
corpus/sao__hiphop_L5_verb__s4.wav,0.05858422,0.05238335,2808.6690383820155,1269.5517218274672,1.9060826,3.439704,0.13400674825851394,0.07391936930807162,0.04881353,0.16179757,22.407398,8.956208
corpus/sao__hiphop_L5_verb__s5.wav,0.09359026,0.076471224,2572.574802252368,1194.2956699434349,2.2053812,3.815736,0.09711543694369196,0.04917415313113316,0.035714973,0.13839501,21.857796,7.1262884
corpus/sao__hiphop_L7_verb__s0.wav,0.09289492,0.043851163,2355.1850138610052,1069.5854065239314,1.9595515,3.160803,0.0991607760497291,0.04707703971512855,0.031767216,0.11885156,23.781546,8.855501
corpus/sao__hiphop_L7_verb__s1.wav,0.05735825,0.039930288,2484.842515745989,1250.799895636105,2.139119,3.4775505,0.12966361503482973,0.0608583291815837,0.042678256,0.13870059,23.385489,9.5625515
corpus/sao__hiphop_L7_verb__s2.wav,0.11085116,0.06858589,3031.8446997153164,1313.2880767183879,1.8787589,2.715454,0.13159482028831268,0.07668972385156897,0.04647801,0.13799025,19.994818,7.528333
corpus/sao__hiphop_L7_verb__s3.wav,0.11764616,0.05687607,2462.917905005411,1388.310757218264,1.9744707,3.114706,0.10093098454431114,0.05973513283973406,0.037593752,0.14004101,25.065582,10.753566
corpus/sao__hiphop_L7_verb__s4.wav,0.099105135,0.0640054,2622.1480956479827,1610.384194484383,2.1354277,3.6418006,0.10740864756675697,0.06714435984518934,0.051340546,0.1456813,22.741959,10.820296
corpus/sao__hiphop_L7_verb__s5.wav,0.087220676,0.074342415,2914.7034691799245,1768.900940817756,2.1935115,3.891073,0.16361201141640866,0.10442442858669924,0.06793094,0.13958907,23.865206,13.610393
corpus/sao__hiphop_L9_verb__s0.wav,0.22158124,0.05934916,2536.317427872457,737.8712205782374,1.2849044,1.312051,0.11547775977167182,0.0496183489737156,0.035287295,0.09688525,17.44393,4.3902497
corpus/sao__hiphop_L9_verb__s1.wav,0.2269654,0.10133883,2700.316745089651,1220.5094895308484,1.6632125,2.35666,0.12317877140576626,0.06598164904519832,0.026927141,0.04142999,22.411877,9.461543
corpus/sao__hiphop_L9_verb__s2.wav,0.3483878,0.12685144,2462.843874349562,1265.6981338490868,1.8520623,2.2950044,0.08041561351102941,0.07089655577948478,0.033921596,0.13525671,24.44499,9.143495
corpus/sao__hiphop_L9_verb__s3.wav,0.30587047,0.045953326,2959.6799318817057,1364.8417749196065,1.4640619,1.8694745,0.0829537689870356,0.06361438398072775,0.024756271,0.03703921,22.514238,10.2052
corpus/sao__hiphop_L9_verb__s4.wav,0.22971554,0.072802864,2784.3458911238226,443.77309449260235,1.1873829,1.430896,0.14969032689144737,0.03474922731088888,0.039141107,0.09612624,16.372747,3.8380978
corpus/sao__hiphop_L9_verb__s5.wav,0.23921645,0.061545417,2634.325919519675,1369.7724684957132,1.4481529,2.1527848,0.08778669516737617,0.06261575753860624,0.053332362,0.1687848,22.469671,9.151674
corpus/sao__orchestral_L1_verb__s0.wav,0.035111163,0.022436919,1479.638410900309,427.84358334031907,0.7441829,0.360409,0.08990270655959752,0.04468782401000304,0.016367814,0.121975236,34.253017,6.980583
corpus/sao__orchestral_L1_verb__s1.wav,0.06788332,0.036094695,1493.938053189468,589.7046107874228,0.8074238,0.447448,0.07778977904895511,0.04406075613058558,0.025942858,0.14804046,28.379148,7.2015634
corpus/sao__orchestral_L1_verb__s2.wav,0.07184829,0.05938077,1708.8417534395498,365.86657022965244,0.8036218,0.30392498,0.10664712533862229,0.043823672834442474,0.016571475,0.11623362,29.387623,5.52271
corpus/sao__orchestral_L1_verb__s3.wav,0.066727206,0.03496361,1263.1901261432556,559.0455052820978,0.75550056,0.2698127,0.06956533898510062,0.07331282549969638,0.004651847,0.03279448,33.455364,5.3196383
corpus/sao__orchestral_L1_verb__s4.wav,0.1006197,0.048597984,1838.4093562209525,513.3504777670569,0.79048324,0.4006245,0.08742388556985294,0.02545540941213903,0.018152706,0.117091104,26.10981,5.773182
corpus/sao__orchestral_L1_verb__s5.wav,0.034052804,0.02541256,1399.8811031073838,488.2018840360676,0.81817335,0.46277958,0.09097034938564241,0.04538300448795335,0.047198936,0.20780204,31.225517,8.310325
corpus/sao__orchestral_L3_verb__s0.wav,0.121292755,0.052492708,1778.725607746048,574.2446179086006,0.81391627,0.530109,0.10774349059113777,0.07820604504921824,0.016878456,0.09854373,26.105625,4.7356477
corpus/sao__orchestral_L3_verb__s1.wav,0.08737523,0.02583188,1527.0827660956593,235.24277769800563,0.82875913,0.31990764,0.07661329334365326,0.016620792826340516,0.015889943,0.11698371,27.16951,3.7844574
corpus/sao__orchestral_L3_verb__s2.wav,0.07516003,0.031088024,1630.214216469773,635.530861176773,0.77504843,0.4236529,0.09389852517898607,0.05276146583364565,0.0302041,0.15275392,28.084734,6.3283195
corpus/sao__orchestral_L3_verb__s3.wav,0.085972354,0.058158513,1601.2449086481747,430.92605235469233,0.78445476,0.28506,0.0889692276993034,0.03208548051387434,0.014566997,0.113551594,30.295252,5.282579
corpus/sao__orchestral_L3_verb__s4.wav,0.07923805,0.03414396,1607.4780943042433,411.7511692611934,0.8344533,0.2943601,0.09154517584171827,0.046214335774358066,0.026112204,0.14802049,26.661015,4.979011
corpus/sao__orchestral_L3_verb__s5.wav,0.16181254,0.08276341,1541.6138479454355,450.8813335745663,0.79460955,0.34960848,0.0881374111116486,0.026378834034604365,0.001992315,0.008031506,31.193123,4.2273707
corpus/sao__orchestral_L5_verb__s0.wav,0.079286076,0.05132022,1566.816625744003,506.43847414564704,0.76975024,0.31092542,0.09578135581946594,0.03720806620696756,0.023616774,0.14513184,29.12419,7.6577215
corpus/sao__orchestral_L5_verb__s1.wav,0.07919067,0.06926311,1599.328295377455,425.25425559687955,0.72168005,0.30673555,0.09296806973200464,0.030895106766179917,0.01583524,0.113904454,29.02041,6.738566
corpus/sao__orchestral_L5_verb__s2.wav,0.06929607,0.04180439,1424.1675994804289,608.5132318395691,0.7871762,0.41605294,0.08424665610487617,0.044027252946810085,0.030374965,0.1627174,28.960266,8.068943
corpus/sao__orchestral_L5_verb__s3.wav,0.07220689,0.04598703,1669.5545077578788,390.4622406146568,0.7976301,0.3291007,0.0975598787006579,0.03148619340965858,0.0060441126,0.062085442,28.61694,4.704422
corpus/sao__orchestral_L5_verb__s4.wav,0.0807555,0.056029983,1713.5988439526534,516.0133320635259,0.76674676,0.4169478,0.08864043150154799,0.04080744252534583,0.021148529,0.13143116,26.427063,5.474759
corpus/sao__orchestral_L5_verb__s5.wav,0.06372765,0.04384028,1305.5507818073431,754.2529778249327,0.6464421,0.34568474,0.07378640189628483,0.06016694413850089,0.08300982,0.2707698,31.907799,12.124342
corpus/sao__orchestral_L7_verb__s0.wav,0.081059396,0.06784952,1834.0544882935014,336.2102858450687,0.79113656,0.32457992,0.1006369575996517,0.031501481197027184,0.0072643366,0.061962076,25.844856,4.090164
corpus/sao__orchestral_L7_verb__s1.wav,0.12563534,0.08161465,1692.813052679748,506.06930287412695,0.7779259,0.24195316,0.10174050345878483,0.044958948472542865,0.013902399,0.1021119,27.664328,4.3266454
corpus/sao__orchestral_L7_verb__s2.wav,0.13096808,0.058417417,1970.8834900732631,458.9977747275923,0.81044257,0.46505478,0.10870153468459752,0.0280861709018818,0.023728518,0.1294392,22.999355,4.0093884
corpus/sao__orchestral_L7_verb__s3.wav,0.13553114,0.07451982,1617.5364925421275,421.3504190663729,0.831246,0.31209558,0.09836750798181114,0.03965365946208296,0.015681038,0.115598045,29.86792,6.467511
corpus/sao__orchestral_L7_verb__s4.wav,0.11149208,0.07795238,1937.8515585139282,400.04838698792906,0.8826464,0.5871778,0.12524716403831268,0.044331092595173274,0.0068208226,0.06312039,28.664595,6.1409526
corpus/sao__orchestral_L7_verb__s5.wav,0.086444594,0.037533056,2128.3977971607546,460.06884410568586,0.81441855,0.3534156,0.12837375133030185,0.04934886434251452,0.0048659607,0.009792416,25.228207,3.3646119
corpus/sao__orchestral_L9_verb__s0.wav,0.10432436,0.06326014,2179.1922685887007,517.5735739672925,0.7888716,0.33605477,0.12731895801083593,0.04450391293062786,0.042646833,0.18564323,22.498945,5.1572022
corpus/sao__orchestral_L9_verb__s1.wav,0.16312203,0.096661404,2390.867305960765,667.0373996615288,0.82247597,0.31699008,0.14629012069465944,0.045240551767436445,0.024471696,0.12609935,23.016405,7.671944
corpus/sao__orchestral_L9_verb__s2.wav,0.11398137,0.07719445,1909.3759710905056,481.8009795693504,0.6810077,0.3521992,0.13898366449787153,0.08732142597570906,0.023830192,0.12914643,24.425676,6.1263313
corpus/sao__orchestral_L9_verb__s3.wav,0.13829741,0.08953497,1993.255446749519,459.5610886767222,0.75986785,0.2926257,0.1227887510884288,0.03285626604593922,0.030490905,0.1568311,24.21411,6.4515805
corpus/sao__orchestral_L9_verb__s4.wav,0.1302504,0.06499729,1819.198032925216,452.03743456400093,0.78643394,0.26137036,0.1150185788748065,0.04043590675950158,0.002587613,0.006823289,27.279251,3.5395007
corpus/sao__orchestral_L9_verb__s5.wav,0.14288202,0.09210242,2383.8430967208556,513.4189561179785,0.6848719,0.35241136,0.17865500435371517,0.059734377868072744,0.031257782,0.15294874,23.878925,6.3984456
corpus/sao__rock_L1_verb__s0.wav,0.14034393,0.057137903,1893.6855724154389,973.6336204100054,1.1951752,1.898847,0.07893792025445047,0.07162262541344369,0.04992802,0.16770607,22.239582,9.46822
corpus/sao__rock_L1_verb__s1.wav,0.10174383,0.043697905,1446.9817682904893,829.1272833871451,1.514417,2.247642,0.07489410494872291,0.09335187237212539,0.011245481,0.042477246,29.636591,9.005296
corpus/sao__rock_L1_verb__s2.wav,0.1678694,0.064461045,2502.914991153616,935.7318731441811,0.88120747,0.84764993,0.13728866340944273,0.09674367516127437,0.057920393,0.15131652,16.296518,4.4130926
corpus/sao__rock_L1_verb__s3.wav,0.13539915,0.038526095,1520.9902573408717,455.6285937473032,1.1040916,1.5711508,0.07471194429663312,0.03594671732529426,0.02290983,0.13377461,25.828793,5.7885766
corpus/sao__rock_L1_verb__s4.wav,0.14737561,0.035817556,1965.8788862927038,393.7144088543158,1.1320728,1.1316363,0.08688722970684984,0.024837326249028756,0.024100792,0.11308655,20.417957,3.8367352
corpus/sao__rock_L1_verb__s5.wav,0.121363826,0.04070636,1542.0509389094502,444.67471763667356,1.1205437,1.5222167,0.0709171826625387,0.025264610161142145,0.0060031563,0.015091322,26.920465,5.826634
corpus/sao__rock_L3_verb__s0.wav,0.13040586,0.03801394,1748.172605542882,401.64391168445826,1.5341187,2.5386136,0.06794667908281733,0.02448447844023164,0.013380316,0.068564154,22.604153,5.084506
corpus/sao__rock_L3_verb__s1.wav,0.1330421,0.033897832,1665.2508241436008,386.46410465690684,0.9686066,1.0276022,0.07842998681791796,0.021577610497316903,0.028695328,0.14729698,22.760267,4.7617226
corpus/sao__rock_L3_verb__s2.wav,0.15899836,0.057314277,1726.7505411635198,568.2696551554135,0.86365294,1.1005846,0.09518801095684984,0.05160901835555276,0.03604552,0.16540164,24.635136,8.352745
corpus/sao__rock_L3_verb__s3.wav,0.13876322,0.040898345,1657.2122997417425,555.5897404246806,1.1361456,1.4740138,0.08469487712848298,0.06821870146159145,0.05764365,0.21614303,22.822746,7.0003467
corpus/sao__rock_L3_verb__s4.wav,0.15676314,0.05958526,1913.4000285697866,534.7925120920772,0.9966077,1.7546418,0.09683388157894737,0.04661331346596211,0.02990814,0.13237342,21.520365,5.8230667
corpus/sao__rock_L3_verb__s5.wav,0.2778447,0.051835842,1753.6286653705354,461.9757011477754,1.0890076,1.1761936,0.06681100945723684,0.01972788369003286,0.0206811,0.112613596,23.154709,5.3125725
corpus/sao__rock_L5_verb__s0.wav,0.14066136,0.06528514,2137.6500485631796,876.3587528626779,0.973229,1.3136678,0.11855786208397832,0.06727287161431687,0.11318795,0.28517044,16.686047,6.339641
corpus/sao__rock_L5_verb__s1.wav,0.057949703,0.026363559,2018.1337770107857,368.7152574416567,1.466596,2.0763538,0.09530516822271672,0.025733820627111745,0.022141524,0.10640915,21.58116,5.5334806
corpus/sao__rock_L5_verb__s2.wav,0.107957855,0.037673738,1905.4599405782574,388.20705044302116,1.3248585,1.7070827,0.11805408584075078,0.03669584054115304,0.015465385,0.103243016,24.43906,4.2789516
corpus/sao__rock_L5_verb__s3.wav,0.15115553,0.040142268,1627.153033117465,441.1457368353703,0.9862531,1.263578,0.08144735330398607,0.02568024369816798,0.037352253,0.17867567,24.778618,6.3343096
corpus/sao__rock_L5_verb__s4.wav,0.10943339,0.041152596,2321.361594182434,787.4775309602849,1.0437214,1.5713059,0.13267266713428794,0.18061471796656697,0.042052142,0.11514417,19.24633,6.179246
corpus/sao__rock_L5_verb__s5.wav,0.13681005,0.048414305,2019.8041886963626,603.2202618321681,1.2078925,2.2085443,0.07285178925599846,0.03059211123726637,0.03811877,0.15121782,19.849258,6.5266833
corpus/sao__rock_L7_verb__s0.wav,0.14719999,0.040828343,1688.9811686601774,464.6393272501316,1.2807801,1.7120618,0.0702104598006966,0.02232382281231108,0.040589638,0.17739137,22.276443,5.9402027
corpus/sao__rock_L7_verb__s1.wav,0.15287542,0.06232188,1993.6355956935759,702.2129058709409,1.3074133,1.6911355,0.09713584498355263,0.0749323573926318,0.013024325,0.030250242,23.926039,6.46306
corpus/sao__rock_L7_verb__s2.wav,0.19658317,0.09157309,2672.2511953585763,591.3332723845641,0.9992721,1.2228762,0.11999965230746903,0.07110293154364387,0.048843917,0.12630408,15.8534155,3.8247352
corpus/sao__rock_L7_verb__s3.wav,0.12118913,0.03357507,1913.1978697811367,470.50018013748195,1.0133669,1.26646,0.08437817458397832,0.02534836242887729,0.043239877,0.17770636,21.037306,6.2162433
corpus/sao__rock_L7_verb__s4.wav,0.23468615,0.044870224,1983.8716398714057,370.8630069718412,1.1302793,1.3058823,0.0951921681501548,0.026419245246205238,0.021956636,0.10270875,20.998451,5.0426607
corpus/sao__rock_L7_verb__s5.wav,0.17593125,0.05927364,2055.496934361742,609.336770088568,0.9833933,1.1114776,0.11056244557856038,0.10609223664181125,0.034392145,0.12681416,19.801378,5.294838
corpus/sao__rock_L9_verb__s0.wav,0.24790841,0.04022171,2324.973308714554,285.13625744115654,0.97452205,0.69517606,0.12006541154702012,0.03169925077976405,0.017575275,0.009892341,18.437067,3.19613
corpus/sao__rock_L9_verb__s1.wav,0.21178302,0.055963,2368.262919606977,324.68600897851746,0.9551267,0.7152694,0.12670444925503097,0.0255384613792397,0.027978782,0.017097862,16.948309,4.773323
corpus/sao__rock_L9_verb__s2.wav,0.24456319,0.048125666,2473.780877136391,345.0907064552535,0.928046,0.76818,0.12293198529411764,0.035199287536014916,0.033872727,0.08202866,16.291431,3.4753656
corpus/sao__rock_L9_verb__s3.wav,0.32527798,0.057177797,2589.3546974673795,327.751613978753,0.94857174,0.6380779,0.13720022857004643,0.02814642680581508,0.032260846,0.021032462,15.651923,2.4529858
corpus/sao__rock_L9_verb__s4.wav,0.19902624,0.03773971,2162.8739993259082,318.1291006241889,1.1446553,1.1338199,0.0985534479005418,0.026444290318663737,0.017245173,0.013689182,19.002724,3.6189184
corpus/sao__rock_L9_verb__s5.wav,0.2024796,0.045141168,2224.5950420283766,360.1481384702834,0.98552597,0.6999405,0.13530076915634676,0.027299584980396984,0.031670857,0.1277761,18.919949,3.987773
