file,sim_lo,sim_hi,axis
corpus/ace__edm_L1_num__s0.wav,0.5424602031707764,0.4038797914981842,-0.13858041167259216
corpus/ace__edm_L1_num__s1.wav,0.5999280214309692,0.44539588689804077,-0.15453213453292847
corpus/ace__edm_L1_num__s2.wav,0.5923271179199219,0.43862125277519226,-0.15370586514472961
corpus/ace__edm_L1_num__s3.wav,0.46221673488616943,0.4111822247505188,-0.051034510135650635
corpus/ace__edm_L1_num__s4.wav,0.5107477903366089,0.3236149549484253,-0.1871328353881836
corpus/ace__edm_L1_num__s5.wav,0.5565807819366455,0.37910333275794983,-0.17747744917869568
corpus/ace__edm_L1_verb__s0.wav,0.5379282236099243,0.2818033695220947,-0.2561248540878296
corpus/ace__edm_L1_verb__s1.wav,0.6064400672912598,0.2732298970222473,-0.33321017026901245
corpus/ace__edm_L1_verb__s2.wav,0.4603729248046875,0.2847610116004944,-0.17561191320419312
corpus/ace__edm_L1_verb__s3.wav,0.5340210795402527,0.39680641889572144,-0.13721466064453125
corpus/ace__edm_L1_verb__s4.wav,0.539732813835144,0.39603763818740845,-0.1436951756477356
corpus/ace__edm_L1_verb__s5.wav,0.5474216938018799,0.3291637897491455,-0.21825790405273438
corpus/ace__edm_L3_num__s0.wav,0.5978394746780396,0.4019300639629364,-0.19590941071510315
corpus/ace__edm_L3_num__s1.wav,0.5688561797142029,0.3624577522277832,-0.20639842748641968
corpus/ace__edm_L3_num__s2.wav,0.5200061202049255,0.4153689742088318,-0.10463714599609375
corpus/ace__edm_L3_num__s3.wav,0.5410240888595581,0.36652421951293945,-0.17449986934661865
corpus/ace__edm_L3_num__s4.wav,0.5896153450012207,0.3678818941116333,-0.2217334508895874
corpus/ace__edm_L3_num__s5.wav,0.5742287039756775,0.33330607414245605,-0.24092262983322144
corpus/ace__edm_L3_verb__s0.wav,0.622241735458374,0.3771454691886902,-0.24509626626968384
corpus/ace__edm_L3_verb__s1.wav,0.6258067488670349,0.32333314418792725,-0.30247360467910767
corpus/ace__edm_L3_verb__s2.wav,0.5818798542022705,0.2860097885131836,-0.2958700656890869
corpus/ace__edm_L3_verb__s3.wav,0.6040607690811157,0.36777210235595703,-0.2362886667251587
corpus/ace__edm_L3_verb__s4.wav,0.5607779026031494,0.39535367488861084,-0.16542422771453857
corpus/ace__edm_L3_verb__s5.wav,0.5106368064880371,0.29007017612457275,-0.22056663036346436
corpus/ace__edm_L5_num__s0.wav,0.5680361390113831,0.3905768394470215,-0.17745929956436157
corpus/ace__edm_L5_num__s1.wav,0.5813513994216919,0.435118168592453,-0.1462332308292389
corpus/ace__edm_L5_num__s2.wav,0.5229393839836121,0.4371415078639984,-0.08579787611961365
corpus/ace__edm_L5_num__s3.wav,0.5634121894836426,0.29658088088035583,-0.26683130860328674
corpus/ace__edm_L5_num__s4.wav,0.5301161408424377,0.43071290850639343,-0.09940323233604431
corpus/ace__edm_L5_num__s5.wav,0.49258100986480713,0.4090079963207245,-0.08357301354408264
corpus/ace__edm_L5_verb__s0.wav,0.6031501889228821,0.3448498249053955,-0.2583003640174866
corpus/ace__edm_L5_verb__s1.wav,0.49942129850387573,0.38863101601600647,-0.11079028248786926
corpus/ace__edm_L5_verb__s2.wav,0.5471059083938599,0.3977389931678772,-0.14936691522598267
corpus/ace__edm_L5_verb__s3.wav,0.5660279989242554,0.2805956304073334,-0.285432368516922
corpus/ace__edm_L5_verb__s4.wav,0.5389685034751892,0.3455754816532135,-0.1933930218219757
corpus/ace__edm_L5_verb__s5.wav,0.5158083438873291,0.29337406158447266,-0.22243428230285645
corpus/ace__edm_L7_num__s0.wav,0.6162010431289673,0.3691915273666382,-0.2470095157623291
corpus/ace__edm_L7_num__s1.wav,0.5915403962135315,0.33892822265625,-0.2526121735572815
corpus/ace__edm_L7_num__s2.wav,0.5432603359222412,0.3700936436653137,-0.1731666922569275
corpus/ace__edm_L7_num__s3.wav,0.5488169193267822,0.4364211857318878,-0.11239573359489441
corpus/ace__edm_L7_num__s4.wav,0.54410719871521,0.450880229473114,-0.09322696924209595
corpus/ace__edm_L7_num__s5.wav,0.5136483907699585,0.38318103551864624,-0.13046735525131226
corpus/ace__edm_L7_verb__s0.wav,0.6038216352462769,0.47142326831817627,-0.13239836692810059
corpus/ace__edm_L7_verb__s1.wav,0.47411051392555237,0.3897165358066559,-0.08439397811889648
corpus/ace__edm_L7_verb__s2.wav,0.5704138278961182,0.3425278961658478,-0.22788593173027039
corpus/ace__edm_L7_verb__s3.wav,0.5659237504005432,0.298464834690094,-0.2674589157104492
corpus/ace__edm_L7_verb__s4.wav,0.5256520509719849,0.3744313418865204,-0.15122070908546448
corpus/ace__edm_L7_verb__s5.wav,0.6387933492660522,0.4096534252166748,-0.22913992404937744
corpus/ace__edm_L9_num__s0.wav,0.6221882700920105,0.33237725496292114,-0.28981101512908936
corpus/ace__edm_L9_num__s1.wav,0.4407142400741577,0.4636143445968628,0.022900104522705078
corpus/ace__edm_L9_num__s2.wav,0.503796398639679,0.3069433569908142,-0.19685304164886475
corpus/ace__edm_L9_num__s3.wav,0.5871279239654541,0.4195256233215332,-0.1676023006439209
corpus/ace__edm_L9_num__s4.wav,0.548638105392456,0.2686160206794739,-0.2800220847129822
corpus/ace__edm_L9_num__s5.wav,0.5057621002197266,0.397227942943573,-0.10853415727615356
corpus/ace__edm_L9_verb__s0.wav,0.5961995124816895,0.3368355631828308,-0.25936394929885864
corpus/ace__edm_L9_verb__s1.wav,0.5996620059013367,0.27872568368911743,-0.32093632221221924
corpus/ace__edm_L9_verb__s2.wav,0.5772155523300171,0.44066470861434937,-0.13655084371566772
corpus/ace__edm_L9_verb__s3.wav,0.5867693424224854,0.3121681809425354,-0.27460116147994995
corpus/ace__edm_L9_verb__s4.wav,0.5572019219398499,0.4113001823425293,-0.14590173959732056
corpus/ace__edm_L9_verb__s5.wav,0.563892662525177,0.3391883075237274,-0.22470435500144958
corpus/ace__folk_L1_num__s0.wav,0.522905707359314,0.42125117778778076,-0.1016545295715332
corpus/ace__folk_L1_num__s1.wav,0.4733986556529999,0.3884442448616028,-0.0849544107913971
corpus/ace__folk_L1_num__s2.wav,0.4860156774520874,0.40079280734062195,-0.08522287011146545
corpus/ace__folk_L1_num__s3.wav,0.4669659733772278,0.3912583589553833,-0.07570761442184448
corpus/ace__folk_L1_num__s4.wav,0.5325445532798767,0.4636214077472687,-0.06892314553260803
corpus/ace__folk_L1_num__s5.wav,0.570490837097168,0.4817371964454651,-0.08875364065170288
corpus/ace__folk_L1_verb__s0.wav,0.5111885070800781,0.4721522331237793,-0.03903627395629883
corpus/ace__folk_L1_verb__s1.wav,0.48450955748558044,0.4318973422050476,-0.05261221528053284
corpus/ace__folk_L1_verb__s2.wav,0.5217427015304565,0.4464888572692871,-0.07525384426116943
corpus/ace__folk_L1_verb__s3.wav,0.5033351182937622,0.4335535168647766,-0.0697816014289856
corpus/ace__folk_L1_verb__s4.wav,0.4712083339691162,0.3908957242965698,-0.08031260967254639
corpus/ace__folk_L1_verb__s5.wav,0.5312140583992004,0.46341830492019653,-0.0677957534790039
corpus/ace__folk_L3_num__s0.wav,0.5046128034591675,0.39821869134902954,-0.10639411211013794
corpus/ace__folk_L3_num__s1.wav,0.3430645763874054,0.30448877811431885,-0.03857579827308655
corpus/ace__folk_L3_num__s2.wav,0.4665009379386902,0.3854745030403137,-0.08102643489837646
corpus/ace__folk_L3_num__s3.wav,0.4488145112991333,0.42623794078826904,-0.022576570510864258
corpus/ace__folk_L3_num__s4.wav,0.5299574136734009,0.4547231197357178,-0.0752342939376831
corpus/ace__folk_L3_num__s5.wav,0.46220481395721436,0.40170150995254517,-0.06050330400466919
corpus/ace__folk_L3_verb__s0.wav,0.5194283723831177,0.4593780040740967,-0.060050368309020996
corpus/ace__folk_L3_verb__s1.wav,0.4531839191913605,0.3980501890182495,-0.05513373017311096
corpus/ace__folk_L3_verb__s2.wav,0.5333340764045715,0.40220504999160767,-0.13112902641296387
corpus/ace__folk_L3_verb__s3.wav,0.6169735789299011,0.4992717206478119,-0.11770185828208923
corpus/ace__folk_L3_verb__s4.wav,0.5253849029541016,0.45521172881126404,-0.07017317414283752
corpus/ace__folk_L3_verb__s5.wav,0.46763747930526733,0.3779827654361725,-0.08965471386909485
corpus/ace__folk_L5_num__s0.wav,0.5109352469444275,0.4360206723213196,-0.07491457462310791
corpus/ace__folk_L5_num__s1.wav,0.48896369338035583,0.45276814699172974,-0.0361955463886261
corpus/ace__folk_L5_num__s2.wav,0.5461416244506836,0.4780651330947876,-0.068076491355896
corpus/ace__folk_L5_num__s3.wav,0.4941251873970032,0.4036869704723358,-0.09043821692466736
corpus/ace__folk_L5_num__s4.wav,0.5123962163925171,0.44205325841903687,-0.07034295797348022
corpus/ace__folk_L5_num__s5.wav,0.4412972927093506,0.38460418581962585,-0.05669310688972473
corpus/ace__folk_L5_verb__s0.wav,0.44154924154281616,0.3404507637023926,-0.10109847784042358
corpus/ace__folk_L5_verb__s1.wav,0.44197970628738403,0.3921106457710266,-0.04986906051635742
corpus/ace__folk_L5_verb__s2.wav,0.552031397819519,0.46122974157333374,-0.0908016562461853
corpus/ace__folk_L5_verb__s3.wav,0.3102618157863617,0.3102266192436218,-3.5196542739868164e-05
corpus/ace__folk_L5_verb__s4.wav,0.4798973798751831,0.42451536655426025,-0.05538201332092285
corpus/ace__folk_L5_verb__s5.wav,0.5343154072761536,0.4951896071434021,-0.039125800132751465
corpus/ace__folk_L7_num__s0.wav,0.6052472591400146,0.4826134145259857,-0.12263384461402893
corpus/ace__folk_L7_num__s1.wav,0.36552900075912476,0.3352346420288086,-0.030294358730316162
corpus/ace__folk_L7_num__s2.wav,0.4320170283317566,0.35641342401504517,-0.07560360431671143
corpus/ace__folk_L7_num__s3.wav,0.5463294386863708,0.47406822443008423,-0.07226121425628662
corpus/ace__folk_L7_num__s4.wav,0.4174641966819763,0.4026978313922882,-0.01476636528968811
corpus/ace__folk_L7_num__s5.wav,0.4330889582633972,0.3900389075279236,-0.04305005073547363
corpus/ace__folk_L7_verb__s0.wav,0.2486933022737503,0.24637800455093384,-0.0023152977228164673
corpus/ace__folk_L7_verb__s1.wav,0.46793514490127563,0.450381875038147,-0.017553269863128662
corpus/ace__folk_L7_verb__s2.wav,0.2761867046356201,0.2566041350364685,-0.01958256959915161
corpus/ace__folk_L7_verb__s3.wav,0.5134001970291138,0.43946975469589233,-0.07393044233322144
corpus/ace__folk_L7_verb__s4.wav,0.5757848024368286,0.6000432968139648,0.02425849437713623
corpus/ace__folk_L7_verb__s5.wav,0.5457704067230225,0.49654901027679443,-0.04922139644622803
corpus/ace__folk_L9_num__s0.wav,0.4192860722541809,0.3972684144973755,-0.02201765775680542
corpus/ace__folk_L9_num__s1.wav,0.5024378299713135,0.4120926260948181,-0.09034520387649536
corpus/ace__folk_L9_num__s2.wav,0.5273550152778625,0.4328831732273102,-0.09447184205055237
corpus/ace__folk_L9_num__s3.wav,0.5310347080230713,0.47072991728782654,-0.06030479073524475
corpus/ace__folk_L9_num__s4.wav,0.42465847730636597,0.3486020565032959,-0.07605642080307007
corpus/ace__folk_L9_num__s5.wav,0.536609411239624,0.4748718738555908,-0.0617375373840332
corpus/ace__folk_L9_verb__s0.wav,0.5439746975898743,0.4739638566970825,-0.07001084089279175
corpus/ace__folk_L9_verb__s1.wav,0.45167413353919983,0.3899150490760803,-0.06175908446311951
corpus/ace__folk_L9_verb__s2.wav,0.48529160022735596,0.4368910789489746,-0.04840052127838135
corpus/ace__folk_L9_verb__s3.wav,0.5151157379150391,0.4638116955757141,-0.05130404233932495
corpus/ace__folk_L9_verb__s4.wav,0.6021302938461304,0.5094006061553955,-0.09272968769073486
corpus/ace__folk_L9_verb__s5.wav,0.5125086903572083,0.49557486176490784,-0.016933828592300415
corpus/ace__hiphop_L1_num__s0.wav,0.5976384282112122,0.4806594252586365,-0.11697900295257568
corpus/ace__hiphop_L1_num__s1.wav,0.6401525735855103,0.4953833520412445,-0.14476922154426575
corpus/ace__hiphop_L1_num__s2.wav,0.6064971685409546,0.4434472322463989,-0.16304993629455566
corpus/ace__hiphop_L1_num__s3.wav,0.5902242660522461,0.42349502444267273,-0.16672924160957336
corpus/ace__hiphop_L1_num__s4.wav,0.5954444408416748,0.4190658926963806,-0.1763785481452942
corpus/ace__hiphop_L1_num__s5.wav,0.6563093662261963,0.5152649879455566,-0.14104437828063965
corpus/ace__hiphop_L1_verb__s0.wav,0.6321158409118652,0.5092622637748718,-0.12285357713699341
corpus/ace__hiphop_L1_verb__s1.wav,0.6193066835403442,0.4827911853790283,-0.13651549816131592
corpus/ace__hiphop_L1_verb__s2.wav,0.588790774345398,0.49904578924179077,-0.08974498510360718
corpus/ace__hiphop_L1_verb__s3.wav,0.6335599422454834,0.5256280899047852,-0.10793185234069824
corpus/ace__hiphop_L1_verb__s4.wav,0.5568299293518066,0.4807887375354767,-0.07604119181632996
corpus/ace__hiphop_L1_verb__s5.wav,0.5791283845901489,0.4647323489189148,-0.11439603567123413
corpus/ace__hiphop_L3_num__s0.wav,0.48863446712493896,0.4217754900455475,-0.06685897707939148
corpus/ace__hiphop_L3_num__s1.wav,0.6506684422492981,0.4746928811073303,-0.17597556114196777
corpus/ace__hiphop_L3_num__s2.wav,0.5653209090232849,0.39235174655914307,-0.17296916246414185
corpus/ace__hiphop_L3_num__s3.wav,0.5981355309486389,0.3828703761100769,-0.215265154838562
corpus/ace__hiphop_L3_num__s4.wav,0.5341434478759766,0.3920503854751587,-0.14209306240081787
corpus/ace__hiphop_L3_num__s5.wav,0.5911863446235657,0.4066389203071594,-0.18454742431640625
corpus/ace__hiphop_L3_verb__s0.wav,0.581141471862793,0.4322279691696167,-0.14891350269317627
corpus/ace__hiphop_L3_verb__s1.wav,0.5814676880836487,0.4180888533592224,-0.16337883472442627
corpus/ace__hiphop_L3_verb__s2.wav,0.6372843980789185,0.4706435203552246,-0.16664087772369385
corpus/ace__hiphop_L3_verb__s3.wav,0.6375119686126709,0.45442840456962585,-0.18308356404304504
corpus/ace__hiphop_L3_verb__s4.wav,0.65571528673172,0.4567219018936157,-0.19899338483810425
corpus/ace__hiphop_L3_verb__s5.wav,0.6295748949050903,0.5314900279045105,-0.09808486700057983
corpus/ace__hiphop_L5_num__s0.wav,0.5332813262939453,0.4182290732860565,-0.1150522530078888
corpus/ace__hiphop_L5_num__s1.wav,0.618205189704895,0.5098201632499695,-0.10838502645492554
corpus/ace__hiphop_L5_num__s2.wav,0.5200425386428833,0.40808817744255066,-0.11195436120033264
corpus/ace__hiphop_L5_num__s3.wav,0.626296877861023,0.40984615683555603,-0.21645072102546692
corpus/ace__hiphop_L5_num__s4.wav,0.5973140001296997,0.4206354022026062,-0.1766785979270935
corpus/ace__hiphop_L5_num__s5.wav,0.6487232446670532,0.563229501247406,-0.08549374341964722
corpus/ace__hiphop_L5_verb__s0.wav,0.6353323459625244,0.46385788917541504,-0.17147445678710938
corpus/ace__hiphop_L5_verb__s1.wav,0.6015266180038452,0.5064149498939514,-0.0951116681098938
corpus/ace__hiphop_L5_verb__s2.wav,0.5445476174354553,0.4747758209705353,-0.06977179646492004
corpus/ace__hiphop_L5_verb__s3.wav,0.5611786842346191,0.47183555364608765,-0.0893431305885315
corpus/ace__hiphop_L5_verb__s4.wav,0.6082416772842407,0.4450817108154297,-0.16315996646881104
corpus/ace__hiphop_L5_verb__s5.wav,0.5978189706802368,0.48614394664764404,-0.11167502403259277
corpus/ace__hiphop_L7_num__s0.wav,0.6183210611343384,0.41539791226387024,-0.20292314887046814
corpus/ace__hiphop_L7_num__s1.wav,0.6116724610328674,0.44722098112106323,-0.1644514799118042
corpus/ace__hiphop_L7_num__s2.wav,0.598360538482666,0.40315568447113037,-0.19520485401153564
corpus/ace__hiphop_L7_num__s3.wav,0.611997127532959,0.39720261096954346,-0.21479451656341553
corpus/ace__hiphop_L7_num__s4.wav,0.6241419911384583,0.45860496163368225,-0.165537029504776
corpus/ace__hiphop_L7_num__s5.wav,0.6034376621246338,0.5392342805862427,-0.06420338153839111
corpus/ace__hiphop_L7_verb__s0.wav,0.5094618201255798,0.42165371775627136,-0.08780810236930847
corpus/ace__hiphop_L7_verb__s1.wav,0.5923454165458679,0.45005014538764954,-0.14229527115821838
corpus/ace__hiphop_L7_verb__s2.wav,0.6003119945526123,0.5754484534263611,-0.02486354112625122
corpus/ace__hiphop_L7_verb__s3.wav,0.43042492866516113,0.37907299399375916,-0.05135193467140198
corpus/ace__hiphop_L7_verb__s4.wav,0.4995105266571045,0.38604384660720825,-0.11346668004989624
corpus/ace__hiphop_L7_verb__s5.wav,0.5724706649780273,0.4871270954608917,-0.08534356951713562
corpus/ace__hiphop_L9_num__s0.wav,0.5763171911239624,0.44160979986190796,-0.13470739126205444
corpus/ace__hiphop_L9_num__s1.wav,0.6440613269805908,0.4379325807094574,-0.20612874627113342
corpus/ace__hiphop_L9_num__s2.wav,0.6180873513221741,0.4830247759819031,-0.135062575340271
corpus/ace__hiphop_L9_num__s3.wav,0.5836142897605896,0.4690939784049988,-0.11452031135559082
corpus/ace__hiphop_L9_num__s4.wav,0.6210675239562988,0.42599478363990784,-0.195072740316391
corpus/ace__hiphop_L9_num__s5.wav,0.585140585899353,0.4180713891983032,-0.1670691967010498
corpus/ace__hiphop_L9_verb__s0.wav,0.6199405193328857,0.41435906291007996,-0.2055814564228058
corpus/ace__hiphop_L9_verb__s1.wav,0.6573208570480347,0.5341166257858276,-0.12320423126220703
corpus/ace__hiphop_L9_verb__s2.wav,0.508285641670227,0.39574170112609863,-0.11254394054412842
corpus/ace__hiphop_L9_verb__s3.wav,0.519145131111145,0.42304128408432007,-0.09610384702682495
corpus/ace__hiphop_L9_verb__s4.wav,0.6479628682136536,0.42718198895454407,-0.2207808792591095
corpus/ace__hiphop_L9_verb__s5.wav,0.5044503211975098,0.3462679386138916,-0.15818238258361816
corpus/ace__orchestral_L1_num__s0.wav,0.46773380041122437,0.31073787808418274,-0.15699592232704163
corpus/ace__orchestral_L1_num__s1.wav,0.4141547679901123,0.42436647415161133,0.010211706161499023
corpus/ace__orchestral_L1_num__s2.wav,0.3086863160133362,0.38182008266448975,0.07313376665115356
corpus/ace__orchestral_L1_num__s3.wav,0.543107807636261,0.47336357831954956,-0.06974422931671143
corpus/ace__orchestral_L1_num__s4.wav,0.39402395486831665,0.30792897939682007,-0.08609497547149658
corpus/ace__orchestral_L1_num__s5.wav,0.16962532699108124,0.12684854865074158,-0.04277677834033966
corpus/ace__orchestral_L1_verb__s0.wav,0.4356094002723694,0.39967110753059387,-0.03593829274177551
corpus/ace__orchestral_L1_verb__s1.wav,0.5191441774368286,0.3800634443759918,-0.1390807330608368
corpus/ace__orchestral_L1_verb__s2.wav,0.46187180280685425,0.39051270484924316,-0.07135909795761108
corpus/ace__orchestral_L1_verb__s3.wav,0.47862380743026733,0.41556301712989807,-0.06306079030036926
corpus/ace__orchestral_L1_verb__s4.wav,0.5329272747039795,0.4816009998321533,-0.05132627487182617
corpus/ace__orchestral_L1_verb__s5.wav,0.48912137746810913,0.33511286973953247,-0.15400850772857666
corpus/ace__orchestral_L3_num__s0.wav,0.5729458332061768,0.4786340594291687,-0.09431177377700806
corpus/ace__orchestral_L3_num__s1.wav,0.39212849736213684,0.32472288608551025,-0.06740561127662659
corpus/ace__orchestral_L3_num__s2.wav,0.4881446659564972,0.49212896823883057,0.003984302282333374
corpus/ace__orchestral_L3_num__s3.wav,0.43143489956855774,0.36611783504486084,-0.0653170645236969
corpus/ace__orchestral_L3_num__s4.wav,0.5266613364219666,0.4083477854728699,-0.11831355094909668
corpus/ace__orchestral_L3_num__s5.wav,0.5175313353538513,0.43480002880096436,-0.08273130655288696
corpus/ace__orchestral_L3_verb__s0.wav,0.4656335413455963,0.2427166998386383,-0.222916841506958
corpus/ace__orchestral_L3_verb__s1.wav,0.39922207593917847,0.3337273597717285,-0.06549471616744995
corpus/ace__orchestral_L3_verb__s2.wav,0.4201819896697998,0.44022929668426514,0.020047307014465332
corpus/ace__orchestral_L3_verb__s3.wav,0.5619982481002808,0.38368523120880127,-0.1783130168914795
corpus/ace__orchestral_L3_verb__s4.wav,0.5584638118743896,0.42567265033721924,-0.1327911615371704
corpus/ace__orchestral_L3_verb__s5.wav,0.549014687538147,0.4309121072292328,-0.11810258030891418
corpus/ace__orchestral_L5_num__s0.wav,0.44585180282592773,0.36026445031166077,-0.08558735251426697
corpus/ace__orchestral_L5_num__s1.wav,0.41981029510498047,0.3671846389770508,-0.05262565612792969
corpus/ace__orchestral_L5_num__s2.wav,0.3853880763053894,0.21921943128108978,-0.16616864502429962
corpus/ace__orchestral_L5_num__s3.wav,0.5188109874725342,0.42331063747406006,-0.09550034999847412
corpus/ace__orchestral_L5_num__s4.wav,0.5284050703048706,0.47196924686431885,-0.05643582344055176
corpus/ace__orchestral_L5_num__s5.wav,0.48229214549064636,0.5513169765472412,0.06902483105659485
corpus/ace__orchestral_L5_verb__s0.wav,0.5076972246170044,0.398365318775177,-0.10933190584182739
corpus/ace__orchestral_L5_verb__s1.wav,0.43542563915252686,0.45730650424957275,0.0218808650970459
corpus/ace__orchestral_L5_verb__s2.wav,0.41353702545166016,0.4666803479194641,0.053143322467803955
corpus/ace__orchestral_L5_verb__s3.wav,0.5405039191246033,0.49203336238861084,-0.04847055673599243
corpus/ace__orchestral_L5_verb__s4.wav,0.2907518744468689,0.29292958974838257,0.002177715301513672
corpus/ace__orchestral_L5_verb__s5.wav,0.3895267844200134,0.33387136459350586,-0.05565541982650757
corpus/ace__orchestral_L7_num__s0.wav,0.5824439525604248,0.47862017154693604,-0.10382378101348877
corpus/ace__orchestral_L7_num__s1.wav,0.4418833255767822,0.3319801986217499,-0.10990312695503235
corpus/ace__orchestral_L7_num__s2.wav,0.25929078459739685,0.30323052406311035,0.0439397394657135
corpus/ace__orchestral_L7_num__s3.wav,0.5204042196273804,0.44200271368026733,-0.07840150594711304
corpus/ace__orchestral_L7_num__s4.wav,0.5439494848251343,0.4625169634819031,-0.0814325213432312
corpus/ace__orchestral_L7_num__s5.wav,0.452795147895813,0.34324145317077637,-0.10955369472503662
corpus/ace__orchestral_L7_verb__s0.wav,0.4543238580226898,0.42199867963790894,-0.032325178384780884
corpus/ace__orchestral_L7_verb__s1.wav,0.3547869622707367,0.3783181607723236,0.023531198501586914
corpus/ace__orchestral_L7_verb__s2.wav,0.2676891088485718,0.3054618835449219,0.0377727746963501
corpus/ace__orchestral_L7_verb__s3.wav,0.48395609855651855,0.44493234157562256,-0.039023756980895996
corpus/ace__orchestral_L7_verb__s4.wav,0.4201534688472748,0.39526042342185974,-0.02489304542541504
corpus/ace__orchestral_L7_verb__s5.wav,0.32024335861206055,0.2904006242752075,-0.029842734336853027
corpus/ace__orchestral_L9_num__s0.wav,0.4958428144454956,0.31341081857681274,-0.18243199586868286
corpus/ace__orchestral_L9_num__s1.wav,0.31676656007766724,0.3045218884944916,-0.01224467158317566
corpus/ace__orchestral_L9_num__s2.wav,0.4855859875679016,0.45550188422203064,-0.03008410334587097
corpus/ace__orchestral_L9_num__s3.wav,0.3909965455532074,0.4256710410118103,0.034674495458602905
corpus/ace__orchestral_L9_num__s4.wav,0.49763286113739014,0.3786375820636749,-0.11899527907371521
corpus/ace__orchestral_L9_num__s5.wav,0.4720207154750824,0.39330601692199707,-0.07871469855308533
corpus/ace__orchestral_L9_verb__s0.wav,0.3092159032821655,0.40774261951446533,0.0985267162322998
corpus/ace__orchestral_L9_verb__s1.wav,0.4249156415462494,0.4963597357273102,0.07144409418106079
corpus/ace__orchestral_L9_verb__s2.wav,0.5757889747619629,0.49635082483291626,-0.07943814992904663
corpus/ace__orchestral_L9_verb__s3.wav,0.4737105965614319,0.4897651672363281,0.01605457067489624
corpus/ace__orchestral_L9_verb__s4.wav,0.3526221513748169,0.39897048473358154,0.04634833335876465
corpus/ace__orchestral_L9_verb__s5.wav,0.45016807317733765,0.4314824640750885,-0.018685609102249146
corpus/ace__rock_L1_num__s0.wav,0.556732177734375,0.40413570404052734,-0.15259647369384766
corpus/ace__rock_L1_num__s1.wav,0.5620763301849365,0.5958081483840942,0.033731818199157715
corpus/ace__rock_L1_num__s2.wav,0.571487545967102,0.5174962282180786,-0.05399131774902344
corpus/ace__rock_L1_num__s3.wav,0.6698346138000488,0.5628881454467773,-0.10694646835327148
corpus/ace__rock_L1_num__s4.wav,0.6178164482116699,0.6373453140258789,0.019528865814208984
corpus/ace__rock_L1_num__s5.wav,0.5250461101531982,0.3382694125175476,-0.18677669763565063
corpus/ace__rock_L1_verb__s0.wav,0.6768220663070679,0.4737030565738678,-0.20311900973320007
corpus/ace__rock_L1_verb__s1.wav,0.6731041073799133,0.6126899719238281,-0.060414135456085205
corpus/ace__rock_L1_verb__s2.wav,0.5394527316093445,0.3210746645927429,-0.21837806701660156
corpus/ace__rock_L1_verb__s3.wav,0.5751047134399414,0.37513256072998047,-0.19997215270996094
corpus/ace__rock_L1_verb__s4.wav,0.6230746507644653,0.5540205836296082,-0.06905406713485718
corpus/ace__rock_L1_verb__s5.wav,0.558550238609314,0.35494840145111084,-0.20360183715820312
corpus/ace__rock_L3_num__s0.wav,0.45306023955345154,0.2776778042316437,-0.17538243532180786
corpus/ace__rock_L3_num__s1.wav,0.5471901893615723,0.4744010865688324,-0.07278910279273987
corpus/ace__rock_L3_num__s2.wav,0.6531768441200256,0.6606322526931763,0.007455408573150635
corpus/ace__rock_L3_num__s3.wav,0.516281247138977,0.471598744392395,-0.04468250274658203
corpus/ace__rock_L3_num__s4.wav,0.6687979698181152,0.5089119076728821,-0.15988606214523315
corpus/ace__rock_L3_num__s5.wav,0.6116586327552795,0.5540133714675903,-0.05764526128768921
corpus/ace__rock_L3_verb__s0.wav,0.46725791692733765,0.27581077814102173,-0.19144713878631592
corpus/ace__rock_L3_verb__s1.wav,0.6143203377723694,0.4256362020969391,-0.1886841356754303
corpus/ace__rock_L3_verb__s2.wav,0.5361311435699463,0.4788535237312317,-0.0572776198387146
corpus/ace__rock_L3_verb__s3.wav,0.5140308737754822,0.31801825761795044,-0.19601261615753174
corpus/ace__rock_L3_verb__s4.wav,0.43398523330688477,0.3197695016860962,-0.11421573162078857
corpus/ace__rock_L3_verb__s5.wav,0.6448231339454651,0.4671795666217804,-0.1776435673236847
corpus/ace__rock_L5_num__s0.wav,0.6012793183326721,0.47186389565467834,-0.12941542267799377
corpus/ace__rock_L5_num__s1.wav,0.6639142036437988,0.5343142747879028,-0.129599928855896
corpus/ace__rock_L5_num__s2.wav,0.5391809940338135,0.4122316539287567,-0.12694934010505676
corpus/ace__rock_L5_num__s3.wav,0.6421765089035034,0.6355469226837158,-0.006629586219787598
corpus/ace__rock_L5_num__s4.wav,0.5029233694076538,0.3140943944454193,-0.1888289749622345
corpus/ace__rock_L5_num__s5.wav,0.5579496622085571,0.45492351055145264,-0.10302615165710449
corpus/ace__rock_L5_verb__s0.wav,0.506606936454773,0.28478628396987915,-0.2218206524848938
corpus/ace__rock_L5_verb__s1.wav,0.5861613750457764,0.47598326206207275,-0.11017811298370361
corpus/ace__rock_L5_verb__s2.wav,0.6822768449783325,0.63237464427948,-0.04990220069885254
corpus/ace__rock_L5_verb__s3.wav,0.622398853302002,0.5316652655601501,-0.0907335877418518
corpus/ace__rock_L5_verb__s4.wav,0.6063076257705688,0.5007738471031189,-0.10553377866744995
corpus/ace__rock_L5_verb__s5.wav,0.7010252475738525,0.6316802501678467,-0.06934499740600586
corpus/ace__rock_L7_num__s0.wav,0.6070578098297119,0.5913084745407104,-0.015749335289001465
corpus/ace__rock_L7_num__s1.wav,0.5643623471260071,0.44238051772117615,-0.12198182940483093
corpus/ace__rock_L7_num__s2.wav,0.5563235878944397,0.5265296101570129,-0.029793977737426758
corpus/ace__rock_L7_num__s3.wav,0.559826135635376,0.41387492418289185,-0.14595121145248413
corpus/ace__rock_L7_num__s4.wav,0.6041410565376282,0.5190462470054626,-0.08509480953216553
corpus/ace__rock_L7_num__s5.wav,0.5853562355041504,0.4950883388519287,-0.09026789665222168
corpus/ace__rock_L7_verb__s0.wav,0.6007434725761414,0.5074970722198486,-0.09324640035629272
corpus/ace__rock_L7_verb__s1.wav,0.6228594779968262,0.6489444971084595,0.0260850191116333
corpus/ace__rock_L7_verb__s2.wav,0.5776087045669556,0.5138179063796997,-0.06379079818725586
corpus/ace__rock_L7_verb__s3.wav,0.5754363536834717,0.48554161190986633,-0.08989474177360535
corpus/ace__rock_L7_verb__s4.wav,0.5644265413284302,0.5485653281211853,-0.015861213207244873
corpus/ace__rock_L7_verb__s5.wav,0.5397908687591553,0.40880537033081055,-0.13098549842834473
corpus/ace__rock_L9_num__s0.wav,0.6239169836044312,0.6262374520301819,0.0023204684257507324
corpus/ace__rock_L9_num__s1.wav,0.5563259720802307,0.468936562538147,-0.08738940954208374
corpus/ace__rock_L9_num__s2.wav,0.488120436668396,0.36578336358070374,-0.12233707308769226
corpus/ace__rock_L9_num__s3.wav,0.5829160213470459,0.4726339280605316,-0.11028209328651428
corpus/ace__rock_L9_num__s4.wav,0.6508072018623352,0.5212836265563965,-0.12952357530593872
corpus/ace__rock_L9_num__s5.wav,0.6626036167144775,0.6126035451889038,-0.05000007152557373
corpus/ace__rock_L9_verb__s0.wav,0.6147767305374146,0.6432560682296753,0.028479337692260742
corpus/ace__rock_L9_verb__s1.wav,0.6062217950820923,0.6633439064025879,0.057122111320495605
corpus/ace__rock_L9_verb__s2.wav,0.6291542053222656,0.6984266042709351,0.06927239894866943
corpus/ace__rock_L9_verb__s3.wav,0.5869380235671997,0.5609520673751831,-0.0259859561920166
corpus/ace__rock_L9_verb__s4.wav,0.6063312292098999,0.5565727353096008,-0.04975849390029907
corpus/ace__rock_L9_verb__s5.wav,0.611774206161499,0.5207500457763672,-0.09102416038513184
corpus/mgm__edm_L1_num__s0.wav,0.31872624158859253,0.5040534734725952,0.18532723188400269
corpus/mgm__edm_L1_num__s1.wav,0.3380344808101654,0.47946852445602417,0.14143404364585876
corpus/mgm__edm_L1_num__s2.wav,0.2407747507095337,0.45713353157043457,0.21635878086090088
corpus/mgm__edm_L1_num__s3.wav,0.3969765305519104,0.5452421307563782,0.14826560020446777
corpus/mgm__edm_L1_num__s4.wav,0.38458532094955444,0.5473499894142151,0.16276466846466064
corpus/mgm__edm_L1_num__s5.wav,0.4362369179725647,0.5060070753097534,0.06977015733718872
corpus/mgm__edm_L1_verb__s0.wav,0.45639359951019287,0.5091627836227417,0.05276918411254883
corpus/mgm__edm_L1_verb__s1.wav,0.4420781433582306,0.5287216305732727,0.08664348721504211
corpus/mgm__edm_L1_verb__s2.wav,0.4886090159416199,0.5343073606491089,0.045698344707489014
corpus/mgm__edm_L1_verb__s3.wav,0.4673635959625244,0.4239635169506073,-0.043400079011917114
corpus/mgm__edm_L1_verb__s4.wav,0.4053769111633301,0.42764922976493835,0.022272318601608276
corpus/mgm__edm_L1_verb__s5.wav,0.4809820353984833,0.45844191312789917,-0.022540122270584106
corpus/mgm__edm_L3_num__s0.wav,0.3943844437599182,0.5021532773971558,0.10776883363723755
corpus/mgm__edm_L3_num__s1.wav,0.21858695149421692,0.4437010884284973,0.2251141369342804
corpus/mgm__edm_L3_num__s2.wav,0.38597214221954346,0.5381338596343994,0.15216171741485596
corpus/mgm__edm_L3_num__s3.wav,0.42258957028388977,0.6006260514259338,0.17803648114204407
corpus/mgm__edm_L3_num__s4.wav,0.37980952858924866,0.5293190479278564,0.1495095193386078
corpus/mgm__edm_L3_num__s5.wav,0.4210450053215027,0.576035737991333,0.15499073266983032
corpus/mgm__edm_L3_verb__s0.wav,0.41556549072265625,0.5324381589889526,0.11687266826629639
corpus/mgm__edm_L3_verb__s1.wav,0.40312451124191284,0.5416094064712524,0.1384848952293396
corpus/mgm__edm_L3_verb__s2.wav,0.40687793493270874,0.4903835356235504,0.08350560069084167
corpus/mgm__edm_L3_verb__s3.wav,0.5212504267692566,0.42666131258010864,-0.09458911418914795
corpus/mgm__edm_L3_verb__s4.wav,0.4499928951263428,0.31079918146133423,-0.13919371366500854
corpus/mgm__edm_L3_verb__s5.wav,0.26332753896713257,0.4539812505245209,0.1906537115573883
corpus/mgm__edm_L5_num__s0.wav,0.317710280418396,0.5488300323486328,0.23111975193023682
corpus/mgm__edm_L5_num__s1.wav,0.41092053055763245,0.578277587890625,0.16735705733299255
corpus/mgm__edm_L5_num__s2.wav,0.28744661808013916,0.49322664737701416,0.205780029296875
corpus/mgm__edm_L5_num__s3.wav,0.2957272231578827,0.5462955832481384,0.25056836009025574
corpus/mgm__edm_L5_num__s4.wav,0.27705737948417664,0.4844921827316284,0.20743480324745178
corpus/mgm__edm_L5_num__s5.wav,0.342887282371521,0.5702425837516785,0.22735530138015747
corpus/mgm__edm_L5_verb__s0.wav,0.4252128601074219,0.4933181405067444,0.06810528039932251
corpus/mgm__edm_L5_verb__s1.wav,0.5395369529724121,0.6005417108535767,0.06100475788116455
corpus/mgm__edm_L5_verb__s2.wav,0.3379332721233368,0.4674587845802307,0.12952551245689392
corpus/mgm__edm_L5_verb__s3.wav,0.3779889643192291,0.5405579805374146,0.16256901621818542
corpus/mgm__edm_L5_verb__s4.wav,0.40375852584838867,0.5467826128005981,0.14302408695220947
corpus/mgm__edm_L5_verb__s5.wav,0.3641366958618164,0.5228004455566406,0.15866374969482422
corpus/mgm__edm_L7_num__s0.wav,0.5101282596588135,0.5031192302703857,-0.007009029388427734
corpus/mgm__edm_L7_num__s1.wav,0.26788780093193054,0.49480313062667847,0.22691532969474792
corpus/mgm__edm_L7_num__s2.wav,0.3310539722442627,0.4935546815395355,0.16250070929527283
corpus/mgm__edm_L7_num__s3.wav,0.30001208186149597,0.538480818271637,0.238468736410141
corpus/mgm__edm_L7_num__s4.wav,0.49269264936447144,0.5237364768981934,0.031043827533721924
corpus/mgm__edm_L7_num__s5.wav,0.4745875597000122,0.5436573028564453,0.0690697431564331
corpus/mgm__edm_L7_verb__s0.wav,0.41165903210639954,0.5684767961502075,0.15681776404380798
corpus/mgm__edm_L7_verb__s1.wav,0.3096143901348114,0.5677309632301331,0.25811657309532166
corpus/mgm__edm_L7_verb__s2.wav,0.3575439453125,0.5423747301101685,0.18483078479766846
corpus/mgm__edm_L7_verb__s3.wav,0.418978214263916,0.5610803961753845,0.1421021819114685
corpus/mgm__edm_L7_verb__s4.wav,0.38424795866012573,0.593090832233429,0.20884287357330322
corpus/mgm__edm_L7_verb__s5.wav,0.33971768617630005,0.4328753650188446,0.09315767884254456
corpus/mgm__edm_L9_num__s0.wav,0.48643726110458374,0.5978896021842957,0.11145234107971191
corpus/mgm__edm_L9_num__s1.wav,0.3922465443611145,0.6279217004776001,0.2356751561164856
corpus/mgm__edm_L9_num__s2.wav,0.3556124269962311,0.5564066171646118,0.20079419016838074
corpus/mgm__edm_L9_num__s3.wav,0.5271640419960022,0.561184823513031,0.03402078151702881
corpus/mgm__edm_L9_num__s4.wav,0.38500821590423584,0.5296752452850342,0.14466702938079834
corpus/mgm__edm_L9_num__s5.wav,0.4531923532485962,0.49620306491851807,0.043010711669921875
corpus/mgm__edm_L9_verb__s0.wav,0.36032822728157043,0.6066116094589233,0.2462833821773529
corpus/mgm__edm_L9_verb__s1.wav,0.2988770604133606,0.4976751506328583,0.19879809021949768
corpus/mgm__edm_L9_verb__s2.wav,0.3351289927959442,0.5915199518203735,0.2563909590244293
corpus/mgm__edm_L9_verb__s3.wav,0.21761657297611237,0.4865806996822357,0.26896412670612335
corpus/mgm__edm_L9_verb__s4.wav,0.1836015284061432,0.4989830255508423,0.3153814971446991
corpus/mgm__edm_L9_verb__s5.wav,0.23615291714668274,0.5701287984848022,0.3339758813381195
corpus/mgm__folk_L1_num__s0.wav,0.4990815818309784,0.5284125804901123,0.02933099865913391
corpus/mgm__folk_L1_num__s1.wav,0.3518834710121155,0.40583938360214233,0.053955912590026855
corpus/mgm__folk_L1_num__s2.wav,0.5172600746154785,0.5200684070587158,0.0028083324432373047
corpus/mgm__folk_L1_num__s3.wav,0.43160611391067505,0.4617236852645874,0.030117571353912354
corpus/mgm__folk_L1_num__s4.wav,0.48810094594955444,0.517825722694397,0.02972477674484253
corpus/mgm__folk_L1_num__s5.wav,0.42773425579071045,0.4344112277030945,0.006676971912384033
corpus/mgm__folk_L1_verb__s0.wav,0.5595746636390686,0.5799599885940552,0.020385324954986572
corpus/mgm__folk_L1_verb__s1.wav,0.5351274013519287,0.5521295666694641,0.0170021653175354
corpus/mgm__folk_L1_verb__s2.wav,0.595924437046051,0.5587563514709473,-0.03716808557510376
corpus/mgm__folk_L1_verb__s3.wav,0.4092453718185425,0.4344966411590576,0.025251269340515137
corpus/mgm__folk_L1_verb__s4.wav,0.5475906133651733,0.5310691595077515,-0.016521453857421875
corpus/mgm__folk_L1_verb__s5.wav,0.5056166052818298,0.5047647953033447,-0.0008518099784851074
corpus/mgm__folk_L3_num__s0.wav,0.4500596523284912,0.46294742822647095,0.012887775897979736
corpus/mgm__folk_L3_num__s1.wav,0.42632195353507996,0.46307235956192017,0.03675040602684021
corpus/mgm__folk_L3_num__s2.wav,0.5142483115196228,0.5345619320869446,0.020313620567321777
corpus/mgm__folk_L3_num__s3.wav,0.47678282856941223,0.508026659488678,0.031243830919265747
corpus/mgm__folk_L3_num__s4.wav,0.5401244759559631,0.5378841161727905,-0.0022403597831726074
corpus/mgm__folk_L3_num__s5.wav,0.4532758593559265,0.47936123609542847,0.026085376739501953
corpus/mgm__folk_L3_verb__s0.wav,0.5539585947990417,0.5102227926254272,-0.0437358021736145
corpus/mgm__folk_L3_verb__s1.wav,0.6089516282081604,0.540401041507721,-0.06855058670043945
corpus/mgm__folk_L3_verb__s2.wav,0.5696455240249634,0.5484822988510132,-0.021163225173950195
corpus/mgm__folk_L3_verb__s3.wav,0.4504022002220154,0.4761567711830139,0.025754570960998535
corpus/mgm__folk_L3_verb__s4.wav,0.5315129160881042,0.4938044846057892,-0.037708431482315063
corpus/mgm__folk_L3_verb__s5.wav,0.4633081555366516,0.4649890661239624,0.001680910587310791
corpus/mgm__folk_L5_num__s0.wav,0.46888673305511475,0.46972888708114624,0.0008421540260314941
corpus/mgm__folk_L5_num__s1.wav,0.45482683181762695,0.5037910342216492,0.04896420240402222
corpus/mgm__folk_L5_num__s2.wav,0.39215585589408875,0.4330780506134033,0.040922194719314575
corpus/mgm__folk_L5_num__s3.wav,0.44734519720077515,0.47741544246673584,0.030070245265960693
corpus/mgm__folk_L5_num__s4.wav,0.4784088432788849,0.519402801990509,0.040993958711624146
corpus/mgm__folk_L5_num__s5.wav,0.5237138867378235,0.4682895541191101,-0.05542433261871338
corpus/mgm__folk_L5_verb__s0.wav,0.619753360748291,0.6421781778335571,0.022424817085266113
corpus/mgm__folk_L5_verb__s1.wav,0.3403854966163635,0.39077040553092957,0.05038490891456604
corpus/mgm__folk_L5_verb__s2.wav,0.3409755825996399,0.3844108581542969,0.04343527555465698
corpus/mgm__folk_L5_verb__s3.wav,0.1215406283736229,0.18522217869758606,0.06368155032396317
corpus/mgm__folk_L5_verb__s4.wav,0.49931734800338745,0.5521783828735352,0.052861034870147705
corpus/mgm__folk_L5_verb__s5.wav,0.44275134801864624,0.5239890217781067,0.08123767375946045
corpus/mgm__folk_L7_num__s0.wav,0.44133293628692627,0.4670115113258362,0.025678575038909912
corpus/mgm__folk_L7_num__s1.wav,0.4329017698764801,0.5116953253746033,0.07879355549812317
corpus/mgm__folk_L7_num__s2.wav,0.4198363125324249,0.46181273460388184,0.04197642207145691
corpus/mgm__folk_L7_num__s3.wav,0.44276362657546997,0.5124787092208862,0.06971508264541626
corpus/mgm__folk_L7_num__s4.wav,0.3628809154033661,0.4461599588394165,0.08327904343605042
corpus/mgm__folk_L7_num__s5.wav,0.4224081039428711,0.45073968172073364,0.02833157777786255
corpus/mgm__folk_L7_verb__s0.wav,0.5910193920135498,0.5991473197937012,0.008127927780151367
corpus/mgm__folk_L7_verb__s1.wav,0.38965627551078796,0.4386368989944458,0.04898062348365784
corpus/mgm__folk_L7_verb__s2.wav,0.49248427152633667,0.5348958969116211,0.042411625385284424
corpus/mgm__folk_L7_verb__s3.wav,0.4556472599506378,0.4982163906097412,0.042569130659103394
corpus/mgm__folk_L7_verb__s4.wav,0.46527740359306335,0.5238733291625977,0.0585959255695343
corpus/mgm__folk_L7_verb__s5.wav,0.4444417357444763,0.46009984612464905,0.01565811038017273
corpus/mgm__folk_L9_num__s0.wav,0.46794238686561584,0.5210019946098328,0.05305960774421692
corpus/mgm__folk_L9_num__s1.wav,0.4760187864303589,0.5051622986793518,0.02914351224899292
corpus/mgm__folk_L9_num__s2.wav,0.5108003616333008,0.4976695775985718,-0.013130784034729004
corpus/mgm__folk_L9_num__s3.wav,0.5284591913223267,0.5641217231750488,0.03566253185272217
corpus/mgm__folk_L9_num__s4.wav,0.4745779037475586,0.49965807795524597,0.025080174207687378
corpus/mgm__folk_L9_num__s5.wav,0.5014206171035767,0.5319231748580933,0.0305025577545166
corpus/mgm__folk_L9_verb__s0.wav,0.3571745753288269,0.38493824005126953,0.027763664722442627
corpus/mgm__folk_L9_verb__s1.wav,0.499668151140213,0.5450576543807983,0.04538950324058533
corpus/mgm__folk_L9_verb__s2.wav,0.3124103546142578,0.38227522373199463,0.06986486911773682
corpus/mgm__folk_L9_verb__s3.wav,0.4996802508831024,0.5755357146263123,0.07585546374320984
corpus/mgm__folk_L9_verb__s4.wav,0.4510449767112732,0.5064855813980103,0.05544060468673706
corpus/mgm__folk_L9_verb__s5.wav,0.46128422021865845,0.5036928057670593,0.04240858554840088
corpus/mgm__hiphop_L1_num__s0.wav,0.4993143677711487,0.521729052066803,0.022414684295654297
corpus/mgm__hiphop_L1_num__s1.wav,0.4232415556907654,0.4961581528186798,0.07291659712791443
corpus/mgm__hiphop_L1_num__s2.wav,0.5292204022407532,0.5480504035949707,0.01883000135421753
corpus/mgm__hiphop_L1_num__s3.wav,0.36162739992141724,0.46306484937667847,0.10143744945526123
corpus/mgm__hiphop_L1_num__s4.wav,0.5185786485671997,0.494823694229126,-0.02375495433807373
corpus/mgm__hiphop_L1_num__s5.wav,0.5196160078048706,0.4927210211753845,-0.026894986629486084
corpus/mgm__hiphop_L1_verb__s0.wav,0.5360800623893738,0.5175892114639282,-0.018490850925445557
corpus/mgm__hiphop_L1_verb__s1.wav,0.5595822930335999,0.5353337526321411,-0.02424854040145874
corpus/mgm__hiphop_L1_verb__s2.wav,0.5119402408599854,0.5514134168624878,0.03947317600250244
corpus/mgm__hiphop_L1_verb__s3.wav,0.570715069770813,0.5937910079956055,0.02307593822479248
corpus/mgm__hiphop_L1_verb__s4.wav,0.6169643402099609,0.5798503756523132,-0.037113964557647705
corpus/mgm__hiphop_L1_verb__s5.wav,0.583044171333313,0.514281690120697,-0.06876248121261597
corpus/mgm__hiphop_L3_num__s0.wav,0.5769127607345581,0.5933968424797058,0.016484081745147705
corpus/mgm__hiphop_L3_num__s1.wav,0.22677530348300934,0.38241299986839294,0.1556376963853836
corpus/mgm__hiphop_L3_num__s2.wav,0.488173246383667,0.5020740032196045,0.0139007568359375
corpus/mgm__hiphop_L3_num__s3.wav,0.49795323610305786,0.4453779458999634,-0.05257529020309448
corpus/mgm__hiphop_L3_num__s4.wav,0.3142714500427246,0.46052786707878113,0.14625641703605652
corpus/mgm__hiphop_L3_num__s5.wav,0.5452649593353271,0.5587637424468994,0.013498783111572266
corpus/mgm__hiphop_L3_verb__s0.wav,0.5693469047546387,0.6145074367523193,0.045160531997680664
corpus/mgm__hiphop_L3_verb__s1.wav,0.58958500623703,0.6500813364982605,0.06049633026123047
corpus/mgm__hiphop_L3_verb__s2.wav,0.5078361630439758,0.45832130312919617,-0.04951485991477966
corpus/mgm__hiphop_L3_verb__s3.wav,0.5352330207824707,0.542153000831604,0.006919980049133301
corpus/mgm__hiphop_L3_verb__s4.wav,0.4578448534011841,0.5309393405914307,0.07309448719024658
corpus/mgm__hiphop_L3_verb__s5.wav,0.48140090703964233,0.5722452402114868,0.09084433317184448
corpus/mgm__hiphop_L5_num__s0.wav,0.5754900574684143,0.616199254989624,0.04070919752120972
corpus/mgm__hiphop_L5_num__s1.wav,0.5472783446311951,0.542587399482727,-0.004690945148468018
corpus/mgm__hiphop_L5_num__s2.wav,0.2634608745574951,0.387290894985199,0.12383002042770386
corpus/mgm__hiphop_L5_num__s3.wav,0.554524302482605,0.5606635808944702,0.006139278411865234
corpus/mgm__hiphop_L5_num__s4.wav,0.48469552397727966,0.5479276180267334,0.06323209404945374
corpus/mgm__hiphop_L5_num__s5.wav,0.5481488704681396,0.5797070264816284,0.03155815601348877
corpus/mgm__hiphop_L5_verb__s0.wav,0.529535710811615,0.5375514030456543,0.008015692234039307
corpus/mgm__hiphop_L5_verb__s1.wav,0.4465343952178955,0.551119327545166,0.10458493232727051
corpus/mgm__hiphop_L5_verb__s2.wav,0.5135713815689087,0.5999754071235657,0.08640402555465698
corpus/mgm__hiphop_L5_verb__s3.wav,0.5147148370742798,0.5577015280723572,0.04298669099807739
corpus/mgm__hiphop_L5_verb__s4.wav,0.4786220192909241,0.5373016595840454,0.05867964029312134
corpus/mgm__hiphop_L5_verb__s5.wav,0.4951256811618805,0.5169227123260498,0.02179703116416931
corpus/mgm__hiphop_L7_num__s0.wav,0.4156426191329956,0.5615153312683105,0.14587271213531494
corpus/mgm__hiphop_L7_num__s1.wav,0.5106662511825562,0.5508739948272705,0.040207743644714355
corpus/mgm__hiphop_L7_num__s2.wav,0.49267828464508057,0.5534335374832153,0.060755252838134766
corpus/mgm__hiphop_L7_num__s3.wav,0.4351641535758972,0.5811761617660522,0.14601200819015503
corpus/mgm__hiphop_L7_num__s4.wav,0.5747289657592773,0.6230295300483704,0.04830056428909302
corpus/mgm__hiphop_L7_num__s5.wav,0.49875351786613464,0.5142684578895569,0.015514940023422241
corpus/mgm__hiphop_L7_verb__s0.wav,0.5211386680603027,0.5880268812179565,0.06688821315765381
corpus/mgm__hiphop_L7_verb__s1.wav,0.344197154045105,0.46534979343414307,0.12115263938903809
corpus/mgm__hiphop_L7_verb__s2.wav,0.4296872019767761,0.48054879903793335,0.05086159706115723
corpus/mgm__hiphop_L7_verb__s3.wav,0.5442317724227905,0.575761079788208,0.03152930736541748
corpus/mgm__hiphop_L7_verb__s4.wav,0.4860943555831909,0.5342084169387817,0.04811406135559082
corpus/mgm__hiphop_L7_verb__s5.wav,0.4903811812400818,0.562201201915741,0.07182002067565918
corpus/mgm__hiphop_L9_num__s0.wav,0.2143518328666687,0.35507720708847046,0.14072537422180176
corpus/mgm__hiphop_L9_num__s1.wav,0.4774828553199768,0.4927894175052643,0.015306562185287476
corpus/mgm__hiphop_L9_num__s2.wav,0.5297852754592896,0.5524506568908691,0.02266538143157959
corpus/mgm__hiphop_L9_num__s3.wav,0.541145384311676,0.5845520496368408,0.043406665325164795
corpus/mgm__hiphop_L9_num__s4.wav,0.5784786939620972,0.6344581842422485,0.05597949028015137
corpus/mgm__hiphop_L9_num__s5.wav,0.39517438411712646,0.4998002052307129,0.10462582111358643
corpus/mgm__hiphop_L9_verb__s0.wav,0.4621135890483856,0.5448791980743408,0.0827656090259552
corpus/mgm__hiphop_L9_verb__s1.wav,0.5823172926902771,0.5687899589538574,-0.013527333736419678
corpus/mgm__hiphop_L9_verb__s2.wav,0.4420035481452942,0.46446606516838074,0.022462517023086548
corpus/mgm__hiphop_L9_verb__s3.wav,0.4800559878349304,0.6216868162155151,0.14163082838058472
corpus/mgm__hiphop_L9_verb__s4.wav,0.39732345938682556,0.4841662049293518,0.08684274554252625
corpus/mgm__hiphop_L9_verb__s5.wav,0.2078506052494049,0.373242050409317,0.1653914451599121
corpus/mgm__orchestral_L1_num__s0.wav,0.1866835653781891,0.3069666624069214,0.1202830970287323
corpus/mgm__orchestral_L1_num__s1.wav,0.21058005094528198,0.38914036750793457,0.1785603165626526
corpus/mgm__orchestral_L1_num__s2.wav,0.47166907787323,0.44003334641456604,-0.03163573145866394
corpus/mgm__orchestral_L1_num__s3.wav,0.38231074810028076,0.48261934518814087,0.10030859708786011
corpus/mgm__orchestral_L1_num__s4.wav,0.3730044960975647,0.38726526498794556,0.01426076889038086
corpus/mgm__orchestral_L1_num__s5.wav,0.19003185629844666,0.39592495560646057,0.20589309930801392
corpus/mgm__orchestral_L1_verb__s0.wav,0.5339857339859009,0.509131908416748,-0.024853825569152832
corpus/mgm__orchestral_L1_verb__s1.wav,0.4931141138076782,0.45190075039863586,-0.04121336340904236
corpus/mgm__orchestral_L1_verb__s2.wav,0.4615638256072998,0.37988710403442383,-0.08167672157287598
corpus/mgm__orchestral_L1_verb__s3.wav,0.38969600200653076,0.30473655462265015,-0.08495944738388062
corpus/mgm__orchestral_L1_verb__s4.wav,0.40921109914779663,0.37596553564071655,-0.03324556350708008
corpus/mgm__orchestral_L1_verb__s5.wav,0.5361220240592957,0.44949865341186523,-0.08662337064743042
corpus/mgm__orchestral_L3_num__s0.wav,0.16381403803825378,0.3705165386199951,0.20670250058174133
corpus/mgm__orchestral_L3_num__s1.wav,0.1956384778022766,0.31262728571891785,0.11698880791664124
corpus/mgm__orchestral_L3_num__s2.wav,0.49201124906539917,0.6190789937973022,0.12706774473190308
corpus/mgm__orchestral_L3_num__s3.wav,0.05269002541899681,0.3498426079750061,0.2971525825560093
corpus/mgm__orchestral_L3_num__s4.wav,0.14368993043899536,0.2808026075363159,0.13711267709732056
corpus/mgm__orchestral_L3_num__s5.wav,0.14629977941513062,0.2777455151081085,0.1314457356929779
corpus/mgm__orchestral_L3_verb__s0.wav,0.6715682744979858,0.5285775661468506,-0.14299070835113525
corpus/mgm__orchestral_L3_verb__s1.wav,0.5363709330558777,0.3961198329925537,-0.14025110006332397
corpus/mgm__orchestral_L3_verb__s2.wav,0.5271785259246826,0.40047144889831543,-0.1267070770263672
corpus/mgm__orchestral_L3_verb__s3.wav,0.573448896408081,0.4297841191291809,-0.14366477727890015
corpus/mgm__orchestral_L3_verb__s4.wav,0.417782187461853,0.3824104070663452,-0.03537178039550781
corpus/mgm__orchestral_L3_verb__s5.wav,0.4759278893470764,0.4963047504425049,0.020376861095428467
corpus/mgm__orchestral_L5_num__s0.wav,0.28863808512687683,0.4224352240562439,0.13379713892936707
corpus/mgm__orchestral_L5_num__s1.wav,0.2709137201309204,0.25505220890045166,-0.01586151123046875
corpus/mgm__orchestral_L5_num__s2.wav,0.23271185159683228,0.37894365191459656,0.14623180031776428
corpus/mgm__orchestral_L5_num__s3.wav,0.2823896110057831,0.39493000507354736,0.11254039406776428
corpus/mgm__orchestral_L5_num__s4.wav,0.2730824947357178,0.3040657639503479,0.030983269214630127
corpus/mgm__orchestral_L5_num__s5.wav,0.1879514455795288,0.40131354331970215,0.21336209774017334
corpus/mgm__orchestral_L5_verb__s0.wav,0.5767489671707153,0.5073167681694031,-0.06943219900131226
corpus/mgm__orchestral_L5_verb__s1.wav,0.08312764763832092,0.18673352897167206,0.10360588133335114
corpus/mgm__orchestral_L5_verb__s2.wav,0.37827789783477783,0.5362921953201294,0.15801429748535156
corpus/mgm__orchestral_L5_verb__s3.wav,0.365939199924469,0.3674548268318176,0.0015156269073486328
corpus/mgm__orchestral_L5_verb__s4.wav,0.38856130838394165,0.5067476630210876,0.118186354637146
corpus/mgm__orchestral_L5_verb__s5.wav,0.502943754196167,0.5737115144729614,0.07076776027679443
corpus/mgm__orchestral_L7_num__s0.wav,0.4287683367729187,0.41622263193130493,-0.01254570484161377
corpus/mgm__orchestral_L7_num__s1.wav,0.4698021411895752,0.46630698442459106,-0.003495156764984131
corpus/mgm__orchestral_L7_num__s2.wav,0.25058382749557495,0.32795000076293945,0.0773661732673645
corpus/mgm__orchestral_L7_num__s3.wav,0.2646414041519165,0.39621806144714355,0.13157665729522705
corpus/mgm__orchestral_L7_num__s4.wav,0.3720942735671997,0.37178313732147217,-0.00031113624572753906
corpus/mgm__orchestral_L7_num__s5.wav,0.09881973266601562,0.31565237045288086,0.21683263778686523
corpus/mgm__orchestral_L7_verb__s0.wav,0.1704384982585907,0.3615265488624573,0.19108805060386658
corpus/mgm__orchestral_L7_verb__s1.wav,0.2932242155075073,0.2576727271080017,-0.035551488399505615
corpus/mgm__orchestral_L7_verb__s2.wav,0.20511353015899658,0.37921255826950073,0.17409902811050415
corpus/mgm__orchestral_L7_verb__s3.wav,0.41410863399505615,0.4496104419231415,0.03550180792808533
corpus/mgm__orchestral_L7_verb__s4.wav,0.3144577443599701,0.35977476835250854,0.04531702399253845
corpus/mgm__orchestral_L7_verb__s5.wav,0.4063038229942322,0.5302705764770508,0.1239667534828186
corpus/mgm__orchestral_L9_num__s0.wav,0.3018476366996765,0.45479485392570496,0.15294721722602844
corpus/mgm__orchestral_L9_num__s1.wav,0.47498807311058044,0.4844593405723572,0.009471267461776733
corpus/mgm__orchestral_L9_num__s2.wav,0.3987519145011902,0.3569485545158386,-0.04180335998535156
corpus/mgm__orchestral_L9_num__s3.wav,0.3537623882293701,0.4528241753578186,0.09906178712844849
corpus/mgm__orchestral_L9_num__s4.wav,0.4258005619049072,0.4062842130661011,-0.019516348838806152
corpus/mgm__orchestral_L9_num__s5.wav,0.31984853744506836,0.43940261006355286,0.1195540726184845
corpus/mgm__orchestral_L9_verb__s0.wav,0.17146378755569458,0.3860706090927124,0.21460682153701782
corpus/mgm__orchestral_L9_verb__s1.wav,0.23661679029464722,0.4220661520957947,0.18544936180114746
corpus/mgm__orchestral_L9_verb__s2.wav,0.22381901741027832,0.4013413190841675,0.17752230167388916
corpus/mgm__orchestral_L9_verb__s3.wav,0.3497566878795624,0.534201979637146,0.18444529175758362
corpus/mgm__orchestral_L9_verb__s4.wav,0.30691856145858765,0.2763664722442627,-0.03055208921432495
corpus/mgm__orchestral_L9_verb__s5.wav,0.12555110454559326,0.37030288577079773,0.24475178122520447
corpus/mgm__rock_L1_num__s0.wav,0.47265005111694336,0.6779317855834961,0.20528173446655273
corpus/mgm__rock_L1_num__s1.wav,0.47145867347717285,0.6931908130645752,0.22173213958740234
corpus/mgm__rock_L1_num__s2.wav,0.5427826642990112,0.7248470783233643,0.18206441402435303
corpus/mgm__rock_L1_num__s3.wav,0.45018714666366577,0.6729307174682617,0.22274357080459595
corpus/mgm__rock_L1_num__s4.wav,0.5132337808609009,0.6986767053604126,0.18544292449951172
corpus/mgm__rock_L1_num__s5.wav,0.45780906081199646,0.6802276372909546,0.22241857647895813
corpus/mgm__rock_L1_verb__s0.wav,0.6317636966705322,0.6972119808197021,0.06544828414916992
corpus/mgm__rock_L1_verb__s1.wav,0.6004865169525146,0.610751748085022,0.010265231132507324
corpus/mgm__rock_L1_verb__s2.wav,0.6197677850723267,0.5754520893096924,-0.04431569576263428
corpus/mgm__rock_L1_verb__s3.wav,0.5785070657730103,0.6102112531661987,0.03170418739318848
corpus/mgm__rock_L1_verb__s4.wav,0.6593015789985657,0.7314764261245728,0.07217484712600708
corpus/mgm__rock_L1_verb__s5.wav,0.6236951351165771,0.7302870750427246,0.10659193992614746
corpus/mgm__rock_L3_num__s0.wav,0.5252560377120972,0.701300323009491,0.1760442852973938
corpus/mgm__rock_L3_num__s1.wav,0.48991236090660095,0.6926392316818237,0.20272687077522278
corpus/mgm__rock_L3_num__s2.wav,0.4542088508605957,0.6771177053451538,0.2229088544845581
corpus/mgm__rock_L3_num__s3.wav,0.5066981315612793,0.701151430606842,0.19445329904556274
corpus/mgm__rock_L3_num__s4.wav,0.5945720076560974,0.7347581386566162,0.1401861310005188
corpus/mgm__rock_L3_num__s5.wav,0.488694965839386,0.7006233334541321,0.2119283676147461
corpus/mgm__rock_L3_verb__s0.wav,0.5550495386123657,0.6776177883148193,0.12256824970245361
corpus/mgm__rock_L3_verb__s1.wav,0.611474871635437,0.6889907717704773,0.07751590013504028
corpus/mgm__rock_L3_verb__s2.wav,0.5739958882331848,0.564217209815979,-0.00977867841720581
corpus/mgm__rock_L3_verb__s3.wav,0.44357311725616455,0.5297807455062866,0.08620762825012207
corpus/mgm__rock_L3_verb__s4.wav,0.6069232225418091,0.6579439640045166,0.05102074146270752
corpus/mgm__rock_L3_verb__s5.wav,0.6230404376983643,0.6639265418052673,0.040886104106903076
corpus/mgm__rock_L5_num__s0.wav,0.5147600173950195,0.7040191888809204,0.18925917148590088
corpus/mgm__rock_L5_num__s1.wav,0.4913020730018616,0.7149815559387207,0.22367948293685913
corpus/mgm__rock_L5_num__s2.wav,0.5615788698196411,0.7166216373443604,0.15504276752471924
corpus/mgm__rock_L5_num__s3.wav,0.5523215532302856,0.7379655838012695,0.1856440305709839
corpus/mgm__rock_L5_num__s4.wav,0.4652254283428192,0.691316545009613,0.22609111666679382
corpus/mgm__rock_L5_num__s5.wav,0.5065092444419861,0.698101818561554,0.19159257411956787
corpus/mgm__rock_L5_verb__s0.wav,0.5280892848968506,0.6773010492324829,0.14921176433563232
corpus/mgm__rock_L5_verb__s1.wav,0.4825027883052826,0.693833589553833,0.21133080124855042
corpus/mgm__rock_L5_verb__s2.wav,0.5518875122070312,0.7189981937408447,0.16711068153381348
corpus/mgm__rock_L5_verb__s3.wav,0.5335747003555298,0.7026867866516113,0.16911208629608154
corpus/mgm__rock_L5_verb__s4.wav,0.5339842438697815,0.6642667651176453,0.13028252124786377
corpus/mgm__rock_L5_verb__s5.wav,0.5115551352500916,0.6845095157623291,0.17295438051223755
corpus/mgm__rock_L7_num__s0.wav,0.5701093673706055,0.6969977617263794,0.12688839435577393
corpus/mgm__rock_L7_num__s1.wav,0.5203244686126709,0.7089474201202393,0.18862295150756836
corpus/mgm__rock_L7_num__s2.wav,0.4890098571777344,0.672143816947937,0.18313395977020264
corpus/mgm__rock_L7_num__s3.wav,0.5363236665725708,0.7031793594360352,0.16685569286346436
corpus/mgm__rock_L7_num__s4.wav,0.5215840339660645,0.7165992259979248,0.19501519203186035
corpus/mgm__rock_L7_num__s5.wav,0.503052294254303,0.7112877368927002,0.20823544263839722
corpus/mgm__rock_L7_verb__s0.wav,0.5793048143386841,0.7172954082489014,0.13799059391021729
corpus/mgm__rock_L7_verb__s1.wav,0.4756597578525543,0.6825348734855652,0.20687511563301086
corpus/mgm__rock_L7_verb__s2.wav,0.5020050406455994,0.6838668584823608,0.18186181783676147
corpus/mgm__rock_L7_verb__s3.wav,0.5031852126121521,0.6753690242767334,0.1721838116645813
corpus/mgm__rock_L7_verb__s4.wav,0.5417708158493042,0.7022814154624939,0.1605105996131897
corpus/mgm__rock_L7_verb__s5.wav,0.5057893395423889,0.6405868530273438,0.13479751348495483
corpus/mgm__rock_L9_num__s0.wav,0.5041172504425049,0.7103245258331299,0.206207275390625
corpus/mgm__rock_L9_num__s1.wav,0.5172814130783081,0.7089825868606567,0.19170117378234863
corpus/mgm__rock_L9_num__s2.wav,0.5104221701622009,0.7078343033790588,0.1974121332168579
corpus/mgm__rock_L9_num__s3.wav,0.5351129770278931,0.7069621086120605,0.17184913158416748
corpus/mgm__rock_L9_num__s4.wav,0.528471052646637,0.7138564586639404,0.18538540601730347
corpus/mgm__rock_L9_num__s5.wav,0.5532388687133789,0.7199761867523193,0.16673731803894043
corpus/mgm__rock_L9_verb__s0.wav,0.42623934149742126,0.6601153612136841,0.23387601971626282
corpus/mgm__rock_L9_verb__s1.wav,0.42160409688949585,0.6659311056137085,0.24432700872421265
corpus/mgm__rock_L9_verb__s2.wav,0.43589016795158386,0.6466435194015503,0.21075335144996643
corpus/mgm__rock_L9_verb__s3.wav,0.34451109170913696,0.4917408227920532,0.14722973108291626
corpus/mgm__rock_L9_verb__s4.wav,0.5199154615402222,0.7096457481384277,0.18973028659820557
corpus/mgm__rock_L9_verb__s5.wav,0.47841131687164307,0.6842652559280396,0.20585393905639648
corpus/mgs__edm_L1_num__s0.wav,0.4801858067512512,0.6148701310157776,0.13468432426452637
corpus/mgs__edm_L1_num__s1.wav,0.370794415473938,0.5381692051887512,0.16737478971481323
corpus/mgs__edm_L1_num__s2.wav,0.2898034155368805,0.40168991684913635,0.11188650131225586
corpus/mgs__edm_L1_num__s3.wav,0.37736642360687256,0.43835511803627014,0.06098869442939758
corpus/mgs__edm_L1_num__s4.wav,0.28144609928131104,0.40871086716651917,0.12726476788520813
corpus/mgs__edm_L1_num__s5.wav,0.29405125975608826,0.4444052577018738,0.15035399794578552
corpus/mgs__edm_L1_verb__s0.wav,0.4208415150642395,0.45404767990112305,0.033206164836883545
corpus/mgs__edm_L1_verb__s1.wav,0.5345755815505981,0.4376201033592224,-0.09695547819137573
corpus/mgs__edm_L1_verb__s2.wav,0.4072558581829071,0.4511576294898987,0.04390177130699158
corpus/mgs__edm_L1_verb__s3.wav,0.5879174470901489,0.4225432574748993,-0.16537418961524963
corpus/mgs__edm_L1_verb__s4.wav,0.4896305501461029,0.49614158272743225,0.006511032581329346
corpus/mgs__edm_L1_verb__s5.wav,0.4749271869659424,0.4165204167366028,-0.0584067702293396
corpus/mgs__edm_L3_num__s0.wav,0.4427781105041504,0.5455849170684814,0.10280680656433105
corpus/mgs__edm_L3_num__s1.wav,0.5086920261383057,0.5121837258338928,0.003491699695587158
corpus/mgs__edm_L3_num__s2.wav,0.3157990872859955,0.4929322302341461,0.17713314294815063
corpus/mgs__edm_L3_num__s3.wav,0.29968106746673584,0.5121781826019287,0.21249711513519287
corpus/mgs__edm_L3_num__s4.wav,0.4707210063934326,0.4658985137939453,-0.004822492599487305
corpus/mgs__edm_L3_num__s5.wav,0.25224030017852783,0.37579935789108276,0.12355905771255493
corpus/mgs__edm_L3_verb__s0.wav,0.48106881976127625,0.5163747072219849,0.03530588746070862
corpus/mgs__edm_L3_verb__s1.wav,0.5383177995681763,0.4916881322860718,-0.04662966728210449
corpus/mgs__edm_L3_verb__s2.wav,0.4495028257369995,0.39550018310546875,-0.05400264263153076
corpus/mgs__edm_L3_verb__s3.wav,0.27615857124328613,0.38066989183425903,0.1045113205909729
corpus/mgs__edm_L3_verb__s4.wav,0.5152838826179504,0.5125008821487427,-0.0027830004692077637
corpus/mgs__edm_L3_verb__s5.wav,0.5080537796020508,0.5113700032234192,0.003316223621368408
corpus/mgs__edm_L5_num__s0.wav,0.25420916080474854,0.46870362758636475,0.2144944667816162
corpus/mgs__edm_L5_num__s1.wav,0.37716376781463623,0.48157668113708496,0.10441291332244873
corpus/mgs__edm_L5_num__s2.wav,0.4424911141395569,0.47075629234313965,0.028265178203582764
corpus/mgs__edm_L5_num__s3.wav,0.45871901512145996,0.5116443037986755,0.052925288677215576
corpus/mgs__edm_L5_num__s4.wav,0.46384793519973755,0.5117688775062561,0.047920942306518555
corpus/mgs__edm_L5_num__s5.wav,0.3311171233654022,0.49884024262428284,0.16772311925888062
corpus/mgs__edm_L5_verb__s0.wav,0.32477229833602905,0.4368079900741577,0.11203569173812866
corpus/mgs__edm_L5_verb__s1.wav,0.3629153072834015,0.5708903074264526,0.20797500014305115
corpus/mgs__edm_L5_verb__s2.wav,0.3328125774860382,0.468919962644577,0.13610738515853882
corpus/mgs__edm_L5_verb__s3.wav,0.44889938831329346,0.507773756980896,0.05887436866760254
corpus/mgs__edm_L5_verb__s4.wav,0.398653507232666,0.502633810043335,0.10398030281066895
corpus/mgs__edm_L5_verb__s5.wav,0.19820429384708405,0.4456484913825989,0.24744419753551483
corpus/mgs__edm_L7_num__s0.wav,0.40630272030830383,0.5174359083175659,0.11113318800926208
corpus/mgs__edm_L7_num__s1.wav,0.5125107765197754,0.44474083185195923,-0.06776994466781616
corpus/mgs__edm_L7_num__s2.wav,0.28169724345207214,0.45914116501808167,0.17744392156600952
corpus/mgs__edm_L7_num__s3.wav,0.3855414092540741,0.43839091062545776,0.05284950137138367
corpus/mgs__edm_L7_num__s4.wav,0.4183856248855591,0.48459702730178833,0.06621140241622925
corpus/mgs__edm_L7_num__s5.wav,0.42044538259506226,0.500220537185669,0.07977515459060669
corpus/mgs__edm_L7_verb__s0.wav,0.225478857755661,0.5244671702384949,0.29898831248283386
corpus/mgs__edm_L7_verb__s1.wav,0.29189446568489075,0.5527166128158569,0.2608221471309662
corpus/mgs__edm_L7_verb__s2.wav,0.20755374431610107,0.3943789005279541,0.18682515621185303
corpus/mgs__edm_L7_verb__s3.wav,0.37918782234191895,0.5005623698234558,0.12137454748153687
corpus/mgs__edm_L7_verb__s4.wav,0.42702627182006836,0.5370868444442749,0.11006057262420654
corpus/mgs__edm_L7_verb__s5.wav,0.1256757378578186,0.39393821358680725,0.26826247572898865
corpus/mgs__edm_L9_num__s0.wav,0.0237570833414793,0.20923849940299988,0.18548141606152058
corpus/mgs__edm_L9_num__s1.wav,0.3760896325111389,0.5240654945373535,0.1479758620262146
corpus/mgs__edm_L9_num__s2.wav,0.5031079053878784,0.5903136730194092,0.08720576763153076
corpus/mgs__edm_L9_num__s3.wav,0.417883038520813,0.5161836743354797,0.09830063581466675
corpus/mgs__edm_L9_num__s4.wav,0.37838083505630493,0.4821929335594177,0.10381209850311279
corpus/mgs__edm_L9_num__s5.wav,0.40666627883911133,0.5465097427368164,0.13984346389770508
corpus/mgs__edm_L9_verb__s0.wav,0.3159380555152893,0.49107906222343445,0.17514100670814514
corpus/mgs__edm_L9_verb__s1.wav,0.2111203521490097,0.4975649118423462,0.2864445596933365
corpus/mgs__edm_L9_verb__s2.wav,0.29609715938568115,0.5980872511863708,0.3019900918006897
corpus/mgs__edm_L9_verb__s3.wav,0.40110865235328674,0.586978554725647,0.18586990237236023
corpus/mgs__edm_L9_verb__s4.wav,0.26018524169921875,0.5607712268829346,0.3005859851837158
corpus/mgs__edm_L9_verb__s5.wav,0.2531898319721222,0.4515311121940613,0.1983412802219391
corpus/mgs__folk_L1_num__s0.wav,0.3215198516845703,0.3557888865470886,0.03426903486251831
corpus/mgs__folk_L1_num__s1.wav,0.5292453765869141,0.512626051902771,-0.016619324684143066
corpus/mgs__folk_L1_num__s2.wav,0.49521687626838684,0.5211541652679443,0.025937288999557495
corpus/mgs__folk_L1_num__s3.wav,0.4832701086997986,0.4557848572731018,-0.027485251426696777
corpus/mgs__folk_L1_num__s4.wav,0.5252916812896729,0.5149637460708618,-0.010327935218811035
corpus/mgs__folk_L1_num__s5.wav,0.45993781089782715,0.4732510447502136,0.013313233852386475
corpus/mgs__folk_L1_verb__s0.wav,0.4602198004722595,0.431282639503479,-0.028937160968780518
corpus/mgs__folk_L1_verb__s1.wav,0.5498521327972412,0.5782021284103394,0.028349995613098145
corpus/mgs__folk_L1_verb__s2.wav,0.5754913687705994,0.552690863609314,-0.0228005051612854
corpus/mgs__folk_L1_verb__s3.wav,0.664433479309082,0.5667683482170105,-0.09766513109207153
corpus/mgs__folk_L1_verb__s4.wav,0.494329571723938,0.5018712282180786,0.007541656494140625
corpus/mgs__folk_L1_verb__s5.wav,0.5612971782684326,0.5371707677841187,-0.024126410484313965
corpus/mgs__folk_L3_num__s0.wav,0.4835302233695984,0.4992784857749939,0.015748262405395508
corpus/mgs__folk_L3_num__s1.wav,0.45432376861572266,0.4878118634223938,0.03348809480667114
corpus/mgs__folk_L3_num__s2.wav,0.5004292130470276,0.5438599586486816,0.04343074560165405
corpus/mgs__folk_L3_num__s3.wav,0.5310721397399902,0.5491713285446167,0.018099188804626465
corpus/mgs__folk_L3_num__s4.wav,0.4955025911331177,0.5102701187133789,0.01476752758026123
corpus/mgs__folk_L3_num__s5.wav,0.45450425148010254,0.4837426245212555,0.029238373041152954
corpus/mgs__folk_L3_verb__s0.wav,0.6143014430999756,0.5280416011810303,-0.08625984191894531
corpus/mgs__folk_L3_verb__s1.wav,0.5809512734413147,0.5499715209007263,-0.03097975254058838
corpus/mgs__folk_L3_verb__s2.wav,0.5809608697891235,0.5123991370201111,-0.06856173276901245
corpus/mgs__folk_L3_verb__s3.wav,0.6557943820953369,0.5545399188995361,-0.10125446319580078
corpus/mgs__folk_L3_verb__s4.wav,0.5782338380813599,0.4561426341533661,-0.12209120392799377
corpus/mgs__folk_L3_verb__s5.wav,0.551356315612793,0.5308629274368286,-0.020493388175964355
corpus/mgs__folk_L5_num__s0.wav,0.49117356538772583,0.5086333751678467,0.01745980978012085
corpus/mgs__folk_L5_num__s1.wav,0.5054791569709778,0.5327059030532837,0.027226746082305908
corpus/mgs__folk_L5_num__s2.wav,0.5002005100250244,0.5094112157821655,0.009210705757141113
corpus/mgs__folk_L5_num__s3.wav,0.3836798369884491,0.4095654785633087,0.02588564157485962
corpus/mgs__folk_L5_num__s4.wav,0.48400354385375977,0.5295247435569763,0.04552119970321655
corpus/mgs__folk_L5_num__s5.wav,0.4271867871284485,0.5024057626724243,0.07521897554397583
corpus/mgs__folk_L5_verb__s0.wav,0.5978789925575256,0.5750083923339844,-0.02287060022354126
corpus/mgs__folk_L5_verb__s1.wav,0.4931558072566986,0.5085452198982239,0.015389412641525269
corpus/mgs__folk_L5_verb__s2.wav,0.49152934551239014,0.44008615612983704,-0.0514431893825531
corpus/mgs__folk_L5_verb__s3.wav,0.6372106075286865,0.6061074733734131,-0.031103134155273438
corpus/mgs__folk_L5_verb__s4.wav,0.5145009756088257,0.4844757914543152,-0.030025184154510498
corpus/mgs__folk_L5_verb__s5.wav,0.47863680124282837,0.4570619463920593,-0.021574854850769043
corpus/mgs__folk_L7_num__s0.wav,0.5560624599456787,0.524662971496582,-0.03139948844909668
corpus/mgs__folk_L7_num__s1.wav,0.48183947801589966,0.5051924586296082,0.023352980613708496
corpus/mgs__folk_L7_num__s2.wav,0.4916527271270752,0.4931267499923706,0.0014740228652954102
corpus/mgs__folk_L7_num__s3.wav,0.5854028463363647,0.6097352504730225,0.024332404136657715
corpus/mgs__folk_L7_num__s4.wav,0.5093981027603149,0.5359615087509155,0.026563405990600586
corpus/mgs__folk_L7_num__s5.wav,0.5257753133773804,0.5265803337097168,0.0008050203323364258
corpus/mgs__folk_L7_verb__s0.wav,0.47832852602005005,0.47969281673431396,0.001364290714263916
corpus/mgs__folk_L7_verb__s1.wav,0.4291344881057739,0.5448262095451355,0.11569172143936157
corpus/mgs__folk_L7_verb__s2.wav,0.4875938892364502,0.45914700627326965,-0.028446882963180542
corpus/mgs__folk_L7_verb__s3.wav,0.4947202205657959,0.5041317343711853,0.009411513805389404
corpus/mgs__folk_L7_verb__s4.wav,0.4364719092845917,0.4865978956222534,0.05012598633766174
corpus/mgs__folk_L7_verb__s5.wav,0.2742866277694702,0.35960817337036133,0.08532154560089111
corpus/mgs__folk_L9_num__s0.wav,0.5898230671882629,0.5482363700866699,-0.04158669710159302
corpus/mgs__folk_L9_num__s1.wav,0.5620846748352051,0.554528534412384,-0.007556140422821045
corpus/mgs__folk_L9_num__s2.wav,0.6435468196868896,0.6257703900337219,-0.017776429653167725
corpus/mgs__folk_L9_num__s3.wav,0.4906288981437683,0.530107855796814,0.039478957653045654
corpus/mgs__folk_L9_num__s4.wav,0.4291176497936249,0.46791428327560425,0.03879663348197937
corpus/mgs__folk_L9_num__s5.wav,0.5538334250450134,0.5390331149101257,-0.014800310134887695
corpus/mgs__folk_L9_verb__s0.wav,0.3778517544269562,0.3911185562610626,0.013266801834106445
corpus/mgs__folk_L9_verb__s1.wav,0.30009710788726807,0.2947949767112732,-0.005302131175994873
corpus/mgs__folk_L9_verb__s2.wav,0.45023202896118164,0.45778900384902954,0.0075569748878479
corpus/mgs__folk_L9_verb__s3.wav,0.5187102556228638,0.49718740582466125,-0.021522849798202515
corpus/mgs__folk_L9_verb__s4.wav,0.43623998761177063,0.48424825072288513,0.0480082631111145
corpus/mgs__folk_L9_verb__s5.wav,0.3804711103439331,0.421582967042923,0.04111185669898987
corpus/mgs__hiphop_L1_num__s0.wav,0.5218985080718994,0.5467114448547363,0.024812936782836914
corpus/mgs__hiphop_L1_num__s1.wav,0.47146540880203247,0.5020155310630798,0.030550122261047363
corpus/mgs__hiphop_L1_num__s2.wav,0.4131022095680237,0.4383560121059418,0.02525380253791809
corpus/mgs__hiphop_L1_num__s3.wav,0.5508632659912109,0.6166235208511353,0.06576025485992432
corpus/mgs__hiphop_L1_num__s4.wav,0.5264987945556641,0.5487006902694702,0.022201895713806152
corpus/mgs__hiphop_L1_num__s5.wav,0.43082526326179504,0.5556666254997253,0.1248413622379303
corpus/mgs__hiphop_L1_verb__s0.wav,0.5944176912307739,0.558779239654541,-0.03563845157623291
corpus/mgs__hiphop_L1_verb__s1.wav,0.5538051128387451,0.5313793420791626,-0.02242577075958252
corpus/mgs__hiphop_L1_verb__s2.wav,0.6448231935501099,0.6072748899459839,-0.03754830360412598
corpus/mgs__hiphop_L1_verb__s3.wav,0.551378607749939,0.5477116703987122,-0.0036669373512268066
corpus/mgs__hiphop_L1_verb__s4.wav,0.5887842178344727,0.599044680595398,0.010260462760925293
corpus/mgs__hiphop_L1_verb__s5.wav,0.5416970252990723,0.5251154899597168,-0.01658153533935547
corpus/mgs__hiphop_L3_num__s0.wav,0.4667086899280548,0.4982556700706482,0.031546980142593384
corpus/mgs__hiphop_L3_num__s1.wav,0.5753624439239502,0.5794639587402344,0.00410151481628418
corpus/mgs__hiphop_L3_num__s2.wav,0.45777735114097595,0.4810698628425598,0.023292511701583862
corpus/mgs__hiphop_L3_num__s3.wav,0.36398208141326904,0.39100801944732666,0.027025938034057617
corpus/mgs__hiphop_L3_num__s4.wav,0.5246195793151855,0.5624099969863892,0.03779041767120361
corpus/mgs__hiphop_L3_num__s5.wav,0.5013436079025269,0.5053671598434448,0.004023551940917969
corpus/mgs__hiphop_L3_verb__s0.wav,0.4970915913581848,0.5022508502006531,0.005159258842468262
corpus/mgs__hiphop_L3_verb__s1.wav,0.5449820756912231,0.5908596515655518,0.04587757587432861
corpus/mgs__hiphop_L3_verb__s2.wav,0.5256887078285217,0.5240001678466797,-0.001688539981842041
corpus/mgs__hiphop_L3_verb__s3.wav,0.5393243432044983,0.5550090074539185,0.015684664249420166
corpus/mgs__hiphop_L3_verb__s4.wav,0.5398187637329102,0.4885721504688263,-0.05124661326408386
corpus/mgs__hiphop_L3_verb__s5.wav,0.5674694776535034,0.5572689771652222,-0.01020050048828125
corpus/mgs__hiphop_L5_num__s0.wav,0.5458365678787231,0.5283010005950928,-0.01753556728363037
corpus/mgs__hiphop_L5_num__s1.wav,0.4470626413822174,0.48847562074661255,0.04141297936439514
corpus/mgs__hiphop_L5_num__s2.wav,0.5272652506828308,0.50105220079422,-0.02621304988861084
corpus/mgs__hiphop_L5_num__s3.wav,0.4223843812942505,0.5489777326583862,0.12659335136413574
corpus/mgs__hiphop_L5_num__s4.wav,0.3566407561302185,0.42592719197273254,0.06928643584251404
corpus/mgs__hiphop_L5_num__s5.wav,0.4657834768295288,0.5346874594688416,0.06890398263931274
corpus/mgs__hiphop_L5_verb__s0.wav,0.5705834627151489,0.5728685259819031,0.0022850632667541504
corpus/mgs__hiphop_L5_verb__s1.wav,0.5402650237083435,0.5257301926612854,-0.014534831047058105
corpus/mgs__hiphop_L5_verb__s2.wav,0.4133930802345276,0.5092882513999939,0.09589517116546631
corpus/mgs__hiphop_L5_verb__s3.wav,0.4955234229564667,0.5870323181152344,0.0915088951587677
corpus/mgs__hiphop_L5_verb__s4.wav,0.5059750080108643,0.5513720512390137,0.045397043228149414
corpus/mgs__hiphop_L5_verb__s5.wav,0.39810803532600403,0.4849070906639099,0.08679905533790588
corpus/mgs__hiphop_L7_num__s0.wav,0.49592846632003784,0.5218085646629333,0.025880098342895508
corpus/mgs__hiphop_L7_num__s1.wav,0.48390793800354004,0.5627410411834717,0.07883310317993164
corpus/mgs__hiphop_L7_num__s2.wav,0.41116178035736084,0.45358189940452576,0.04242011904716492
corpus/mgs__hiphop_L7_num__s3.wav,0.5992355346679688,0.5781700611114502,-0.021065473556518555
corpus/mgs__hiphop_L7_num__s4.wav,0.46462851762771606,0.5386269092559814,0.07399839162826538
corpus/mgs__hiphop_L7_num__s5.wav,0.37423229217529297,0.4613499641418457,0.08711767196655273
corpus/mgs__hiphop_L7_verb__s0.wav,0.4915982484817505,0.5429776906967163,0.05137944221496582
corpus/mgs__hiphop_L7_verb__s1.wav,0.5462009906768799,0.48550987243652344,-0.060691118240356445
corpus/mgs__hiphop_L7_verb__s2.wav,0.47999221086502075,0.5484815835952759,0.06848937273025513
corpus/mgs__hiphop_L7_verb__s3.wav,0.41900765895843506,0.4753113389015198,0.05630367994308472
corpus/mgs__hiphop_L7_verb__s4.wav,0.4769037663936615,0.5065279006958008,0.029624134302139282
corpus/mgs__hiphop_L7_verb__s5.wav,0.4582543671131134,0.5527151226997375,0.09446075558662415
corpus/mgs__hiphop_L9_num__s0.wav,0.46330398321151733,0.49816322326660156,0.03485924005508423
corpus/mgs__hiphop_L9_num__s1.wav,0.5618757605552673,0.5761784315109253,0.014302670955657959
corpus/mgs__hiphop_L9_num__s2.wav,0.476321280002594,0.5366905927658081,0.06036931276321411
corpus/mgs__hiphop_L9_num__s3.wav,0.4208981394767761,0.48281651735305786,0.06191837787628174
corpus/mgs__hiphop_L9_num__s4.wav,0.5823732018470764,0.5666089057922363,-0.015764296054840088
corpus/mgs__hiphop_L9_num__s5.wav,0.3441954255104065,0.39880692958831787,0.05461150407791138
corpus/mgs__hiphop_L9_verb__s0.wav,0.40451163053512573,0.5657342672348022,0.1612226366996765
corpus/mgs__hiphop_L9_verb__s1.wav,0.514897882938385,0.5711475610733032,0.05624967813491821
corpus/mgs__hiphop_L9_verb__s2.wav,0.387212336063385,0.4406498074531555,0.05343747138977051
corpus/mgs__hiphop_L9_verb__s3.wav,0.34874337911605835,0.4093283414840698,0.060584962368011475
corpus/mgs__hiphop_L9_verb__s4.wav,0.5110346078872681,0.5797488689422607,0.06871426105499268
corpus/mgs__hiphop_L9_verb__s5.wav,0.4883226752281189,0.5317256450653076,0.04340296983718872
corpus/mgs__orchestral_L1_num__s0.wav,0.29139256477355957,0.3428956866264343,0.051503121852874756
corpus/mgs__orchestral_L1_num__s1.wav,0.3851362466812134,0.4097279906272888,0.02459174394607544
corpus/mgs__orchestral_L1_num__s2.wav,0.26295000314712524,0.3736671507358551,0.11071714758872986
corpus/mgs__orchestral_L1_num__s3.wav,0.3112828731536865,0.4227742552757263,0.1114913821220398
corpus/mgs__orchestral_L1_num__s4.wav,0.3690012991428375,0.3522206246852875,-0.01678067445755005
corpus/mgs__orchestral_L1_num__s5.wav,0.5500397682189941,0.4955877661705017,-0.05445200204849243
corpus/mgs__orchestral_L1_verb__s0.wav,0.3480100929737091,0.14764994382858276,-0.20036014914512634
corpus/mgs__orchestral_L1_verb__s1.wav,0.4443390667438507,0.4116668105125427,-0.03267225623130798
corpus/mgs__orchestral_L1_verb__s2.wav,0.48523157835006714,0.45890915393829346,-0.02632242441177368
corpus/mgs__orchestral_L1_verb__s3.wav,0.35967904329299927,0.3646875023841858,0.0050084590911865234
corpus/mgs__orchestral_L1_verb__s4.wav,0.5220110416412354,0.4366934597492218,-0.08531758189201355
corpus/mgs__orchestral_L1_verb__s5.wav,0.4312981367111206,0.3298230767250061,-0.1014750599861145
corpus/mgs__orchestral_L3_num__s0.wav,0.36520886421203613,0.4558250308036804,0.09061616659164429
corpus/mgs__orchestral_L3_num__s1.wav,0.336395263671875,0.3458181321620941,0.009422868490219116
corpus/mgs__orchestral_L3_num__s2.wav,0.3363915681838989,0.41603797674179077,0.07964640855789185
corpus/mgs__orchestral_L3_num__s3.wav,0.28772106766700745,0.4021803140640259,0.11445924639701843
corpus/mgs__orchestral_L3_num__s4.wav,0.21823231875896454,0.25230392813682556,0.03407160937786102
corpus/mgs__orchestral_L3_num__s5.wav,0.22984562814235687,0.2562348246574402,0.026389196515083313
corpus/mgs__orchestral_L3_verb__s0.wav,0.19907894730567932,0.18240687251091003,-0.016672074794769287
corpus/mgs__orchestral_L3_verb__s1.wav,0.27200669050216675,0.1929345279932022,-0.07907216250896454
corpus/mgs__orchestral_L3_verb__s2.wav,0.19406652450561523,0.13075768947601318,-0.06330883502960205
corpus/mgs__orchestral_L3_verb__s3.wav,0.33656251430511475,0.2623176574707031,-0.07424485683441162
corpus/mgs__orchestral_L3_verb__s4.wav,0.3739120662212372,0.3577035665512085,-0.016208499670028687
corpus/mgs__orchestral_L3_verb__s5.wav,0.37065404653549194,0.29222652316093445,-0.0784275233745575
corpus/mgs__orchestral_L5_num__s0.wav,0.37873226404190063,0.4600406885147095,0.08130842447280884
corpus/mgs__orchestral_L5_num__s1.wav,0.32046496868133545,0.38679593801498413,0.06633096933364868
corpus/mgs__orchestral_L5_num__s2.wav,0.22733481228351593,0.1493450552225113,-0.07798975706100464
corpus/mgs__orchestral_L5_num__s3.wav,0.2875346541404724,0.1542302966117859,-0.13330435752868652
corpus/mgs__orchestral_L5_num__s4.wav,0.31483957171440125,0.3190811276435852,0.00424155592918396
corpus/mgs__orchestral_L5_num__s5.wav,0.4514712989330292,0.450142502784729,-0.001328796148300171
corpus/mgs__orchestral_L5_verb__s0.wav,0.29642462730407715,0.28206947445869446,-0.01435515284538269
corpus/mgs__orchestral_L5_verb__s1.wav,0.06842277944087982,0.18951545655727386,0.12109267711639404
corpus/mgs__orchestral_L5_verb__s2.wav,0.4529706537723541,0.4731137156486511,0.020143061876296997
corpus/mgs__orchestral_L5_verb__s3.wav,0.3943161368370056,0.3643368184566498,-0.029979318380355835
corpus/mgs__orchestral_L5_verb__s4.wav,0.502573549747467,0.48556840419769287,-0.01700514554977417
corpus/mgs__orchestral_L5_verb__s5.wav,0.2913237512111664,0.21502192318439484,-0.07630182802677155
corpus/mgs__orchestral_L7_num__s0.wav,0.33038732409477234,0.4183247983455658,0.08793747425079346
corpus/mgs__orchestral_L7_num__s1.wav,0.2818707227706909,0.348745733499527,0.06687501072883606
corpus/mgs__orchestral_L7_num__s2.wav,0.2748613953590393,0.32109779119491577,0.046236395835876465
corpus/mgs__orchestral_L7_num__s3.wav,0.22982367873191833,0.24702903628349304,0.017205357551574707
corpus/mgs__orchestral_L7_num__s4.wav,0.4395034909248352,0.39077314734458923,-0.04873034358024597
corpus/mgs__orchestral_L7_num__s5.wav,0.3844302296638489,0.32912248373031616,-0.055307745933532715
corpus/mgs__orchestral_L7_verb__s0.wav,0.2815895080566406,0.35581856966018677,0.07422906160354614
corpus/mgs__orchestral_L7_verb__s1.wav,0.35619983077049255,0.4540129601955414,0.09781312942504883
corpus/mgs__orchestral_L7_verb__s2.wav,0.16910448670387268,0.22949494421482086,0.06039045751094818
corpus/mgs__orchestral_L7_verb__s3.wav,0.2705874443054199,0.33710867166519165,0.06652122735977173
corpus/mgs__orchestral_L7_verb__s4.wav,0.359497994184494,0.38133612275123596,0.021838128566741943
corpus/mgs__orchestral_L7_verb__s5.wav,0.24211472272872925,0.30170738697052,0.05959266424179077
corpus/mgs__orchestral_L9_num__s0.wav,0.37706974148750305,0.41584110260009766,0.038771361112594604
corpus/mgs__orchestral_L9_num__s1.wav,0.41335058212280273,0.4012632369995117,-0.012087345123291016
corpus/mgs__orchestral_L9_num__s2.wav,0.30578088760375977,0.3220720887184143,0.01629120111465454
corpus/mgs__orchestral_L9_num__s3.wav,0.31427595019340515,0.2884417176246643,-0.025834232568740845
corpus/mgs__orchestral_L9_num__s4.wav,0.3566831648349762,0.3899243474006653,0.03324118256568909
corpus/mgs__orchestral_L9_num__s5.wav,0.36244702339172363,0.3516577184200287,-0.010789304971694946
corpus/mgs__orchestral_L9_verb__s0.wav,0.09726710617542267,0.17664369940757751,0.07937659323215485
corpus/mgs__orchestral_L9_verb__s1.wav,0.46876633167266846,0.4172091484069824,-0.051557183265686035
corpus/mgs__orchestral_L9_verb__s2.wav,0.31422895193099976,0.36786627769470215,0.05363732576370239
corpus/mgs__orchestral_L9_verb__s3.wav,0.4681730270385742,0.36919698119163513,-0.09897604584693909
corpus/mgs__orchestral_L9_verb__s4.wav,0.19015967845916748,0.39266788959503174,0.20250821113586426
corpus/mgs__orchestral_L9_verb__s5.wav,0.3217344582080841,0.3913177251815796,0.06958326697349548
corpus/mgs__rock_L1_num__s0.wav,0.5004020929336548,0.6723580360412598,0.17195594310760498
corpus/mgs__rock_L1_num__s1.wav,0.4277184009552002,0.6275211572647095,0.19980275630950928
corpus/mgs__rock_L1_num__s2.wav,0.4768960177898407,0.6704841256141663,0.19358810782432556
corpus/mgs__rock_L1_num__s3.wav,0.30355507135391235,0.4192637801170349,0.11570870876312256
corpus/mgs__rock_L1_num__s4.wav,0.5004020929336548,0.6723580360412598,0.17195594310760498
corpus/mgs__rock_L1_num__s5.wav,0.4277184009552002,0.6275211572647095,0.19980275630950928
corpus/mgs__rock_L1_verb__s0.wav,0.505695641040802,0.5918381810188293,0.08614253997802734
corpus/mgs__rock_L1_verb__s1.wav,0.298683226108551,0.37900277972221375,0.08031955361366272
corpus/mgs__rock_L1_verb__s2.wav,0.28481680154800415,0.39092063903808594,0.10610383749008179
corpus/mgs__rock_L1_verb__s3.wav,0.5149532556533813,0.44050636887550354,-0.07444688677787781
corpus/mgs__rock_L1_verb__s4.wav,0.4413464665412903,0.31961631774902344,-0.12173014879226685
corpus/mgs__rock_L1_verb__s5.wav,0.5994125604629517,0.6455473303794861,0.046134769916534424
corpus/mgs__rock_L3_num__s0.wav,0.49805882573127747,0.6551443934440613,0.1570855677127838
corpus/mgs__rock_L3_num__s1.wav,0.41983139514923096,0.6232814788818359,0.20345008373260498
corpus/mgs__rock_L3_num__s2.wav,0.43008846044540405,0.6697002649307251,0.23961180448532104
corpus/mgs__rock_L3_num__s3.wav,0.5242496728897095,0.6731452941894531,0.14889562129974365
corpus/mgs__rock_L3_num__s4.wav,0.45285627245903015,0.6646463871002197,0.21179011464118958
corpus/mgs__rock_L3_num__s5.wav,0.4232195317745209,0.6518648266792297,0.22864529490470886
corpus/mgs__rock_L3_verb__s0.wav,0.5117760896682739,0.5494871139526367,0.03771102428436279
corpus/mgs__rock_L3_verb__s1.wav,0.5143797993659973,0.680151104927063,0.16577130556106567
corpus/mgs__rock_L3_verb__s2.wav,0.3882124423980713,0.38442468643188477,-0.0037877559661865234
corpus/mgs__rock_L3_verb__s3.wav,0.5592176914215088,0.5528964996337891,-0.0063211917877197266
corpus/mgs__rock_L3_verb__s4.wav,0.29646599292755127,0.5078086853027344,0.2113426923751831
corpus/mgs__rock_L3_verb__s5.wav,0.48247361183166504,0.4789375960826874,-0.003536015748977661
corpus/mgs__rock_L5_num__s0.wav,0.4713677167892456,0.583229660987854,0.1118619441986084
corpus/mgs__rock_L5_num__s1.wav,0.5454991459846497,0.7043911814689636,0.15889203548431396
corpus/mgs__rock_L5_num__s2.wav,0.5341386795043945,0.7209148406982422,0.18677616119384766
corpus/mgs__rock_L5_num__s3.wav,0.255443811416626,0.4644116163253784,0.20896780490875244
corpus/mgs__rock_L5_num__s4.wav,0.5403378009796143,0.6511669158935547,0.11082911491394043
corpus/mgs__rock_L5_num__s5.wav,0.39263251423835754,0.6337239742279053,0.24109145998954773
corpus/mgs__rock_L5_verb__s0.wav,0.5131194591522217,0.6780192255973816,0.1648997664451599
corpus/mgs__rock_L5_verb__s1.wav,0.4882904291152954,0.6815850734710693,0.19329464435577393
corpus/mgs__rock_L5_verb__s2.wav,0.5235656499862671,0.6996982097625732,0.17613255977630615
corpus/mgs__rock_L5_verb__s3.wav,0.5149458050727844,0.679955005645752,0.16500920057296753
corpus/mgs__rock_L5_verb__s4.wav,0.4825599789619446,0.6803683638572693,0.1978083848953247
corpus/mgs__rock_L5_verb__s5.wav,0.4425632953643799,0.619975209236145,0.17741191387176514
corpus/mgs__rock_L7_num__s0.wav,0.606523871421814,0.6602408289909363,0.053716957569122314
corpus/mgs__rock_L7_num__s1.wav,0.5434479713439941,0.6615030765533447,0.11805510520935059
corpus/mgs__rock_L7_num__s2.wav,0.5118970274925232,0.6802382469177246,0.16834121942520142
corpus/mgs__rock_L7_num__s3.wav,0.5300382375717163,0.681297779083252,0.15125954151153564
corpus/mgs__rock_L7_num__s4.wav,0.6091066598892212,0.7240680456161499,0.11496138572692871
corpus/mgs__rock_L7_num__s5.wav,0.4661169648170471,0.5405079126358032,0.0743909478187561
corpus/mgs__rock_L7_verb__s0.wav,0.571361780166626,0.7134759426116943,0.14211416244506836
corpus/mgs__rock_L7_verb__s1.wav,0.39717984199523926,0.6087461709976196,0.21156632900238037
corpus/mgs__rock_L7_verb__s2.wav,0.5979750156402588,0.7112412452697754,0.1132662296295166
corpus/mgs__rock_L7_verb__s3.wav,0.5088775157928467,0.6802843809127808,0.17140686511993408
corpus/mgs__rock_L7_verb__s4.wav,0.474723219871521,0.6693863868713379,0.1946631669998169
corpus/mgs__rock_L7_verb__s5.wav,0.5414034128189087,0.6985427141189575,0.15713930130004883
corpus/mgs__rock_L9_num__s0.wav,0.49264711141586304,0.6749376058578491,0.18229049444198608
corpus/mgs__rock_L9_num__s1.wav,0.35040515661239624,0.5730449557304382,0.222639799118042
corpus/mgs__rock_L9_num__s2.wav,0.5117927193641663,0.701655387878418,0.1898626685142517
corpus/mgs__rock_L9_num__s3.wav,0.5570040941238403,0.6255060434341431,0.06850194931030273
corpus/mgs__rock_L9_num__s4.wav,0.4993255138397217,0.688156247138977,0.18883073329925537
corpus/mgs__rock_L9_num__s5.wav,0.5116465091705322,0.6834145784378052,0.17176806926727295
corpus/mgs__rock_L9_verb__s0.wav,0.46519041061401367,0.6747649312019348,0.20957452058792114
corpus/mgs__rock_L9_verb__s1.wav,0.43988165259361267,0.6445891857147217,0.204707533121109
corpus/mgs__rock_L9_verb__s2.wav,0.3582574427127838,0.6407659649848938,0.28250852227211
corpus/mgs__rock_L9_verb__s3.wav,0.4973464608192444,0.7074155807495117,0.21006911993026733
corpus/mgs__rock_L9_verb__s4.wav,0.31259191036224365,0.37286990880966187,0.06027799844741821
corpus/mgs__rock_L9_verb__s5.wav,0.45031124353408813,0.6478260159492493,0.19751477241516113
corpus/sa3s__edm_L1_num__s0.wav,0.3381832242012024,0.4723677933216095,0.1341845691204071
corpus/sa3s__edm_L1_num__s1.wav,0.43617603182792664,0.4317585229873657,-0.004417508840560913
corpus/sa3s__edm_L1_num__s2.wav,0.37194448709487915,0.4572112262248993,0.08526673913002014
corpus/sa3s__edm_L1_num__s3.wav,0.3613232970237732,0.43219226598739624,0.07086896896362305
corpus/sa3s__edm_L1_num__s4.wav,0.40779823064804077,0.46417710185050964,0.05637887120246887
corpus/sa3s__edm_L1_num__s5.wav,0.3836313486099243,0.4467572867870331,0.06312593817710876
corpus/sa3s__edm_L1_verb__s0.wav,0.49902474880218506,0.37415170669555664,-0.12487304210662842
corpus/sa3s__edm_L1_verb__s1.wav,0.5344334840774536,0.3154413104057312,-0.2189921736717224
corpus/sa3s__edm_L1_verb__s2.wav,0.44204258918762207,0.4244394302368164,-0.017603158950805664
corpus/sa3s__edm_L1_verb__s3.wav,0.4973681569099426,0.40156155824661255,-0.09580659866333008
corpus/sa3s__edm_L1_verb__s4.wav,0.5625388622283936,0.4486750066280365,-0.11386385560035706
corpus/sa3s__edm_L1_verb__s5.wav,0.5320215225219727,0.36914435029029846,-0.1628771722316742
corpus/sa3s__edm_L3_num__s0.wav,0.3951686918735504,0.5325214266777039,0.13735273480415344
corpus/sa3s__edm_L3_num__s1.wav,0.4122285842895508,0.47224098443984985,0.06001240015029907
corpus/sa3s__edm_L3_num__s2.wav,0.3665526211261749,0.49033936858177185,0.12378674745559692
corpus/sa3s__edm_L3_num__s3.wav,0.35759204626083374,0.4674469828605652,0.10985493659973145
corpus/sa3s__edm_L3_num__s4.wav,0.3212087154388428,0.44956356287002563,0.12835484743118286
corpus/sa3s__edm_L3_num__s5.wav,0.3297268748283386,0.4854017496109009,0.15567487478256226
corpus/sa3s__edm_L3_verb__s0.wav,0.4665575921535492,0.4013978838920593,-0.06515970826148987
corpus/sa3s__edm_L3_verb__s1.wav,0.49916234612464905,0.41070613265037537,-0.08845621347427368
corpus/sa3s__edm_L3_verb__s2.wav,0.45179373025894165,0.43743330240249634,-0.014360427856445312
corpus/sa3s__edm_L3_verb__s3.wav,0.4483339190483093,0.39717552065849304,-0.051158398389816284
corpus/sa3s__edm_L3_verb__s4.wav,0.48785632848739624,0.36146438121795654,-0.1263919472694397
corpus/sa3s__edm_L3_verb__s5.wav,0.5072423219680786,0.45917147397994995,-0.04807084798812866
corpus/sa3s__edm_L5_num__s0.wav,0.33953043818473816,0.5492630004882812,0.2097325623035431
corpus/sa3s__edm_L5_num__s1.wav,0.3486648201942444,0.47078123688697815,0.12211641669273376
corpus/sa3s__edm_L5_num__s2.wav,0.39434587955474854,0.5348353385925293,0.14048945903778076
corpus/sa3s__edm_L5_num__s3.wav,0.4026811718940735,0.5246202945709229,0.12193912267684937
corpus/sa3s__edm_L5_num__s4.wav,0.45940926671028137,0.6230696439743042,0.16366037726402283
corpus/sa3s__edm_L5_num__s5.wav,0.3279363512992859,0.4871102571487427,0.1591739058494568
corpus/sa3s__edm_L5_verb__s0.wav,0.44413912296295166,0.4306955337524414,-0.013443589210510254
corpus/sa3s__edm_L5_verb__s1.wav,0.5060341954231262,0.4324027895927429,-0.0736314058303833
corpus/sa3s__edm_L5_verb__s2.wav,0.28458142280578613,0.4922206997871399,0.20763927698135376
corpus/sa3s__edm_L5_verb__s3.wav,0.44848084449768066,0.5265318155288696,0.07805097103118896
corpus/sa3s__edm_L5_verb__s4.wav,0.28634393215179443,0.526503324508667,0.24015939235687256
corpus/sa3s__edm_L5_verb__s5.wav,0.4319004416465759,0.4498368203639984,0.017936378717422485
corpus/sa3s__edm_L7_num__s0.wav,0.39479291439056396,0.5171219706535339,0.12232905626296997
corpus/sa3s__edm_L7_num__s1.wav,0.35892558097839355,0.5447887182235718,0.18586313724517822
corpus/sa3s__edm_L7_num__s2.wav,0.3217175006866455,0.5175418257713318,0.19582432508468628
corpus/sa3s__edm_L7_num__s3.wav,0.3489764928817749,0.5298746228218079,0.18089812994003296
corpus/sa3s__edm_L7_num__s4.wav,0.3985394835472107,0.5165698528289795,0.1180303692817688
corpus/sa3s__edm_L7_num__s5.wav,0.3800773024559021,0.45635780692100525,0.07628050446510315
corpus/sa3s__edm_L7_verb__s0.wav,0.36698275804519653,0.43743351101875305,0.07045075297355652
corpus/sa3s__edm_L7_verb__s1.wav,0.38269346952438354,0.5235332250595093,0.14083975553512573
corpus/sa3s__edm_L7_verb__s2.wav,0.44292914867401123,0.5008180141448975,0.05788886547088623
corpus/sa3s__edm_L7_verb__s3.wav,0.43394994735717773,0.4835978150367737,0.04964786767959595
corpus/sa3s__edm_L7_verb__s4.wav,0.401634156703949,0.4982644319534302,0.0966302752494812
corpus/sa3s__edm_L7_verb__s5.wav,0.40321260690689087,0.5080986618995667,0.10488605499267578
corpus/sa3s__edm_L9_num__s0.wav,0.35749030113220215,0.4431108236312866,0.08562052249908447
corpus/sa3s__edm_L9_num__s1.wav,0.35190558433532715,0.4818726181983948,0.12996703386306763
corpus/sa3s__edm_L9_num__s2.wav,0.43628108501434326,0.556736946105957,0.12045586109161377
corpus/sa3s__edm_L9_num__s3.wav,0.3677732050418854,0.43846675753593445,0.07069355249404907
corpus/sa3s__edm_L9_num__s4.wav,0.43026599287986755,0.4471343755722046,0.016868382692337036
corpus/sa3s__edm_L9_num__s5.wav,0.40020638704299927,0.5350522398948669,0.13484585285186768
corpus/sa3s__edm_L9_verb__s0.wav,0.31562021374702454,0.49712076783180237,0.18150055408477783
corpus/sa3s__edm_L9_verb__s1.wav,0.378702312707901,0.43992963433265686,0.06122732162475586
corpus/sa3s__edm_L9_verb__s2.wav,0.3536415994167328,0.45837557315826416,0.10473397374153137
corpus/sa3s__edm_L9_verb__s3.wav,0.3896022439002991,0.5436416864395142,0.1540394425392151
corpus/sa3s__edm_L9_verb__s4.wav,0.3465128540992737,0.44926369190216064,0.10275083780288696
corpus/sa3s__edm_L9_verb__s5.wav,0.4026022255420685,0.48991915583610535,0.08731693029403687
corpus/sa3s__folk_L1_num__s0.wav,0.581337571144104,0.49910518527030945,-0.08223238587379456
corpus/sa3s__folk_L1_num__s1.wav,0.5397793650627136,0.4734412431716919,-0.06633812189102173
corpus/sa3s__folk_L1_num__s2.wav,0.49346649646759033,0.4604107141494751,-0.033055782318115234
corpus/sa3s__folk_L1_num__s3.wav,0.5008475184440613,0.4826970100402832,-0.018150508403778076
corpus/sa3s__folk_L1_num__s4.wav,0.5176787376403809,0.46219223737716675,-0.05548650026321411
corpus/sa3s__folk_L1_num__s5.wav,0.5223760008811951,0.4625470042228699,-0.059828996658325195
corpus/sa3s__folk_L1_verb__s0.wav,0.5765396356582642,0.4700118899345398,-0.10652774572372437
corpus/sa3s__folk_L1_verb__s1.wav,0.5343540906906128,0.4894956946372986,-0.04485839605331421
corpus/sa3s__folk_L1_verb__s2.wav,0.5519301891326904,0.47702494263648987,-0.07490524649620056
corpus/sa3s__folk_L1_verb__s3.wav,0.5997266173362732,0.4950215518474579,-0.10470506548881531
corpus/sa3s__folk_L1_verb__s4.wav,0.5393602848052979,0.4531627595424652,-0.08619752526283264
corpus/sa3s__folk_L1_verb__s5.wav,0.5548757314682007,0.48862141370773315,-0.06625431776046753
corpus/sa3s__folk_L3_num__s0.wav,0.5590903759002686,0.49464648962020874,-0.06444388628005981
corpus/sa3s__folk_L3_num__s1.wav,0.550318717956543,0.48703283071517944,-0.06328588724136353
corpus/sa3s__folk_L3_num__s2.wav,0.47437596321105957,0.5199509263038635,0.045574963092803955
corpus/sa3s__folk_L3_num__s3.wav,0.5560898780822754,0.48555225133895874,-0.07053762674331665
corpus/sa3s__folk_L3_num__s4.wav,0.5753803253173828,0.49700796604156494,-0.07837235927581787
corpus/sa3s__folk_L3_num__s5.wav,0.47440052032470703,0.47716784477233887,0.002767324447631836
corpus/sa3s__folk_L3_verb__s0.wav,0.5489544868469238,0.4745502471923828,-0.07440423965454102
corpus/sa3s__folk_L3_verb__s1.wav,0.42283910512924194,0.35194504261016846,-0.07089406251907349
corpus/sa3s__folk_L3_verb__s2.wav,0.5037712454795837,0.43923497200012207,-0.06453627347946167
corpus/sa3s__folk_L3_verb__s3.wav,0.5033968687057495,0.4165377616882324,-0.08685910701751709
corpus/sa3s__folk_L3_verb__s4.wav,0.49448078870773315,0.41296038031578064,-0.08152040839195251
corpus/sa3s__folk_L3_verb__s5.wav,0.5103052854537964,0.44543564319610596,-0.06486964225769043
corpus/sa3s__folk_L5_num__s0.wav,0.5166729688644409,0.5237893462181091,0.007116377353668213
corpus/sa3s__folk_L5_num__s1.wav,0.44408857822418213,0.46062082052230835,0.01653224229812622
corpus/sa3s__folk_L5_num__s2.wav,0.5669991374015808,0.4671640396118164,-0.0998350977897644
corpus/sa3s__folk_L5_num__s3.wav,0.523557186126709,0.4898023009300232,-0.03375488519668579
corpus/sa3s__folk_L5_num__s4.wav,0.5210394263267517,0.47947555780410767,-0.04156386852264404
corpus/sa3s__folk_L5_num__s5.wav,0.5095429420471191,0.4582066535949707,-0.05133628845214844
corpus/sa3s__folk_L5_verb__s0.wav,0.5033048391342163,0.5042494535446167,0.0009446144104003906
corpus/sa3s__folk_L5_verb__s1.wav,0.513181209564209,0.4534294903278351,-0.0597517192363739
corpus/sa3s__folk_L5_verb__s2.wav,0.4213622808456421,0.4679436683654785,0.046581387519836426
corpus/sa3s__folk_L5_verb__s3.wav,0.5266194343566895,0.5195751190185547,-0.007044315338134766
corpus/sa3s__folk_L5_verb__s4.wav,0.49912214279174805,0.4888642430305481,-0.010257899761199951
corpus/sa3s__folk_L5_verb__s5.wav,0.48788174986839294,0.46729329228401184,-0.020588457584381104
corpus/sa3s__folk_L7_num__s0.wav,0.5380706787109375,0.45100167393684387,-0.08706900477409363
corpus/sa3s__folk_L7_num__s1.wav,0.48618170619010925,0.4661911427974701,-0.01999056339263916
corpus/sa3s__folk_L7_num__s2.wav,0.545116662979126,0.5365340709686279,-0.008582592010498047
corpus/sa3s__folk_L7_num__s3.wav,0.5368574261665344,0.48010754585266113,-0.05674988031387329
corpus/sa3s__folk_L7_num__s4.wav,0.5540193319320679,0.5048328638076782,-0.04918646812438965
corpus/sa3s__folk_L7_num__s5.wav,0.4956742227077484,0.5008533596992493,0.0051791369915008545
corpus/sa3s__folk_L7_verb__s0.wav,0.49267101287841797,0.5151210427284241,0.022450029850006104
corpus/sa3s__folk_L7_verb__s1.wav,0.5659405589103699,0.5482546091079712,-0.01768594980239868
corpus/sa3s__folk_L7_verb__s2.wav,0.5485541820526123,0.558588981628418,0.010034799575805664
corpus/sa3s__folk_L7_verb__s3.wav,0.53890061378479,0.483223021030426,-0.055677592754364014
corpus/sa3s__folk_L7_verb__s4.wav,0.525368869304657,0.4846046566963196,-0.0407642126083374
corpus/sa3s__folk_L7_verb__s5.wav,0.5518607497215271,0.47218409180641174,-0.07967665791511536
corpus/sa3s__folk_L9_num__s0.wav,0.5083655118942261,0.4959918260574341,-0.012373685836791992
corpus/sa3s__folk_L9_num__s1.wav,0.5174744129180908,0.442229688167572,-0.0752447247505188
corpus/sa3s__folk_L9_num__s2.wav,0.5639548301696777,0.5147579908370972,-0.049196839332580566
corpus/sa3s__folk_L9_num__s3.wav,0.4550338089466095,0.4648216962814331,0.009787887334823608
corpus/sa3s__folk_L9_num__s4.wav,0.5044591426849365,0.510604739189148,0.006145596504211426
corpus/sa3s__folk_L9_num__s5.wav,0.4789487421512604,0.4646683633327484,-0.014280378818511963
corpus/sa3s__folk_L9_verb__s0.wav,0.5394106507301331,0.4679785370826721,-0.07143211364746094
corpus/sa3s__folk_L9_verb__s1.wav,0.5432971715927124,0.48418885469436646,-0.05910831689834595
corpus/sa3s__folk_L9_verb__s2.wav,0.5659880638122559,0.4851037561893463,-0.08088430762290955
corpus/sa3s__folk_L9_verb__s3.wav,0.5068824291229248,0.4434814155101776,-0.06340101361274719
corpus/sa3s__folk_L9_verb__s4.wav,0.5121326446533203,0.47714293003082275,-0.03498971462249756
corpus/sa3s__folk_L9_verb__s5.wav,0.5315231084823608,0.48329436779022217,-0.04822874069213867
corpus/sa3s__hiphop_L1_num__s0.wav,0.5930103659629822,0.5890057682991028,-0.0040045976638793945
corpus/sa3s__hiphop_L1_num__s1.wav,0.6088569164276123,0.570610761642456,-0.03824615478515625
corpus/sa3s__hiphop_L1_num__s2.wav,0.6274846792221069,0.5680292844772339,-0.05945539474487305
corpus/sa3s__hiphop_L1_num__s3.wav,0.5365267395973206,0.5575960874557495,0.021069347858428955
corpus/sa3s__hiphop_L1_num__s4.wav,0.5939513444900513,0.5846754312515259,-0.00927591323852539
corpus/sa3s__hiphop_L1_num__s5.wav,0.5701037645339966,0.5792281627655029,0.009124398231506348
corpus/sa3s__hiphop_L1_verb__s0.wav,0.5172467231750488,0.49404826760292053,-0.023198455572128296
corpus/sa3s__hiphop_L1_verb__s1.wav,0.5534805059432983,0.5168462991714478,-0.036634206771850586
corpus/sa3s__hiphop_L1_verb__s2.wav,0.5802112817764282,0.5494720935821533,-0.030739188194274902
corpus/sa3s__hiphop_L1_verb__s3.wav,0.5424253940582275,0.5075249671936035,-0.03490042686462402
corpus/sa3s__hiphop_L1_verb__s4.wav,0.563789427280426,0.5065362453460693,-0.05725318193435669
corpus/sa3s__hiphop_L1_verb__s5.wav,0.5208446979522705,0.51474529504776,-0.006099402904510498
corpus/sa3s__hiphop_L3_num__s0.wav,0.5846614837646484,0.6369996070861816,0.0523381233215332
corpus/sa3s__hiphop_L3_num__s1.wav,0.5231424570083618,0.5471432209014893,0.02400076389312744
corpus/sa3s__hiphop_L3_num__s2.wav,0.6191504001617432,0.6366597414016724,0.0175093412399292
corpus/sa3s__hiphop_L3_num__s3.wav,0.5105260014533997,0.5273146629333496,0.01678866147994995
corpus/sa3s__hiphop_L3_num__s4.wav,0.5627882480621338,0.5684726238250732,0.005684375762939453
corpus/sa3s__hiphop_L3_num__s5.wav,0.5724661350250244,0.5743070840835571,0.0018409490585327148
corpus/sa3s__hiphop_L3_verb__s0.wav,0.5649559497833252,0.46291133761405945,-0.10204461216926575
corpus/sa3s__hiphop_L3_verb__s1.wav,0.5181074738502502,0.479461669921875,-0.038645803928375244
corpus/sa3s__hiphop_L3_verb__s2.wav,0.5140599012374878,0.48747068643569946,-0.02658921480178833
corpus/sa3s__hiphop_L3_verb__s3.wav,0.5323638319969177,0.40023013949394226,-0.13213369250297546
corpus/sa3s__hiphop_L3_verb__s4.wav,0.5591006278991699,0.4652843773365021,-0.09381625056266785
corpus/sa3s__hiphop_L3_verb__s5.wav,0.5951216220855713,0.47775501012802124,-0.11736661195755005
corpus/sa3s__hiphop_L5_num__s0.wav,0.48304277658462524,0.5105611681938171,0.027518391609191895
corpus/sa3s__hiphop_L5_num__s1.wav,0.5830126404762268,0.588280200958252,0.0052675604820251465
corpus/sa3s__hiphop_L5_num__s2.wav,0.5525322556495667,0.5442830324172974,-0.008249223232269287
corpus/sa3s__hiphop_L5_num__s3.wav,0.5171084403991699,0.5068061351776123,-0.010302305221557617
corpus/sa3s__hiphop_L5_num__s4.wav,0.6370694041252136,0.6221203804016113,-0.014949023723602295
corpus/sa3s__hiphop_L5_num__s5.wav,0.5945113897323608,0.5765717029571533,-0.01793968677520752
corpus/sa3s__hiphop_L5_verb__s0.wav,0.4769518971443176,0.45230281352996826,-0.024649083614349365
corpus/sa3s__hiphop_L5_verb__s1.wav,0.5583821535110474,0.5777525901794434,0.019370436668395996
corpus/sa3s__hiphop_L5_verb__s2.wav,0.5844923853874207,0.5827138423919678,-0.0017785429954528809
corpus/sa3s__hiphop_L5_verb__s3.wav,0.5649704337120056,0.503809928894043,-0.061160504817962646
corpus/sa3s__hiphop_L5_verb__s4.wav,0.5658624172210693,0.5321165323257446,-0.03374588489532471
corpus/sa3s__hiphop_L5_verb__s5.wav,0.5115114450454712,0.584622859954834,0.07311141490936279
corpus/sa3s__hiphop_L7_num__s0.wav,0.5234599113464355,0.5713067650794983,0.047846853733062744
corpus/sa3s__hiphop_L7_num__s1.wav,0.5915141701698303,0.5873492956161499,-0.00416487455368042
corpus/sa3s__hiphop_L7_num__s2.wav,0.48329001665115356,0.4661552906036377,-0.01713472604751587
corpus/sa3s__hiphop_L7_num__s3.wav,0.5698349475860596,0.5699097514152527,7.480382919311523e-05
corpus/sa3s__hiphop_L7_num__s4.wav,0.5934419631958008,0.585205078125,-0.008236885070800781
corpus/sa3s__hiphop_L7_num__s5.wav,0.5655144453048706,0.5677902698516846,0.002275824546813965
corpus/sa3s__hiphop_L7_verb__s0.wav,0.5124761462211609,0.5343097448348999,0.021833598613739014
corpus/sa3s__hiphop_L7_verb__s1.wav,0.5174019932746887,0.5381532311439514,0.020751237869262695
corpus/sa3s__hiphop_L7_verb__s2.wav,0.6023637056350708,0.5885263681411743,-0.013837337493896484
corpus/sa3s__hiphop_L7_verb__s3.wav,0.5536841154098511,0.5628790259361267,0.009194910526275635
corpus/sa3s__hiphop_L7_verb__s4.wav,0.46177899837493896,0.546207070350647,0.08442807197570801
corpus/sa3s__hiphop_L7_verb__s5.wav,0.596177339553833,0.5304695963859558,-0.0657077431678772
corpus/sa3s__hiphop_L9_num__s0.wav,0.5983668565750122,0.5921362638473511,-0.006230592727661133
corpus/sa3s__hiphop_L9_num__s1.wav,0.5243065357208252,0.5105129480361938,-0.013793587684631348
corpus/sa3s__hiphop_L9_num__s2.wav,0.5000101327896118,0.48342791199684143,-0.016582220792770386
corpus/sa3s__hiphop_L9_num__s3.wav,0.5297136306762695,0.5439497232437134,0.014236092567443848
corpus/sa3s__hiphop_L9_num__s4.wav,0.4614867568016052,0.49351823329925537,0.032031476497650146
corpus/sa3s__hiphop_L9_num__s5.wav,0.5667434930801392,0.5730018615722656,0.006258368492126465
corpus/sa3s__hiphop_L9_verb__s0.wav,0.5970472097396851,0.5515965819358826,-0.04545062780380249
corpus/sa3s__hiphop_L9_verb__s1.wav,0.5087385177612305,0.5940192341804504,0.08528071641921997
corpus/sa3s__hiphop_L9_verb__s2.wav,0.6102054119110107,0.6097478866577148,-0.00045752525329589844
corpus/sa3s__hiphop_L9_verb__s3.wav,0.561154842376709,0.5677846074104309,0.006629765033721924
corpus/sa3s__hiphop_L9_verb__s4.wav,0.4928738474845886,0.5068970918655396,0.014023244380950928
corpus/sa3s__hiphop_L9_verb__s5.wav,0.48786669969558716,0.590786337852478,0.10291963815689087
corpus/sa3s__orchestral_L1_num__s0.wav,0.26300472021102905,0.4817165434360504,0.21871182322502136
corpus/sa3s__orchestral_L1_num__s1.wav,0.2928012013435364,0.511772871017456,0.21897166967391968
corpus/sa3s__orchestral_L1_num__s2.wav,0.3445797264575958,0.43790972232818604,0.09332999587059021
corpus/sa3s__orchestral_L1_num__s3.wav,0.2480972558259964,0.4305126667022705,0.1824154108762741
corpus/sa3s__orchestral_L1_num__s4.wav,0.18957863748073578,0.41179805994033813,0.22221942245960236
corpus/sa3s__orchestral_L1_num__s5.wav,0.24083591997623444,0.48513686656951904,0.2443009465932846
corpus/sa3s__orchestral_L1_verb__s0.wav,0.5058168172836304,0.3947329521179199,-0.11108386516571045
corpus/sa3s__orchestral_L1_verb__s1.wav,0.3582969307899475,0.542555034160614,0.1842581033706665
corpus/sa3s__orchestral_L1_verb__s2.wav,0.4450438916683197,0.44064903259277344,-0.004394859075546265
corpus/sa3s__orchestral_L1_verb__s3.wav,0.554064154624939,0.39641380310058594,-0.15765035152435303
corpus/sa3s__orchestral_L1_verb__s4.wav,0.32602760195732117,0.41028493642807007,0.0842573344707489
corpus/sa3s__orchestral_L1_verb__s5.wav,0.4768296480178833,0.3488292098045349,-0.1280004382133484
corpus/sa3s__orchestral_L3_num__s0.wav,0.20288535952568054,0.42103415727615356,0.21814879775047302
corpus/sa3s__orchestral_L3_num__s1.wav,0.2157561480998993,0.44641947746276855,0.23066332936286926
corpus/sa3s__orchestral_L3_num__s2.wav,0.2318611741065979,0.42434728145599365,0.19248610734939575
corpus/sa3s__orchestral_L3_num__s3.wav,0.24502500891685486,0.4276770055294037,0.18265199661254883
corpus/sa3s__orchestral_L3_num__s4.wav,0.22785553336143494,0.42749470472335815,0.19963917136192322
corpus/sa3s__orchestral_L3_num__s5.wav,0.24790990352630615,0.515519380569458,0.26760947704315186
corpus/sa3s__orchestral_L3_verb__s0.wav,0.43573254346847534,0.3342428207397461,-0.10148972272872925
corpus/sa3s__orchestral_L3_verb__s1.wav,0.2741004526615143,0.4792865216732025,0.20518606901168823
corpus/sa3s__orchestral_L3_verb__s2.wav,0.5527359247207642,0.41227659583091736,-0.1404593288898468
corpus/sa3s__orchestral_L3_verb__s3.wav,0.49046239256858826,0.31779277324676514,-0.17266961932182312
corpus/sa3s__orchestral_L3_verb__s4.wav,0.6079328060150146,0.5334268808364868,-0.07450592517852783
corpus/sa3s__orchestral_L3_verb__s5.wav,0.36565786600112915,0.47321003675460815,0.107552170753479
corpus/sa3s__orchestral_L5_num__s0.wav,0.22689303755760193,0.44490402936935425,0.21801099181175232
corpus/sa3s__orchestral_L5_num__s1.wav,0.31174108386039734,0.5203726291656494,0.20863154530525208
corpus/sa3s__orchestral_L5_num__s2.wav,0.2213750183582306,0.4048604965209961,0.1834854781627655
corpus/sa3s__orchestral_L5_num__s3.wav,0.2048962116241455,0.4060066342353821,0.20111042261123657
corpus/sa3s__orchestral_L5_num__s4.wav,0.1874881386756897,0.39034005999565125,0.20285192131996155
corpus/sa3s__orchestral_L5_num__s5.wav,0.23811127245426178,0.4075091481208801,0.16939787566661835
corpus/sa3s__orchestral_L5_verb__s0.wav,0.23047463595867157,0.4127136468887329,0.18223901093006134
corpus/sa3s__orchestral_L5_verb__s1.wav,0.2748427987098694,0.38662171363830566,0.11177891492843628
corpus/sa3s__orchestral_L5_verb__s2.wav,0.3273441791534424,0.3705143630504608,0.04317018389701843
corpus/sa3s__orchestral_L5_verb__s3.wav,0.21897536516189575,0.4663335978984833,0.24735823273658752
corpus/sa3s__orchestral_L5_verb__s4.wav,0.29988524317741394,0.4390771985054016,0.13919195532798767
corpus/sa3s__orchestral_L5_verb__s5.wav,0.247115358710289,0.42965167760849,0.182536318898201
corpus/sa3s__orchestral_L7_num__s0.wav,0.24333196878433228,0.42940032482147217,0.1860683560371399
corpus/sa3s__orchestral_L7_num__s1.wav,0.412192702293396,0.55479896068573,0.14260625839233398
corpus/sa3s__orchestral_L7_num__s2.wav,0.23187850415706635,0.49240708351135254,0.2605285793542862
corpus/sa3s__orchestral_L7_num__s3.wav,0.21764503419399261,0.4180716574192047,0.2004266232252121
corpus/sa3s__orchestral_L7_num__s4.wav,0.24997100234031677,0.47334355115890503,0.22337254881858826
corpus/sa3s__orchestral_L7_num__s5.wav,0.23529860377311707,0.4394727945327759,0.2041741907596588
corpus/sa3s__orchestral_L7_verb__s0.wav,0.29959771037101746,0.48162275552749634,0.18202504515647888
corpus/sa3s__orchestral_L7_verb__s1.wav,0.15532389283180237,0.38516831398010254,0.22984442114830017
corpus/sa3s__orchestral_L7_verb__s2.wav,0.2604716420173645,0.4790506958961487,0.21857905387878418
corpus/sa3s__orchestral_L7_verb__s3.wav,0.19670525193214417,0.42698463797569275,0.23027938604354858
corpus/sa3s__orchestral_L7_verb__s4.wav,0.3034937083721161,0.506685733795166,0.20319202542304993
corpus/sa3s__orchestral_L7_verb__s5.wav,0.186711847782135,0.4260510802268982,0.23933923244476318
corpus/sa3s__orchestral_L9_num__s0.wav,0.23196381330490112,0.4527985453605652,0.22083473205566406
corpus/sa3s__orchestral_L9_num__s1.wav,0.1868666708469391,0.42811936140060425,0.24125269055366516
corpus/sa3s__orchestral_L9_num__s2.wav,0.220157653093338,0.4247816503047943,0.2046239972114563
corpus/sa3s__orchestral_L9_num__s3.wav,0.2718152403831482,0.4670538306236267,0.19523859024047852
corpus/sa3s__orchestral_L9_num__s4.wav,0.26734811067581177,0.43439459800720215,0.16704648733139038
corpus/sa3s__orchestral_L9_num__s5.wav,0.21479032933712006,0.3988913893699646,0.18410106003284454
corpus/sa3s__orchestral_L9_verb__s0.wav,0.28342193365097046,0.5135612487792969,0.23013931512832642
corpus/sa3s__orchestral_L9_verb__s1.wav,0.26847532391548157,0.46645137667655945,0.19797605276107788
corpus/sa3s__orchestral_L9_verb__s2.wav,0.22466129064559937,0.4492044448852539,0.22454315423965454
corpus/sa3s__orchestral_L9_verb__s3.wav,0.2832249402999878,0.5113551020622253,0.22813016176223755
corpus/sa3s__orchestral_L9_verb__s4.wav,0.2717839479446411,0.4580423831939697,0.1862584352493286
corpus/sa3s__orchestral_L9_verb__s5.wav,0.3000152111053467,0.4981737434864044,0.19815853238105774
corpus/sa3s__rock_L1_num__s0.wav,0.4974974989891052,0.7093530893325806,0.21185559034347534
corpus/sa3s__rock_L1_num__s1.wav,0.46745556592941284,0.6605474948883057,0.19309192895889282
corpus/sa3s__rock_L1_num__s2.wav,0.48600324988365173,0.7023777961730957,0.21637454628944397
corpus/sa3s__rock_L1_num__s3.wav,0.506206750869751,0.7012242078781128,0.19501745700836182
corpus/sa3s__rock_L1_num__s4.wav,0.4899057447910309,0.7050341963768005,0.21512845158576965
corpus/sa3s__rock_L1_num__s5.wav,0.48818039894104004,0.7054260969161987,0.2172456979751587
corpus/sa3s__rock_L1_verb__s0.wav,0.5073505640029907,0.7079974412918091,0.20064687728881836
corpus/sa3s__rock_L1_verb__s1.wav,0.5671147704124451,0.726410984992981,0.1592962145805359
corpus/sa3s__rock_L1_verb__s2.wav,0.5866804718971252,0.7226908206939697,0.13601034879684448
corpus/sa3s__rock_L1_verb__s3.wav,0.5885730981826782,0.7158896327018738,0.12731653451919556
corpus/sa3s__rock_L1_verb__s4.wav,0.5486370325088501,0.7300388216972351,0.181401789188385
corpus/sa3s__rock_L1_verb__s5.wav,0.5653204321861267,0.7191312909126282,0.15381085872650146
corpus/sa3s__rock_L3_num__s0.wav,0.5228425860404968,0.7051421403884888,0.18229955434799194
corpus/sa3s__rock_L3_num__s1.wav,0.5348053574562073,0.7227921485900879,0.18798679113388062
corpus/sa3s__rock_L3_num__s2.wav,0.5209819674491882,0.7019662857055664,0.18098431825637817
corpus/sa3s__rock_L3_num__s3.wav,0.5195078253746033,0.7118141055107117,0.1923062801361084
corpus/sa3s__rock_L3_num__s4.wav,0.5004959106445312,0.7018455266952515,0.20134961605072021
corpus/sa3s__rock_L3_num__s5.wav,0.4994525909423828,0.7131386995315552,0.21368610858917236
corpus/sa3s__rock_L3_verb__s0.wav,0.6614216566085815,0.7049051523208618,0.04348349571228027
corpus/sa3s__rock_L3_verb__s1.wav,0.5946962237358093,0.7097229957580566,0.11502677202224731
corpus/sa3s__rock_L3_verb__s2.wav,0.5548073649406433,0.7282842397689819,0.17347687482833862
corpus/sa3s__rock_L3_verb__s3.wav,0.6176447868347168,0.7112818956375122,0.09363710880279541
corpus/sa3s__rock_L3_verb__s4.wav,0.5793231129646301,0.7179967761039734,0.13867366313934326
corpus/sa3s__rock_L3_verb__s5.wav,0.5500351190567017,0.7084519863128662,0.15841686725616455
corpus/sa3s__rock_L5_num__s0.wav,0.5176000595092773,0.7000241875648499,0.1824241280555725
corpus/sa3s__rock_L5_num__s1.wav,0.5445492267608643,0.7159560322761536,0.1714068055152893
corpus/sa3s__rock_L5_num__s2.wav,0.5182353258132935,0.7085418105125427,0.19030648469924927
corpus/sa3s__rock_L5_num__s3.wav,0.522175133228302,0.7208694219589233,0.19869428873062134
corpus/sa3s__rock_L5_num__s4.wav,0.5014438629150391,0.6940600872039795,0.19261622428894043
corpus/sa3s__rock_L5_num__s5.wav,0.49186235666275024,0.693188488483429,0.2013261318206787
corpus/sa3s__rock_L5_verb__s0.wav,0.574108362197876,0.7315819263458252,0.15747356414794922
corpus/sa3s__rock_L5_verb__s1.wav,0.5113201141357422,0.7237058877944946,0.21238577365875244
corpus/sa3s__rock_L5_verb__s2.wav,0.5178417563438416,0.7176070809364319,0.19976532459259033
corpus/sa3s__rock_L5_verb__s3.wav,0.5596410632133484,0.725682258605957,0.16604119539260864
corpus/sa3s__rock_L5_verb__s4.wav,0.5350522994995117,0.7135826349258423,0.17853033542633057
corpus/sa3s__rock_L5_verb__s5.wav,0.5484335422515869,0.7152305841445923,0.16679704189300537
corpus/sa3s__rock_L7_num__s0.wav,0.5349664688110352,0.715690016746521,0.18072354793548584
corpus/sa3s__rock_L7_num__s1.wav,0.5215175747871399,0.7218645215034485,0.2003469467163086
corpus/sa3s__rock_L7_num__s2.wav,0.5226296782493591,0.712378740310669,0.18974906206130981
corpus/sa3s__rock_L7_num__s3.wav,0.518438458442688,0.7089290618896484,0.19049060344696045
corpus/sa3s__rock_L7_num__s4.wav,0.4986669719219208,0.7021846175193787,0.20351764559745789
corpus/sa3s__rock_L7_num__s5.wav,0.5253914594650269,0.7030446529388428,0.17765319347381592
corpus/sa3s__rock_L7_verb__s0.wav,0.501721978187561,0.701214075088501,0.19949209690093994
corpus/sa3s__rock_L7_verb__s1.wav,0.5418970584869385,0.6916018128395081,0.14970475435256958
corpus/sa3s__rock_L7_verb__s2.wav,0.5083697438240051,0.7065010070800781,0.198131263256073
corpus/sa3s__rock_L7_verb__s3.wav,0.5225518941879272,0.7289471626281738,0.20639526844024658
corpus/sa3s__rock_L7_verb__s4.wav,0.5344859957695007,0.7147939205169678,0.18030792474746704
corpus/sa3s__rock_L7_verb__s5.wav,0.5309271812438965,0.7196577787399292,0.18873059749603271
corpus/sa3s__rock_L9_num__s0.wav,0.533875584602356,0.7181203961372375,0.1842448115348816
corpus/sa3s__rock_L9_num__s1.wav,0.4940778911113739,0.7007654905319214,0.20668759942054749
corpus/sa3s__rock_L9_num__s2.wav,0.500091552734375,0.7168216109275818,0.2167300581932068
corpus/sa3s__rock_L9_num__s3.wav,0.5151727795600891,0.7127900123596191,0.19761723279953003
corpus/sa3s__rock_L9_num__s4.wav,0.517869234085083,0.7053773403167725,0.18750810623168945
corpus/sa3s__rock_L9_num__s5.wav,0.5322391390800476,0.7068513035774231,0.1746121644973755
corpus/sa3s__rock_L9_verb__s0.wav,0.49632570147514343,0.70527184009552,0.2089461386203766
corpus/sa3s__rock_L9_verb__s1.wav,0.4992634654045105,0.7074720859527588,0.2082086205482483
corpus/sa3s__rock_L9_verb__s2.wav,0.5084145069122314,0.717582643032074,0.20916813611984253
corpus/sa3s__rock_L9_verb__s3.wav,0.5120141506195068,0.7119996547698975,0.19998550415039062
corpus/sa3s__rock_L9_verb__s4.wav,0.4912985563278198,0.7028448581695557,0.21154630184173584
corpus/sa3s__rock_L9_verb__s5.wav,0.4688146710395813,0.7070941925048828,0.2382795214653015
corpus/sao__edm_L1_num__s0.wav,0.25537973642349243,0.4612351059913635,0.2058553695678711
corpus/sao__edm_L1_num__s1.wav,0.2732120156288147,0.46801549196243286,0.19480347633361816
corpus/sao__edm_L1_num__s2.wav,0.3167908191680908,0.46445930004119873,0.1476684808731079
corpus/sao__edm_L1_num__s3.wav,0.3219328820705414,0.4500669240951538,0.12813404202461243
corpus/sao__edm_L1_num__s4.wav,0.3433859348297119,0.41389888525009155,0.07051295042037964
corpus/sao__edm_L1_num__s5.wav,0.3110923171043396,0.4827123284339905,0.17162001132965088
corpus/sao__edm_L1_verb__s0.wav,0.40668296813964844,0.4113543927669525,0.004671424627304077
corpus/sao__edm_L1_verb__s1.wav,0.48433759808540344,0.38304656744003296,-0.10129103064537048
corpus/sao__edm_L1_verb__s2.wav,0.46071159839630127,0.39514970779418945,-0.06556189060211182
corpus/sao__edm_L1_verb__s3.wav,0.39896324276924133,0.37966006994247437,-0.019303172826766968
corpus/sao__edm_L1_verb__s4.wav,0.4113832414150238,0.43065816164016724,0.019274920225143433
corpus/sao__edm_L1_verb__s5.wav,0.42595571279525757,0.3448382616043091,-0.08111745119094849
corpus/sao__edm_L3_num__s0.wav,0.45952069759368896,0.48284095525741577,0.023320257663726807
corpus/sao__edm_L3_num__s1.wav,0.2694786489009857,0.4700484573841095,0.20056980848312378
corpus/sao__edm_L3_num__s2.wav,0.3432959318161011,0.46333301067352295,0.12003707885742188
corpus/sao__edm_L3_num__s3.wav,0.32053887844085693,0.5084658861160278,0.1879270076751709
corpus/sao__edm_L3_num__s4.wav,0.2238532155752182,0.48418647050857544,0.26033325493335724
corpus/sao__edm_L3_num__s5.wav,0.31551873683929443,0.5051207542419434,0.18960201740264893
corpus/sao__edm_L3_verb__s0.wav,0.3869166970252991,0.3700581192970276,-0.016858577728271484
corpus/sao__edm_L3_verb__s1.wav,0.4186105728149414,0.38443517684936523,-0.03417539596557617
corpus/sao__edm_L3_verb__s2.wav,0.42608344554901123,0.3544953465461731,-0.07158809900283813
corpus/sao__edm_L3_verb__s3.wav,0.3706430494785309,0.3664662539958954,-0.004176795482635498
corpus/sao__edm_L3_verb__s4.wav,0.316325306892395,0.37726250290870667,0.060937196016311646
corpus/sao__edm_L3_verb__s5.wav,0.4286777973175049,0.3439265489578247,-0.08475124835968018
corpus/sao__edm_L5_num__s0.wav,0.43618807196617126,0.561284065246582,0.12509599328041077
corpus/sao__edm_L5_num__s1.wav,0.417313814163208,0.5233646035194397,0.10605078935623169
corpus/sao__edm_L5_num__s2.wav,0.31969326734542847,0.42794808745384216,0.1082548201084137
corpus/sao__edm_L5_num__s3.wav,0.2999158501625061,0.4405885934829712,0.1406727433204651
corpus/sao__edm_L5_num__s4.wav,0.21497435867786407,0.4505993723869324,0.2356250137090683
corpus/sao__edm_L5_num__s5.wav,0.29467540979385376,0.45531782507896423,0.16064241528511047
corpus/sao__edm_L5_verb__s0.wav,0.22256594896316528,0.4160504937171936,0.19348454475402832
corpus/sao__edm_L5_verb__s1.wav,0.34034544229507446,0.45860809087753296,0.1182626485824585
corpus/sao__edm_L5_verb__s2.wav,0.2883385121822357,0.47791337966918945,0.18957486748695374
corpus/sao__edm_L5_verb__s3.wav,0.35983040928840637,0.49675941467285156,0.1369290053844452
corpus/sao__edm_L5_verb__s4.wav,0.3753361999988556,0.48518481850624084,0.10984861850738525
corpus/sao__edm_L5_verb__s5.wav,0.2977307438850403,0.4373144507408142,0.13958370685577393
corpus/sao__edm_L7_num__s0.wav,0.3047557771205902,0.4718078374862671,0.16705206036567688
corpus/sao__edm_L7_num__s1.wav,0.25927942991256714,0.41745519638061523,0.1581757664680481
corpus/sao__edm_L7_num__s2.wav,0.3439410924911499,0.4776102304458618,0.13366913795471191
corpus/sao__edm_L7_num__s3.wav,0.2722543179988861,0.45045948028564453,0.17820516228675842
corpus/sao__edm_L7_num__s4.wav,0.3416002094745636,0.5520809888839722,0.21048077940940857
corpus/sao__edm_L7_num__s5.wav,0.3428460657596588,0.5416807532310486,0.19883468747138977
corpus/sao__edm_L7_verb__s0.wav,0.35265302658081055,0.44568341970443726,0.09303039312362671
corpus/sao__edm_L7_verb__s1.wav,0.3529874086380005,0.41004180908203125,0.05705440044403076
corpus/sao__edm_L7_verb__s2.wav,0.27621495723724365,0.4351349174976349,0.15891996026039124
corpus/sao__edm_L7_verb__s3.wav,0.3345834016799927,0.4113576114177704,0.07677420973777771
corpus/sao__edm_L7_verb__s4.wav,0.2909148931503296,0.3613172173500061,0.07040232419967651
corpus/sao__edm_L7_verb__s5.wav,0.36913493275642395,0.4122762680053711,0.043141335248947144
corpus/sao__edm_L9_num__s0.wav,0.34266209602355957,0.4964619576931,0.1537998616695404
corpus/sao__edm_L9_num__s1.wav,0.24231074750423431,0.4469730257987976,0.2046622782945633
corpus/sao__edm_L9_num__s2.wav,0.40662461519241333,0.5267971754074097,0.12017256021499634
corpus/sao__edm_L9_num__s3.wav,0.3296586871147156,0.4183577299118042,0.08869904279708862
corpus/sao__edm_L9_num__s4.wav,0.3840966820716858,0.4940190017223358,0.10992231965065002
corpus/sao__edm_L9_num__s5.wav,0.3178797960281372,0.530022144317627,0.21214234828948975
corpus/sao__edm_L9_verb__s0.wav,0.36698347330093384,0.5049448013305664,0.13796132802963257
corpus/sao__edm_L9_verb__s1.wav,0.3482632637023926,0.472381055355072,0.12411779165267944
corpus/sao__edm_L9_verb__s2.wav,0.19972996413707733,0.43618661165237427,0.23645664751529694
corpus/sao__edm_L9_verb__s3.wav,0.2546996772289276,0.43685489892959595,0.18215522170066833
corpus/sao__edm_L9_verb__s4.wav,0.338104248046875,0.49986016750335693,0.16175591945648193
corpus/sao__edm_L9_verb__s5.wav,0.3101561665534973,0.4501902461051941,0.14003407955169678
corpus/sao__folk_L1_num__s0.wav,0.5571727752685547,0.5254086256027222,-0.03176414966583252
corpus/sao__folk_L1_num__s1.wav,0.5313481092453003,0.5185500383377075,-0.012798070907592773
corpus/sao__folk_L1_num__s2.wav,0.5010780096054077,0.5204956531524658,0.019417643547058105
corpus/sao__folk_L1_num__s3.wav,0.6050496697425842,0.5416247844696045,-0.06342488527297974
corpus/sao__folk_L1_num__s4.wav,0.47839874029159546,0.49270784854888916,0.014309108257293701
corpus/sao__folk_L1_num__s5.wav,0.43888548016548157,0.45437049865722656,0.015485018491744995
corpus/sao__folk_L1_verb__s0.wav,0.5668720006942749,0.49201536178588867,-0.07485663890838623
corpus/sao__folk_L1_verb__s1.wav,0.6512912511825562,0.5539587736129761,-0.09733247756958008
corpus/sao__folk_L1_verb__s2.wav,0.6328964233398438,0.5177916288375854,-0.1151047945022583
corpus/sao__folk_L1_verb__s3.wav,0.5921429395675659,0.4950109124183655,-0.09713202714920044
corpus/sao__folk_L1_verb__s4.wav,0.5701494216918945,0.4831250309944153,-0.08702439069747925
corpus/sao__folk_L1_verb__s5.wav,0.6166479587554932,0.5176699161529541,-0.09897804260253906
corpus/sao__folk_L3_num__s0.wav,0.49596327543258667,0.5271780490875244,0.031214773654937744
corpus/sao__folk_L3_num__s1.wav,0.5271364450454712,0.5131292343139648,-0.014007210731506348
corpus/sao__folk_L3_num__s2.wav,0.5176616907119751,0.5375066995620728,0.019845008850097656
corpus/sao__folk_L3_num__s3.wav,0.5233686566352844,0.4950655996799469,-0.028303056955337524
corpus/sao__folk_L3_num__s4.wav,0.4351951479911804,0.45573461055755615,0.020539462566375732
corpus/sao__folk_L3_num__s5.wav,0.4536433815956116,0.4682947099208832,0.014651328325271606
corpus/sao__folk_L3_verb__s0.wav,0.5755168795585632,0.5354588031768799,-0.04005807638168335
corpus/sao__folk_L3_verb__s1.wav,0.533184289932251,0.48897382616996765,-0.044210463762283325
corpus/sao__folk_L3_verb__s2.wav,0.5414139032363892,0.5287407636642456,-0.012673139572143555
corpus/sao__folk_L3_verb__s3.wav,0.5530089139938354,0.498780220746994,-0.05422869324684143
corpus/sao__folk_L3_verb__s4.wav,0.5881823301315308,0.5318047404289246,-0.0563775897026062
corpus/sao__folk_L3_verb__s5.wav,0.5495637655258179,0.5074875354766846,-0.0420762300491333
corpus/sao__folk_L5_num__s0.wav,0.49291419982910156,0.49589335918426514,0.0029791593551635742
corpus/sao__folk_L5_num__s1.wav,0.4922947883605957,0.48547476530075073,-0.006820023059844971
corpus/sao__folk_L5_num__s2.wav,0.5392181873321533,0.5065286159515381,-0.032689571380615234
corpus/sao__folk_L5_num__s3.wav,0.4305339455604553,0.48352521657943726,0.052991271018981934
corpus/sao__folk_L5_num__s4.wav,0.5115010738372803,0.5360390543937683,0.024537980556488037
corpus/sao__folk_L5_num__s5.wav,0.5753589272499084,0.5585741996765137,-0.016784727573394775
corpus/sao__folk_L5_verb__s0.wav,0.5575621724128723,0.5464366674423218,-0.011125504970550537
corpus/sao__folk_L5_verb__s1.wav,0.5902111530303955,0.5328472852706909,-0.05736386775970459
corpus/sao__folk_L5_verb__s2.wav,0.5919331312179565,0.5177781581878662,-0.07415497303009033
corpus/sao__folk_L5_verb__s3.wav,0.5088194012641907,0.5166054964065552,0.007786095142364502
corpus/sao__folk_L5_verb__s4.wav,0.6285245418548584,0.5174561738967896,-0.11106836795806885
corpus/sao__folk_L5_verb__s5.wav,0.5884143114089966,0.5202917456626892,-0.06812256574630737
corpus/sao__folk_L7_num__s0.wav,0.5235375165939331,0.491174578666687,-0.032362937927246094
corpus/sao__folk_L7_num__s1.wav,0.4444916844367981,0.4911251366138458,0.04663345217704773
corpus/sao__folk_L7_num__s2.wav,0.4899948835372925,0.5096673965454102,0.019672513008117676
corpus/sao__folk_L7_num__s3.wav,0.4651091694831848,0.5194451212882996,0.054335951805114746
corpus/sao__folk_L7_num__s4.wav,0.550572395324707,0.5315641164779663,-0.019008278846740723
corpus/sao__folk_L7_num__s5.wav,0.4629555940628052,0.4803844392299652,0.017428845167160034
corpus/sao__folk_L7_verb__s0.wav,0.5269704461097717,0.5068471431732178,-0.020123302936553955
corpus/sao__folk_L7_verb__s1.wav,0.5529267191886902,0.507405698299408,-0.04552102088928223
corpus/sao__folk_L7_verb__s2.wav,0.5493778586387634,0.5527522563934326,0.0033743977546691895
corpus/sao__folk_L7_verb__s3.wav,0.5649949312210083,0.5286514163017273,-0.036343514919281006
corpus/sao__folk_L7_verb__s4.wav,0.5506765842437744,0.5197662115097046,-0.030910372734069824
corpus/sao__folk_L7_verb__s5.wav,0.545543909072876,0.5328984260559082,-0.012645483016967773
corpus/sao__folk_L9_num__s0.wav,0.4795772433280945,0.48532912135124207,0.005751878023147583
corpus/sao__folk_L9_num__s1.wav,0.5470934510231018,0.5246708989143372,-0.02242255210876465
corpus/sao__folk_L9_num__s2.wav,0.5447869896888733,0.5466411113739014,0.0018541216850280762
corpus/sao__folk_L9_num__s3.wav,0.5189943313598633,0.5642776489257812,0.04528331756591797
corpus/sao__folk_L9_num__s4.wav,0.44207528233528137,0.47503894567489624,0.03296366333961487
corpus/sao__folk_L9_num__s5.wav,0.5510290861129761,0.5364446640014648,-0.01458442211151123
corpus/sao__folk_L9_verb__s0.wav,0.5408450365066528,0.5154299736022949,-0.02541506290435791
corpus/sao__folk_L9_verb__s1.wav,0.51716148853302,0.5341461896896362,0.01698470115661621
corpus/sao__folk_L9_verb__s2.wav,0.5485595464706421,0.5622907876968384,0.013731241226196289
corpus/sao__folk_L9_verb__s3.wav,0.5432472825050354,0.5016502141952515,-0.041597068309783936
corpus/sao__folk_L9_verb__s4.wav,0.5212838053703308,0.49954652786254883,-0.021737277507781982
corpus/sao__folk_L9_verb__s5.wav,0.42994630336761475,0.5027056932449341,0.07275938987731934
corpus/sao__hiphop_L1_num__s0.wav,0.4926551580429077,0.4813167452812195,-0.011338412761688232
corpus/sao__hiphop_L1_num__s1.wav,0.6374245882034302,0.602838397026062,-0.034586191177368164
corpus/sao__hiphop_L1_num__s2.wav,0.39018380641937256,0.4408808946609497,0.05069708824157715
corpus/sao__hiphop_L1_num__s3.wav,0.4823533594608307,0.4852382242679596,0.0028848648071289062
corpus/sao__hiphop_L1_num__s4.wav,0.5001370906829834,0.5231895446777344,0.023052453994750977
corpus/sao__hiphop_L1_num__s5.wav,0.5782294273376465,0.5372285842895508,-0.0410008430480957
corpus/sao__hiphop_L1_verb__s0.wav,0.5740439891815186,0.49840089678764343,-0.07564309239387512
corpus/sao__hiphop_L1_verb__s1.wav,0.58099365234375,0.5272146463394165,-0.053779006004333496
corpus/sao__hiphop_L1_verb__s2.wav,0.4984011948108673,0.4050782024860382,-0.0933229923248291
corpus/sao__hiphop_L1_verb__s3.wav,0.5531929731369019,0.448128342628479,-0.10506463050842285
corpus/sao__hiphop_L1_verb__s4.wav,0.5290299654006958,0.45482325553894043,-0.07420670986175537
corpus/sao__hiphop_L1_verb__s5.wav,0.4638683795928955,0.3168608844280243,-0.14700749516487122
corpus/sao__hiphop_L3_num__s0.wav,0.4885040521621704,0.4985911548137665,0.01008710265159607
corpus/sao__hiphop_L3_num__s1.wav,0.45745420455932617,0.5004792213439941,0.04302501678466797
corpus/sao__hiphop_L3_num__s2.wav,0.4599507451057434,0.5352268218994141,0.07527607679367065
corpus/sao__hiphop_L3_num__s3.wav,0.4125780761241913,0.4395765960216522,0.026998519897460938
corpus/sao__hiphop_L3_num__s4.wav,0.6414021849632263,0.591647207736969,-0.049754977226257324
corpus/sao__hiphop_L3_num__s5.wav,0.4849589467048645,0.488506019115448,0.003547072410583496
corpus/sao__hiphop_L3_verb__s0.wav,0.5662935972213745,0.5118867754936218,-0.054406821727752686
corpus/sao__hiphop_L3_verb__s1.wav,0.611689031124115,0.5314977169036865,-0.08019131422042847
corpus/sao__hiphop_L3_verb__s2.wav,0.544571042060852,0.4479931592941284,-0.09657788276672363
corpus/sao__hiphop_L3_verb__s3.wav,0.5894399881362915,0.5111314058303833,-0.0783085823059082
corpus/sao__hiphop_L3_verb__s4.wav,0.5506859421730042,0.42273688316345215,-0.127949059009552
corpus/sao__hiphop_L3_verb__s5.wav,0.5598313212394714,0.5153458714485168,-0.04448544979095459
corpus/sao__hiphop_L5_num__s0.wav,0.5604420304298401,0.5339342355728149,-0.026507794857025146
corpus/sao__hiphop_L5_num__s1.wav,0.6028789281845093,0.5712477564811707,-0.03163117170333862
corpus/sao__hiphop_L5_num__s2.wav,0.47487419843673706,0.5622837543487549,0.08740955591201782
corpus/sao__hiphop_L5_num__s3.wav,0.5530515909194946,0.5459487438201904,-0.007102847099304199
corpus/sao__hiphop_L5_num__s4.wav,0.5642415285110474,0.5359264612197876,-0.028315067291259766
corpus/sao__hiphop_L5_num__s5.wav,0.537092387676239,0.5243323445320129,-0.012760043144226074
corpus/sao__hiphop_L5_verb__s0.wav,0.5521799921989441,0.4903770089149475,-0.06180298328399658
corpus/sao__hiphop_L5_verb__s1.wav,0.5654645562171936,0.511339008808136,-0.05412554740905762
corpus/sao__hiphop_L5_verb__s2.wav,0.504237949848175,0.5504192113876343,0.04618126153945923
corpus/sao__hiphop_L5_verb__s3.wav,0.5571573972702026,0.5074408650398254,-0.0497165322303772
corpus/sao__hiphop_L5_verb__s4.wav,0.5588926076889038,0.4600369334220886,-0.09885567426681519
corpus/sao__hiphop_L5_verb__s5.wav,0.5610385537147522,0.5305687785148621,-0.030469775199890137
corpus/sao__hiphop_L7_num__s0.wav,0.49525031447410583,0.4459393620491028,-0.04931095242500305
corpus/sao__hiphop_L7_num__s1.wav,0.5516957640647888,0.5100085139274597,-0.0416872501373291
corpus/sao__hiphop_L7_num__s2.wav,0.5601023435592651,0.5141496658325195,-0.045952677726745605
corpus/sao__hiphop_L7_num__s3.wav,0.4719873368740082,0.4606102705001831,-0.011377066373825073
corpus/sao__hiphop_L7_num__s4.wav,0.5350836515426636,0.522065281867981,-0.013018369674682617
corpus/sao__hiphop_L7_num__s5.wav,0.5818217992782593,0.5868258476257324,0.0050040483474731445
corpus/sao__hiphop_L7_verb__s0.wav,0.5305429697036743,0.46467724442481995,-0.06586572527885437
corpus/sao__hiphop_L7_verb__s1.wav,0.5889624357223511,0.5074689984321594,-0.08149343729019165
corpus/sao__hiphop_L7_verb__s2.wav,0.6008468866348267,0.5221486687660217,-0.07869821786880493
corpus/sao__hiphop_L7_verb__s3.wav,0.5197530388832092,0.4535408616065979,-0.06621217727661133
corpus/sao__hiphop_L7_verb__s4.wav,0.6207237243652344,0.611990213394165,-0.008733510971069336
corpus/sao__hiphop_L7_verb__s5.wav,0.560612678527832,0.5296992659568787,-0.03091341257095337
corpus/sao__hiphop_L9_num__s0.wav,0.4595503807067871,0.40960079431533813,-0.049949586391448975
corpus/sao__hiphop_L9_num__s1.wav,0.48027679324150085,0.5070392489433289,0.026762455701828003
corpus/sao__hiphop_L9_num__s2.wav,0.5632425546646118,0.5812908411026001,0.01804828643798828
corpus/sao__hiphop_L9_num__s3.wav,0.5532520413398743,0.5475881099700928,-0.005663931369781494
corpus/sao__hiphop_L9_num__s4.wav,0.5519660711288452,0.5858445167541504,0.033878445625305176
corpus/sao__hiphop_L9_num__s5.wav,0.5085910558700562,0.5422243475914001,0.033633291721343994
corpus/sao__hiphop_L9_verb__s0.wav,0.370835542678833,0.523491382598877,0.15265583992004395
corpus/sao__hiphop_L9_verb__s1.wav,0.48532864451408386,0.49123096466064453,0.005902320146560669
corpus/sao__hiphop_L9_verb__s2.wav,0.5150609016418457,0.5645252466201782,0.04946434497833252
corpus/sao__hiphop_L9_verb__s3.wav,0.4441711902618408,0.5042132139205933,0.06004202365875244
corpus/sao__hiphop_L9_verb__s4.wav,0.4198131561279297,0.5094011425971985,0.0895879864692688
corpus/sao__hiphop_L9_verb__s5.wav,0.517193078994751,0.5330537557601929,0.015860676765441895
corpus/sao__orchestral_L1_num__s0.wav,0.38017070293426514,0.43195003271102905,0.051779329776763916
corpus/sao__orchestral_L1_num__s1.wav,0.44197627902030945,0.45926737785339355,0.017291098833084106
corpus/sao__orchestral_L1_num__s2.wav,0.3476989269256592,0.32764893770217896,-0.020049989223480225
corpus/sao__orchestral_L1_num__s3.wav,0.22453486919403076,0.2550541162490845,0.03051924705505371
corpus/sao__orchestral_L1_num__s4.wav,0.4002641439437866,0.5185754299163818,0.11831128597259521
corpus/sao__orchestral_L1_num__s5.wav,0.24728336930274963,0.31713104248046875,0.06984767317771912
corpus/sao__orchestral_L1_verb__s0.wav,0.4455030858516693,0.3951471149921417,-0.05035597085952759
corpus/sao__orchestral_L1_verb__s1.wav,0.45490744709968567,0.4128519594669342,-0.042055487632751465
corpus/sao__orchestral_L1_verb__s2.wav,0.4268428087234497,0.3342572748661041,-0.09258553385734558
corpus/sao__orchestral_L1_verb__s3.wav,0.20478971302509308,0.20720167458057404,0.002411961555480957
corpus/sao__orchestral_L1_verb__s4.wav,0.30959397554397583,0.3035432696342468,-0.006050705909729004
corpus/sao__orchestral_L1_verb__s5.wav,0.42327946424484253,0.31150874495506287,-0.11177071928977966
corpus/sao__orchestral_L3_num__s0.wav,0.31745225191116333,0.2662407457828522,-0.05121150612831116
corpus/sao__orchestral_L3_num__s1.wav,0.24026405811309814,0.30141106247901917,0.06114700436592102
corpus/sao__orchestral_L3_num__s2.wav,0.286177396774292,0.29918643832206726,0.013009041547775269
corpus/sao__orchestral_L3_num__s3.wav,0.2775033414363861,0.20864252746105194,-0.06886081397533417
corpus/sao__orchestral_L3_num__s4.wav,0.2572554647922516,0.24836257100105286,-0.00889289379119873
corpus/sao__orchestral_L3_num__s5.wav,0.3753548860549927,0.4601970314979553,0.08484214544296265
corpus/sao__orchestral_L3_verb__s0.wav,0.2635837197303772,0.35331451892852783,0.08973079919815063
corpus/sao__orchestral_L3_verb__s1.wav,0.1848694384098053,0.12446007132530212,-0.060409367084503174
corpus/sao__orchestral_L3_verb__s2.wav,0.37315988540649414,0.4298379719257355,0.05667808651924133
corpus/sao__orchestral_L3_verb__s3.wav,0.35636383295059204,0.34942471981048584,-0.006939113140106201
corpus/sao__orchestral_L3_verb__s4.wav,0.3298276960849762,0.3590168356895447,0.02918913960456848
corpus/sao__orchestral_L3_verb__s5.wav,0.3874722123146057,0.42989927530288696,0.04242706298828125
corpus/sao__orchestral_L5_num__s0.wav,0.27329766750335693,0.3220433294773102,0.04874566197395325
corpus/sao__orchestral_L5_num__s1.wav,0.3800983428955078,0.41958504915237427,0.039486706256866455
corpus/sao__orchestral_L5_num__s2.wav,0.34318235516548157,0.34386181831359863,0.0006794631481170654
corpus/sao__orchestral_L5_num__s3.wav,0.49260544776916504,0.5961081981658936,0.10350275039672852
corpus/sao__orchestral_L5_num__s4.wav,0.327075719833374,0.4495382010936737,0.12246248126029968
corpus/sao__orchestral_L5_num__s5.wav,0.41476720571517944,0.483625590801239,0.06885838508605957
corpus/sao__orchestral_L5_verb__s0.wav,0.41570305824279785,0.32183802127838135,-0.0938650369644165
corpus/sao__orchestral_L5_verb__s1.wav,0.4345541000366211,0.4349922239780426,0.0004381239414215088
corpus/sao__orchestral_L5_verb__s2.wav,0.36349809169769287,0.41321027278900146,0.049712181091308594
corpus/sao__orchestral_L5_verb__s3.wav,0.3732941150665283,0.3627067804336548,-0.010587334632873535
corpus/sao__orchestral_L5_verb__s4.wav,0.25420287251472473,0.25120285153388977,-0.003000020980834961
corpus/sao__orchestral_L5_verb__s5.wav,0.31612247228622437,0.2812793254852295,-0.03484314680099487
corpus/sao__orchestral_L7_num__s0.wav,0.2748327851295471,0.3732292354106903,0.09839645028114319
corpus/sao__orchestral_L7_num__s1.wav,0.38587450981140137,0.4254978895187378,0.039623379707336426
corpus/sao__orchestral_L7_num__s2.wav,0.42868784070014954,0.4621414840221405,0.03345364332199097
corpus/sao__orchestral_L7_num__s3.wav,0.4420284628868103,0.5789660215377808,0.13693755865097046
corpus/sao__orchestral_L7_num__s4.wav,0.4203895628452301,0.4820239543914795,0.06163439154624939
corpus/sao__orchestral_L7_num__s5.wav,0.3041526973247528,0.3606901466846466,0.0565374493598938
corpus/sao__orchestral_L7_verb__s0.wav,0.3758016526699066,0.3741000294685364,-0.0017016232013702393
corpus/sao__orchestral_L7_verb__s1.wav,0.3377953767776489,0.3559836447238922,0.018188267946243286
corpus/sao__orchestral_L7_verb__s2.wav,0.19973942637443542,0.26117151975631714,0.061432093381881714
corpus/sao__orchestral_L7_verb__s3.wav,0.31309401988983154,0.3901729881763458,0.07707896828651428
corpus/sao__orchestral_L7_verb__s4.wav,0.35143887996673584,0.4211042523384094,0.06966537237167358
corpus/sao__orchestral_L7_verb__s5.wav,0.29997706413269043,0.34204530715942383,0.0420682430267334
corpus/sao__orchestral_L9_num__s0.wav,0.2911257743835449,0.28787997364997864,-0.003245800733566284
corpus/sao__orchestral_L9_num__s1.wav,0.3259052038192749,0.3006500005722046,-0.025255203247070312
corpus/sao__orchestral_L9_num__s2.wav,0.35237962007522583,0.43275004625320435,0.08037042617797852
corpus/sao__orchestral_L9_num__s3.wav,0.29119956493377686,0.27097517251968384,-0.020224392414093018
corpus/sao__orchestral_L9_num__s4.wav,0.2487315535545349,0.25093790888786316,0.002206355333328247
corpus/sao__orchestral_L9_num__s5.wav,0.4102689325809479,0.5091444849967957,0.09887555241584778
corpus/sao__orchestral_L9_verb__s0.wav,0.3333877921104431,0.3612478971481323,0.02786010503768921
corpus/sao__orchestral_L9_verb__s1.wav,0.2280026376247406,0.23988619446754456,0.011883556842803955
corpus/sao__orchestral_L9_verb__s2.wav,0.13339971005916595,0.1603361964225769,0.02693648636341095
corpus/sao__orchestral_L9_verb__s3.wav,0.23221108317375183,0.2877103388309479,0.055499255657196045
corpus/sao__orchestral_L9_verb__s4.wav,0.3093189001083374,0.3867977559566498,0.07747885584831238
corpus/sao__orchestral_L9_verb__s5.wav,0.3296937942504883,0.36110424995422363,0.03141045570373535
corpus/sao__rock_L1_num__s0.wav,0.5313166379928589,0.7493292689323425,0.21801263093948364
corpus/sao__rock_L1_num__s1.wav,0.518674373626709,0.7339097261428833,0.21523535251617432
corpus/sao__rock_L1_num__s2.wav,0.582121729850769,0.7120022773742676,0.12988054752349854
corpus/sao__rock_L1_num__s3.wav,0.5573054552078247,0.7406647801399231,0.1833593249320984
corpus/sao__rock_L1_num__s4.wav,0.46084487438201904,0.7037087678909302,0.24286389350891113
corpus/sao__rock_L1_num__s5.wav,0.5096553564071655,0.7163515090942383,0.20669615268707275
corpus/sao__rock_L1_verb__s0.wav,0.6003695726394653,0.7160436511039734,0.11567407846450806
corpus/sao__rock_L1_verb__s1.wav,0.6354150772094727,0.6913959980010986,0.05598092079162598
corpus/sao__rock_L1_verb__s2.wav,0.5112506747245789,0.632514238357544,0.12126356363296509
corpus/sao__rock_L1_verb__s3.wav,0.5895190238952637,0.6621608138084412,0.07264178991317749
corpus/sao__rock_L1_verb__s4.wav,0.5731996893882751,0.7132968306541443,0.14009714126586914
corpus/sao__rock_L1_verb__s5.wav,0.6127644777297974,0.6697510480880737,0.05698657035827637
corpus/sao__rock_L3_num__s0.wav,0.4827929139137268,0.7098298072814941,0.22703689336776733
corpus/sao__rock_L3_num__s1.wav,0.5046321749687195,0.7116323709487915,0.20700019598007202
corpus/sao__rock_L3_num__s2.wav,0.48808813095092773,0.7045434713363647,0.216455340385437
corpus/sao__rock_L3_num__s3.wav,0.466104656457901,0.6879504919052124,0.2218458354473114
corpus/sao__rock_L3_num__s4.wav,0.4777893126010895,0.6998422145843506,0.2220529019832611
corpus/sao__rock_L3_num__s5.wav,0.48177874088287354,0.7079237699508667,0.22614502906799316
corpus/sao__rock_L3_verb__s0.wav,0.5837737321853638,0.7334073185920715,0.14963358640670776
corpus/sao__rock_L3_verb__s1.wav,0.6263121366500854,0.7513420581817627,0.12502992153167725
corpus/sao__rock_L3_verb__s2.wav,0.5843499302864075,0.6649314165115356,0.08058148622512817
corpus/sao__rock_L3_verb__s3.wav,0.5748664140701294,0.7285178303718567,0.1536514163017273
corpus/sao__rock_L3_verb__s4.wav,0.5766768455505371,0.6925233602523804,0.11584651470184326
corpus/sao__rock_L3_verb__s5.wav,0.5615725517272949,0.7173823118209839,0.15580976009368896
corpus/sao__rock_L5_num__s0.wav,0.45628464221954346,0.6940854787826538,0.23780083656311035
corpus/sao__rock_L5_num__s1.wav,0.4652929902076721,0.6982282400131226,0.23293524980545044
corpus/sao__rock_L5_num__s2.wav,0.5099692940711975,0.7125973701477051,0.20262807607650757
corpus/sao__rock_L5_num__s3.wav,0.43458300828933716,0.611108660697937,0.17652565240859985
corpus/sao__rock_L5_num__s4.wav,0.2549666166305542,0.4650667905807495,0.2101001739501953
corpus/sao__rock_L5_num__s5.wav,0.5014851689338684,0.6980092525482178,0.19652408361434937
corpus/sao__rock_L5_verb__s0.wav,0.5366417169570923,0.7361447215080261,0.19950300455093384
corpus/sao__rock_L5_verb__s1.wav,0.6111204624176025,0.715349018573761,0.10422855615615845
corpus/sao__rock_L5_verb__s2.wav,0.5452331304550171,0.7339134216308594,0.18868029117584229
corpus/sao__rock_L5_verb__s3.wav,0.5722506642341614,0.7348637580871582,0.16261309385299683
corpus/sao__rock_L5_verb__s4.wav,0.5350856184959412,0.7552616000175476,0.22017598152160645
corpus/sao__rock_L5_verb__s5.wav,0.5530614256858826,0.6943129301071167,0.14125150442123413
corpus/sao__rock_L7_num__s0.wav,0.47711634635925293,0.7155802845954895,0.23846393823623657
corpus/sao__rock_L7_num__s1.wav,0.5259640216827393,0.7210284471511841,0.19506442546844482
corpus/sao__rock_L7_num__s2.wav,0.5199934840202332,0.729941725730896,0.20994824171066284
corpus/sao__rock_L7_num__s3.wav,0.47946855425834656,0.7205690145492554,0.2411004602909088
corpus/sao__rock_L7_num__s4.wav,0.5610746145248413,0.6757826209068298,0.11470800638198853
corpus/sao__rock_L7_num__s5.wav,0.509296178817749,0.7034130692481995,0.19411689043045044
corpus/sao__rock_L7_verb__s0.wav,0.5792064070701599,0.7483468651771545,0.16914045810699463
corpus/sao__rock_L7_verb__s1.wav,0.5846274495124817,0.6859447956085205,0.10131734609603882
corpus/sao__rock_L7_verb__s2.wav,0.46570277214050293,0.6918789744377136,0.2261762022972107
corpus/sao__rock_L7_verb__s3.wav,0.555963933467865,0.7251536846160889,0.16918975114822388
corpus/sao__rock_L7_verb__s4.wav,0.5168827176094055,0.7123790979385376,0.19549638032913208
corpus/sao__rock_L7_verb__s5.wav,0.5253713726997375,0.707153856754303,0.18178248405456543
corpus/sao__rock_L9_num__s0.wav,0.5460860729217529,0.7311513423919678,0.18506526947021484
corpus/sao__rock_L9_num__s1.wav,0.43519553542137146,0.6763970255851746,0.2412014901638031
corpus/sao__rock_L9_num__s2.wav,0.47092828154563904,0.6991198062896729,0.2281915247440338
corpus/sao__rock_L9_num__s3.wav,0.4634697437286377,0.719622790813446,0.25615304708480835
corpus/sao__rock_L9_num__s4.wav,0.5245928168296814,0.7305067777633667,0.2059139609336853
corpus/sao__rock_L9_num__s5.wav,0.5091390609741211,0.715152382850647,0.20601332187652588
corpus/sao__rock_L9_verb__s0.wav,0.4761590361595154,0.7036191821098328,0.22746014595031738
corpus/sao__rock_L9_verb__s1.wav,0.5145208239555359,0.7317527532577515,0.21723192930221558
corpus/sao__rock_L9_verb__s2.wav,0.47196632623672485,0.6850893497467041,0.21312302350997925
corpus/sao__rock_L9_verb__s3.wav,0.4375172257423401,0.6814639568328857,0.24394673109054565
corpus/sao__rock_L9_verb__s4.wav,0.5192078948020935,0.7216610312461853,0.2024531364440918
corpus/sao__rock_L9_verb__s5.wav,0.5106104612350464,0.6943009495735168,0.18369048833847046
