file,model,prompt_id,seed,genre_slug,level,phrasing,genre_text,energy_text,prompt_text,p0a,lufs,clap,p0a_n,clap_n
corpus/ace__edm_L1_num__s0.wav,ace,edm_L1_num,0,edm,1,numeric,instrumental electronic dance track,energy level 1 out of 11,"instrumental electronic dance track, energy level 1 out of 11",4.5,-21.20549188720612,0.1146900504827499,6.0,0.1687220633029937
corpus/ace__edm_L1_num__s1.wav,ace,edm_L1_num,1,edm,1,numeric,instrumental electronic dance track,energy level 1 out of 11,"instrumental electronic dance track, energy level 1 out of 11",4.2,-16.457668005263443,0.1023200005292892,4.5,0.2295702248811721
corpus/ace__edm_L1_num__s2.wav,ace,edm_L1_num,2,edm,1,numeric,instrumental electronic dance track,energy level 1 out of 11,"instrumental electronic dance track, energy level 1 out of 11",4.5,-21.9452452948338,0.0529069453477859,5.5,0.1598698943853378
corpus/ace__edm_L1_num__s3.wav,ace,edm_L1_num,3,edm,1,numeric,instrumental electronic dance track,energy level 1 out of 11,"instrumental electronic dance track, energy level 1 out of 11",5.2,-18.96659086732818,0.1388937383890152,6.0,0.2153457403182983
corpus/ace__edm_L1_num__s4.wav,ace,edm_L1_num,4,edm,1,numeric,instrumental electronic dance track,energy level 1 out of 11,"instrumental electronic dance track, energy level 1 out of 11",4.5,-20.939778955810368,0.0316106230020523,5.2,0.1143503561615943
corpus/ace__edm_L1_num__s5.wav,ace,edm_L1_num,5,edm,1,numeric,instrumental electronic dance track,energy level 1 out of 11,"instrumental electronic dance track, energy level 1 out of 11",4.5,-18.862325459374045,0.0545086562633514,5.2,0.0882300734519958
corpus/ace__edm_L1_verb__s0.wav,ace,edm_L1_verb,0,edm,1,verbal,instrumental electronic dance track,very calm,"instrumental electronic dance track, very calm",4.1,-18.175065636134,0.1274373531341552,4.1,0.200332224369049
corpus/ace__edm_L1_verb__s1.wav,ace,edm_L1_verb,1,edm,1,verbal,instrumental electronic dance track,very calm,"instrumental electronic dance track, very calm",5.2,-19.16148664698733,-0.140700101852417,5.2,-0.1410649418830871
corpus/ace__edm_L1_verb__s2.wav,ace,edm_L1_verb,2,edm,1,verbal,instrumental electronic dance track,very calm,"instrumental electronic dance track, very calm",3.7,-20.28764915900291,-0.0533079653978347,3.7,0.1343794465065002
corpus/ace__edm_L1_verb__s3.wav,ace,edm_L1_verb,3,edm,1,verbal,instrumental electronic dance track,very calm,"instrumental electronic dance track, very calm",5.2,-18.316757981776224,0.1194821298122406,6.0,0.1540292501449585
corpus/ace__edm_L1_verb__s4.wav,ace,edm_L1_verb,4,edm,1,verbal,instrumental electronic dance track,very calm,"instrumental electronic dance track, very calm",4.5,-18.07722755154991,0.1400014907121658,5.2,0.1863696128129959
corpus/ace__edm_L1_verb__s5.wav,ace,edm_L1_verb,5,edm,1,verbal,instrumental electronic dance track,very calm,"instrumental electronic dance track, very calm",5.2,-16.92881369878463,0.0941500812768936,5.9,0.1392205357551574
corpus/ace__edm_L3_num__s0.wav,ace,edm_L3_num,0,edm,3,numeric,instrumental electronic dance track,energy level 3 out of 11,"instrumental electronic dance track, energy level 3 out of 11",4.5,-19.924847298716884,0.1757559180259704,5.2,0.2376465946435928
corpus/ace__edm_L3_num__s1.wav,ace,edm_L3_num,1,edm,3,numeric,instrumental electronic dance track,energy level 3 out of 11,"instrumental electronic dance track, energy level 3 out of 11",5.2,-16.22340892647455,0.2196067422628402,5.5,0.3422152698040008
corpus/ace__edm_L3_num__s2.wav,ace,edm_L3_num,2,edm,3,numeric,instrumental electronic dance track,energy level 3 out of 11,"instrumental electronic dance track, energy level 3 out of 11",4.4,-17.971506346487068,-0.1305509656667709,4.5,0.2485578805208206
corpus/ace__edm_L3_num__s3.wav,ace,edm_L3_num,3,edm,3,numeric,instrumental electronic dance track,energy level 3 out of 11,"instrumental electronic dance track, energy level 3 out of 11",6.0,-18.85072026587775,0.0389505624771118,6.2,0.1759184598922729
corpus/ace__edm_L3_num__s4.wav,ace,edm_L3_num,4,edm,3,numeric,instrumental electronic dance track,energy level 3 out of 11,"instrumental electronic dance track, energy level 3 out of 11",3.7,-18.69815266191332,0.016855277121067,4.0,0.0655674189329147
corpus/ace__edm_L3_num__s5.wav,ace,edm_L3_num,5,edm,3,numeric,instrumental electronic dance track,energy level 3 out of 11,"instrumental electronic dance track, energy level 3 out of 11",4.1,-20.710152873037348,0.0158094018697738,4.5,0.082101434469223
corpus/ace__edm_L3_verb__s0.wav,ace,edm_L3_verb,0,edm,3,verbal,instrumental electronic dance track,calm,"instrumental electronic dance track, calm",4.1,-23.074556869875405,0.0058200061321258,4.5,0.1592123061418533
corpus/ace__edm_L3_verb__s1.wav,ace,edm_L3_verb,1,edm,3,verbal,instrumental electronic dance track,calm,"instrumental electronic dance track, calm",4.1,-21.74499796920216,0.0291264802217483,4.5,0.102165475487709
corpus/ace__edm_L3_verb__s2.wav,ace,edm_L3_verb,2,edm,3,verbal,instrumental electronic dance track,calm,"instrumental electronic dance track, calm",3.7,-19.318636422435144,-0.0158312767744064,4.1,0.073503777384758
corpus/ace__edm_L3_verb__s3.wav,ace,edm_L3_verb,3,edm,3,verbal,instrumental electronic dance track,calm,"instrumental electronic dance track, calm",5.2,-17.982296221384978,0.0781162977218627,5.9,0.4016399085521698
corpus/ace__edm_L3_verb__s4.wav,ace,edm_L3_verb,4,edm,3,verbal,instrumental electronic dance track,calm,"instrumental electronic dance track, calm",4.1,-18.037346944766423,0.1251132041215896,4.2,0.1572628170251846
corpus/ace__edm_L3_verb__s5.wav,ace,edm_L3_verb,5,edm,3,verbal,instrumental electronic dance track,calm,"instrumental electronic dance track, calm",4.5,-18.90863875033717,0.0440136790275573,5.5,0.0932068228721618
corpus/ace__edm_L5_num__s0.wav,ace,edm_L5_num,0,edm,5,numeric,instrumental electronic dance track,energy level 5 out of 11,"instrumental electronic dance track, energy level 5 out of 11",4.5,-16.7513803135295,0.13355652987957,5.2,0.1816631257534027
corpus/ace__edm_L5_num__s1.wav,ace,edm_L5_num,1,edm,5,numeric,instrumental electronic dance track,energy level 5 out of 11,"instrumental electronic dance track, energy level 5 out of 11",4.1,-18.22981225672008,0.1200685948133468,4.2,0.1465706825256347
corpus/ace__edm_L5_num__s2.wav,ace,edm_L5_num,2,edm,5,numeric,instrumental electronic dance track,energy level 5 out of 11,"instrumental electronic dance track, energy level 5 out of 11",5.2,-16.991253149559583,0.1183947324752807,5.5,0.1470459699630737
corpus/ace__edm_L5_num__s3.wav,ace,edm_L5_num,3,edm,5,numeric,instrumental electronic dance track,energy level 5 out of 11,"instrumental electronic dance track, energy level 5 out of 11",4.1,-17.18754474650441,0.1371001899242401,4.5,0.0400635749101638
corpus/ace__edm_L5_num__s4.wav,ace,edm_L5_num,4,edm,5,numeric,instrumental electronic dance track,energy level 5 out of 11,"instrumental electronic dance track, energy level 5 out of 11",6.0,-18.93168024839372,0.0206369757652282,6.4,0.0986899584531784
corpus/ace__edm_L5_num__s5.wav,ace,edm_L5_num,5,edm,5,numeric,instrumental electronic dance track,energy level 5 out of 11,"instrumental electronic dance track, energy level 5 out of 11",4.8,-17.4636387685701,0.1396780312061309,5.5,0.1845692694187164
corpus/ace__edm_L5_verb__s0.wav,ace,edm_L5_verb,0,edm,5,verbal,instrumental electronic dance track,moderate energy,"instrumental electronic dance track, moderate energy",4.1,-19.314965679520416,0.0438331067562103,4.4,0.0737588107585907
corpus/ace__edm_L5_verb__s1.wav,ace,edm_L5_verb,1,edm,5,verbal,instrumental electronic dance track,moderate energy,"instrumental electronic dance track, moderate energy",5.2,-16.572338785386865,0.242908775806427,5.5,0.2396826595067978
corpus/ace__edm_L5_verb__s2.wav,ace,edm_L5_verb,2,edm,5,verbal,instrumental electronic dance track,moderate energy,"instrumental electronic dance track, moderate energy",4.5,-18.12033850260008,0.0639121681451797,5.5,0.1017996743321418
corpus/ace__edm_L5_verb__s3.wav,ace,edm_L5_verb,3,edm,5,verbal,instrumental electronic dance track,moderate energy,"instrumental electronic dance track, moderate energy",4.1,-19.762146220265823,0.1517678946256637,4.4,-0.1782555282115936
corpus/ace__edm_L5_verb__s4.wav,ace,edm_L5_verb,4,edm,5,verbal,instrumental electronic dance track,moderate energy,"instrumental electronic dance track, moderate energy",4.5,-17.529483550295883,0.0657415986061096,5.2,0.0302288383245468
corpus/ace__edm_L5_verb__s5.wav,ace,edm_L5_verb,5,edm,5,verbal,instrumental electronic dance track,moderate energy,"instrumental electronic dance track, moderate energy",4.5,-18.207393734425807,0.1387075036764145,5.2,0.2183707803487777
corpus/ace__edm_L7_num__s0.wav,ace,edm_L7_num,0,edm,7,numeric,instrumental electronic dance track,energy level 7 out of 11,"instrumental electronic dance track, energy level 7 out of 11",4.2,-20.651435046279545,0.1220947802066803,5.2,0.0912684202194213
corpus/ace__edm_L7_num__s1.wav,ace,edm_L7_num,1,edm,7,numeric,instrumental electronic dance track,energy level 7 out of 11,"instrumental electronic dance track, energy level 7 out of 11",3.8,-18.94451150460062,-0.0018293857574462,4.1,0.1105494648218154
corpus/ace__edm_L7_num__s2.wav,ace,edm_L7_num,2,edm,7,numeric,instrumental electronic dance track,energy level 7 out of 11,"instrumental electronic dance track, energy level 7 out of 11",4.5,-16.602723775473887,0.0531038641929626,5.2,0.0645525008440017
corpus/ace__edm_L7_num__s3.wav,ace,edm_L7_num,3,edm,7,numeric,instrumental electronic dance track,energy level 7 out of 11,"instrumental electronic dance track, energy level 7 out of 11",4.1,-21.64638971787792,0.1466234922409057,4.8,0.1573671698570251
corpus/ace__edm_L7_num__s4.wav,ace,edm_L7_num,4,edm,7,numeric,instrumental electronic dance track,energy level 7 out of 11,"instrumental electronic dance track, energy level 7 out of 11",4.5,-17.856884345116242,0.150602787733078,5.2,0.2478011101484298
corpus/ace__edm_L7_num__s5.wav,ace,edm_L7_num,5,edm,7,numeric,instrumental electronic dance track,energy level 7 out of 11,"instrumental electronic dance track, energy level 7 out of 11",4.5,-16.900026809434276,0.0344621986150741,5.2,0.1485932171344757
corpus/ace__edm_L7_verb__s0.wav,ace,edm_L7_verb,0,edm,7,verbal,instrumental electronic dance track,energetic,"instrumental electronic dance track, energetic",5.2,-20.83166481643601,0.1408004760742187,6.0,0.256144106388092
corpus/ace__edm_L7_verb__s1.wav,ace,edm_L7_verb,1,edm,7,verbal,instrumental electronic dance track,energetic,"instrumental electronic dance track, energetic",4.5,-17.502608210562244,0.2074425816535949,5.2,0.1722253113985061
corpus/ace__edm_L7_verb__s2.wav,ace,edm_L7_verb,2,edm,7,verbal,instrumental electronic dance track,energetic,"instrumental electronic dance track, energetic",5.2,-20.140259986797627,0.1297371983528137,6.0,0.2004415094852447
corpus/ace__edm_L7_verb__s3.wav,ace,edm_L7_verb,3,edm,7,verbal,instrumental electronic dance track,energetic,"instrumental electronic dance track, energetic",5.2,-17.662291532805096,0.154041051864624,5.5,0.1703427284955978
corpus/ace__edm_L7_verb__s4.wav,ace,edm_L7_verb,4,edm,7,verbal,instrumental electronic dance track,energetic,"instrumental electronic dance track, energetic",5.9,-17.46459879908043,0.2235831022262573,6.2,0.2209613770246505
corpus/ace__edm_L7_verb__s5.wav,ace,edm_L7_verb,5,edm,7,verbal,instrumental electronic dance track,energetic,"instrumental electronic dance track, energetic",5.2,-19.61881009300565,0.0410700738430023,5.5,0.1100028157234191
corpus/ace__edm_L9_num__s0.wav,ace,edm_L9_num,0,edm,9,numeric,instrumental electronic dance track,energy level 9 out of 11,"instrumental electronic dance track, energy level 9 out of 11",4.5,-19.806680174101743,0.1176990270614624,5.2,0.2292789667844772
corpus/ace__edm_L9_num__s1.wav,ace,edm_L9_num,1,edm,9,numeric,instrumental electronic dance track,energy level 9 out of 11,"instrumental electronic dance track, energy level 9 out of 11",6.0,-19.478387078076853,0.473274290561676,6.4,0.4673530757427215
corpus/ace__edm_L9_num__s2.wav,ace,edm_L9_num,2,edm,9,numeric,instrumental electronic dance track,energy level 9 out of 11,"instrumental electronic dance track, energy level 9 out of 11",5.2,-18.92973629207553,0.1279035657644271,6.0,0.197025716304779
corpus/ace__edm_L9_num__s3.wav,ace,edm_L9_num,3,edm,9,numeric,instrumental electronic dance track,energy level 9 out of 11,"instrumental electronic dance track, energy level 9 out of 11",4.5,-21.440344012704617,0.1124695390462875,5.9,0.1516320705413818
corpus/ace__edm_L9_num__s4.wav,ace,edm_L9_num,4,edm,9,numeric,instrumental electronic dance track,energy level 9 out of 11,"instrumental electronic dance track, energy level 9 out of 11",4.5,-16.32382034922783,0.2899953424930572,5.2,0.3298606276512146
corpus/ace__edm_L9_num__s5.wav,ace,edm_L9_num,5,edm,9,numeric,instrumental electronic dance track,energy level 9 out of 11,"instrumental electronic dance track, energy level 9 out of 11",4.5,-17.006927203335454,0.1770164668560028,5.2,0.2768627107143402
corpus/ace__edm_L9_verb__s0.wav,ace,edm_L9_verb,0,edm,9,verbal,instrumental electronic dance track,extremely intense,"instrumental electronic dance track, extremely intense",3.7,-18.60389781103586,-0.0993682742118835,4.0,0.0947356820106506
corpus/ace__edm_L9_verb__s1.wav,ace,edm_L9_verb,1,edm,9,verbal,instrumental electronic dance track,extremely intense,"instrumental electronic dance track, extremely intense",4.5,-18.83316965551924,0.1875345557928085,5.2,-0.0144627690315246
corpus/ace__edm_L9_verb__s2.wav,ace,edm_L9_verb,2,edm,9,verbal,instrumental electronic dance track,extremely intense,"instrumental electronic dance track, extremely intense",4.5,-17.69949017708279,0.2157320082187652,5.5,0.2046796232461929
corpus/ace__edm_L9_verb__s3.wav,ace,edm_L9_verb,3,edm,9,verbal,instrumental electronic dance track,extremely intense,"instrumental electronic dance track, extremely intense",4.0,-19.856944316462886,0.058349385857582,4.4,0.1408159732818603
corpus/ace__edm_L9_verb__s4.wav,ace,edm_L9_verb,4,edm,9,verbal,instrumental electronic dance track,extremely intense,"instrumental electronic dance track, extremely intense",5.2,-17.97642620146294,0.1666529178619384,5.9,0.0814758241176605
corpus/ace__edm_L9_verb__s5.wav,ace,edm_L9_verb,5,edm,9,verbal,instrumental electronic dance track,extremely intense,"instrumental electronic dance track, extremely intense",4.4,-19.081960041349483,0.1481419801712036,5.2,0.0668847858905792
corpus/ace__folk_L1_num__s0.wav,ace,folk_L1_num,0,folk,1,numeric,instrumental acoustic folk track,energy level 1 out of 11,"instrumental acoustic folk track, energy level 1 out of 11",4.1,-18.12225772753704,0.0791940540075302,4.4,0.1014813631772995
corpus/ace__folk_L1_num__s1.wav,ace,folk_L1_num,1,folk,1,numeric,instrumental acoustic folk track,energy level 1 out of 11,"instrumental acoustic folk track, energy level 1 out of 11",3.7,-19.841548509672307,-0.0108275413513183,4.1,0.0756793916225433
corpus/ace__folk_L1_num__s2.wav,ace,folk_L1_num,2,folk,1,numeric,instrumental acoustic folk track,energy level 1 out of 11,"instrumental acoustic folk track, energy level 1 out of 11",3.7,-19.743139741187687,0.0048629492521286,3.7,0.1507899612188339
corpus/ace__folk_L1_num__s3.wav,ace,folk_L1_num,3,folk,1,numeric,instrumental acoustic folk track,energy level 1 out of 11,"instrumental acoustic folk track, energy level 1 out of 11",3.8,-18.204022165468743,0.0707830190658569,4.1,0.1670397818088531
corpus/ace__folk_L1_num__s4.wav,ace,folk_L1_num,4,folk,1,numeric,instrumental acoustic folk track,energy level 1 out of 11,"instrumental acoustic folk track, energy level 1 out of 11",3.7,-19.680166769221064,-0.0115099549293518,3.7,0.0669326484203338
corpus/ace__folk_L1_num__s5.wav,ace,folk_L1_num,5,folk,1,numeric,instrumental acoustic folk track,energy level 1 out of 11,"instrumental acoustic folk track, energy level 1 out of 11",3.7,-19.444150118102097,-0.020836129784584,3.8,0.0329962074756622
corpus/ace__folk_L1_verb__s0.wav,ace,folk_L1_verb,0,folk,1,verbal,instrumental acoustic folk track,very calm,"instrumental acoustic folk track, very calm",3.7,-20.38275875898363,0.0789435803890228,3.7,0.1353565752506256
corpus/ace__folk_L1_verb__s1.wav,ace,folk_L1_verb,1,folk,1,verbal,instrumental acoustic folk track,very calm,"instrumental acoustic folk track, very calm",3.7,-17.33789320227371,0.0466697663068771,3.7,0.0376859754323959
corpus/ace__folk_L1_verb__s2.wav,ace,folk_L1_verb,2,folk,1,verbal,instrumental acoustic folk track,very calm,"instrumental acoustic folk track, very calm",3.7,-18.15844201653651,-0.0209827423095703,3.7,0.0270021855831146
corpus/ace__folk_L1_verb__s3.wav,ace,folk_L1_verb,3,folk,1,verbal,instrumental acoustic folk track,very calm,"instrumental acoustic folk track, very calm",3.7,-18.77892827434508,0.0366536527872085,4.1,0.124957650899887
corpus/ace__folk_L1_verb__s4.wav,ace,folk_L1_verb,4,folk,1,verbal,instrumental acoustic folk track,very calm,"instrumental acoustic folk track, very calm",3.7,-20.965368701091183,0.0655778497457504,4.1,0.0814427882432937
corpus/ace__folk_L1_verb__s5.wav,ace,folk_L1_verb,5,folk,1,verbal,instrumental acoustic folk track,very calm,"instrumental acoustic folk track, very calm",4.1,-19.6962639085746,0.1090106517076492,4.5,0.1731442213058471
corpus/ace__folk_L3_num__s0.wav,ace,folk_L3_num,0,folk,3,numeric,instrumental acoustic folk track,energy level 3 out of 11,"instrumental acoustic folk track, energy level 3 out of 11",3.7,-21.29417664805491,-0.0066959857940673,3.8,0.0642148554325103
corpus/ace__folk_L3_num__s1.wav,ace,folk_L3_num,1,folk,3,numeric,instrumental acoustic folk track,energy level 3 out of 11,"instrumental acoustic folk track, energy level 3 out of 11",3.7,-17.557224015866694,0.0379528999328613,3.7,0.1054051518440246
corpus/ace__folk_L3_num__s2.wav,ace,folk_L3_num,2,folk,3,numeric,instrumental acoustic folk track,energy level 3 out of 11,"instrumental acoustic folk track, energy level 3 out of 11",3.7,-18.58038675922482,0.0263632237911224,3.8,0.0848768949508667
corpus/ace__folk_L3_num__s3.wav,ace,folk_L3_num,3,folk,3,numeric,instrumental acoustic folk track,energy level 3 out of 11,"instrumental acoustic folk track, energy level 3 out of 11",4.1,-20.893731901431888,0.0941703617572784,4.5,0.1700037568807602
corpus/ace__folk_L3_num__s4.wav,ace,folk_L3_num,4,folk,3,numeric,instrumental acoustic folk track,energy level 3 out of 11,"instrumental acoustic folk track, energy level 3 out of 11",3.7,-17.392777893051875,0.0259858071804046,4.1,0.0912997126579284
corpus/ace__folk_L3_num__s5.wav,ace,folk_L3_num,5,folk,3,numeric,instrumental acoustic folk track,energy level 3 out of 11,"instrumental acoustic folk track, energy level 3 out of 11",3.7,-18.62200609232112,0.1024848371744155,4.0,0.099670872092247
corpus/ace__folk_L3_verb__s0.wav,ace,folk_L3_verb,0,folk,3,verbal,instrumental acoustic folk track,calm,"instrumental acoustic folk track, calm",3.7,-19.204085717506373,0.0352245718240737,4.1,0.0767529755830764
corpus/ace__folk_L3_verb__s1.wav,ace,folk_L3_verb,1,folk,3,verbal,instrumental acoustic folk track,calm,"instrumental acoustic folk track, calm",3.7,-17.56689819789076,0.100666269659996,4.0,0.1011259704828262
corpus/ace__folk_L3_verb__s2.wav,ace,folk_L3_verb,2,folk,3,verbal,instrumental acoustic folk track,calm,"instrumental acoustic folk track, calm",4.1,-22.120226368774155,0.021500676870346,5.2,0.102378025650978
corpus/ace__folk_L3_verb__s3.wav,ace,folk_L3_verb,3,folk,3,verbal,instrumental acoustic folk track,calm,"instrumental acoustic folk track, calm",3.7,-21.941237357058828,-0.0901817083358764,3.7,0.0205565094947814
corpus/ace__folk_L3_verb__s4.wav,ace,folk_L3_verb,4,folk,3,verbal,instrumental acoustic folk track,calm,"instrumental acoustic folk track, calm",3.7,-18.71752918191459,0.0474122017621994,4.1,0.0490739494562149
corpus/ace__folk_L3_verb__s5.wav,ace,folk_L3_verb,5,folk,3,verbal,instrumental acoustic folk track,calm,"instrumental acoustic folk track, calm",3.7,-17.692649258612306,0.0240539908409118,3.7,0.0342257916927337
corpus/ace__folk_L5_num__s0.wav,ace,folk_L5_num,0,folk,5,numeric,instrumental acoustic folk track,energy level 5 out of 11,"instrumental acoustic folk track, energy level 5 out of 11",3.7,-20.57558655706252,0.0519929230213165,4.1,0.0696105509996414
corpus/ace__folk_L5_num__s1.wav,ace,folk_L5_num,1,folk,5,numeric,instrumental acoustic folk track,energy level 5 out of 11,"instrumental acoustic folk track, energy level 5 out of 11",3.7,-18.999164393812656,0.043023869395256,4.1,0.1188106685876846
corpus/ace__folk_L5_num__s2.wav,ace,folk_L5_num,2,folk,5,numeric,instrumental acoustic folk track,energy level 5 out of 11,"instrumental acoustic folk track, energy level 5 out of 11",3.7,-19.630151997071643,0.0676848739385604,4.1,0.1222214698791503
corpus/ace__folk_L5_num__s3.wav,ace,folk_L5_num,3,folk,5,numeric,instrumental acoustic folk track,energy level 5 out of 11,"instrumental acoustic folk track, energy level 5 out of 11",3.7,-19.171490766143823,0.0163984894752502,4.1,0.075825035572052
corpus/ace__folk_L5_num__s4.wav,ace,folk_L5_num,4,folk,5,numeric,instrumental acoustic folk track,energy level 5 out of 11,"instrumental acoustic folk track, energy level 5 out of 11",3.7,-19.04828276621861,0.07403065264225,3.8,0.1207890510559082
corpus/ace__folk_L5_num__s5.wav,ace,folk_L5_num,5,folk,5,numeric,instrumental acoustic folk track,energy level 5 out of 11,"instrumental acoustic folk track, energy level 5 out of 11",3.7,-17.603406978473753,0.0859967917203903,3.7,0.1411724686622619
corpus/ace__folk_L5_verb__s0.wav,ace,folk_L5_verb,0,folk,5,verbal,instrumental acoustic folk track,moderate energy,"instrumental acoustic folk track, moderate energy",3.7,-20.482939113570723,-0.0200859010219573,3.8,0.0686595886945724
corpus/ace__folk_L5_verb__s1.wav,ace,folk_L5_verb,1,folk,5,verbal,instrumental acoustic folk track,moderate energy,"instrumental acoustic folk track, moderate energy",3.7,-18.4819896203755,0.0541491359472274,3.7,0.1323051303625106
corpus/ace__folk_L5_verb__s2.wav,ace,folk_L5_verb,2,folk,5,verbal,instrumental acoustic folk track,moderate energy,"instrumental acoustic folk track, moderate energy",3.7,-20.913109988425138,0.0066796839237213,4.1,0.0619413554668426
corpus/ace__folk_L5_verb__s3.wav,ace,folk_L5_verb,3,folk,5,verbal,instrumental acoustic folk track,moderate energy,"instrumental acoustic folk track, moderate energy",5.2,-18.57947605255013,0.235556811094284,5.9,0.312612235546112
corpus/ace__folk_L5_verb__s4.wav,ace,folk_L5_verb,4,folk,5,verbal,instrumental acoustic folk track,moderate energy,"instrumental acoustic folk track, moderate energy",3.7,-18.232343884841104,0.0154632180929183,4.1,0.0895151570439338
corpus/ace__folk_L5_verb__s5.wav,ace,folk_L5_verb,5,folk,5,verbal,instrumental acoustic folk track,moderate energy,"instrumental acoustic folk track, moderate energy",4.1,-19.6321905144178,0.0794279277324676,4.4,0.1758281141519546
corpus/ace__folk_L7_num__s0.wav,ace,folk_L7_num,0,folk,7,numeric,instrumental acoustic folk track,energy level 7 out of 11,"instrumental acoustic folk track, energy level 7 out of 11",3.7,-21.30037580827517,-0.0457278490066528,4.2,0.0369621962308883
corpus/ace__folk_L7_num__s1.wav,ace,folk_L7_num,1,folk,7,numeric,instrumental acoustic folk track,energy level 7 out of 11,"instrumental acoustic folk track, energy level 7 out of 11",3.7,-18.54868512386335,0.1538698524236679,3.8,0.1690284013748169
corpus/ace__folk_L7_num__s2.wav,ace,folk_L7_num,2,folk,7,numeric,instrumental acoustic folk track,energy level 7 out of 11,"instrumental acoustic folk track, energy level 7 out of 11",3.8,-17.55818278682757,0.0254276245832443,4.1,0.0649481266736984
corpus/ace__folk_L7_num__s3.wav,ace,folk_L7_num,3,folk,7,numeric,instrumental acoustic folk track,energy level 7 out of 11,"instrumental acoustic folk track, energy level 7 out of 11",4.1,-17.7693272756401,0.0652875453233718,4.4,0.1261683851480484
corpus/ace__folk_L7_num__s4.wav,ace,folk_L7_num,4,folk,7,numeric,instrumental acoustic folk track,energy level 7 out of 11,"instrumental acoustic folk track, energy level 7 out of 11",3.8,-17.081762795184375,0.1251277774572372,4.1,0.1147111356258392
corpus/ace__folk_L7_num__s5.wav,ace,folk_L7_num,5,folk,7,numeric,instrumental acoustic folk track,energy level 7 out of 11,"instrumental acoustic folk track, energy level 7 out of 11",3.8,-16.89036804296899,0.0483878254890441,4.1,0.101590484380722
corpus/ace__folk_L7_verb__s0.wav,ace,folk_L7_verb,0,folk,7,verbal,instrumental acoustic folk track,energetic,"instrumental acoustic folk track, energetic",5.2,-19.276952957249154,0.2032727301120758,6.0,0.2873783111572265
corpus/ace__folk_L7_verb__s1.wav,ace,folk_L7_verb,1,folk,7,verbal,instrumental acoustic folk track,energetic,"instrumental acoustic folk track, energetic",5.2,-22.76420815121717,0.2948108315467834,6.0,0.4073836803436279
corpus/ace__folk_L7_verb__s2.wav,ace,folk_L7_verb,2,folk,7,verbal,instrumental acoustic folk track,energetic,"instrumental acoustic folk track, energetic",5.2,-19.53099065352477,0.1478152573108673,6.0,0.3140494227409363
corpus/ace__folk_L7_verb__s3.wav,ace,folk_L7_verb,3,folk,7,verbal,instrumental acoustic folk track,energetic,"instrumental acoustic folk track, energetic",3.8,-17.451285046137304,0.1223822236061096,4.1,0.1627428531646728
corpus/ace__folk_L7_verb__s4.wav,ace,folk_L7_verb,4,folk,7,verbal,instrumental acoustic folk track,energetic,"instrumental acoustic folk track, energetic",4.1,-16.096558200563358,0.2362467646598816,4.4,0.1447718143463134
corpus/ace__folk_L7_verb__s5.wav,ace,folk_L7_verb,5,folk,7,verbal,instrumental acoustic folk track,energetic,"instrumental acoustic folk track, energetic",4.2,-20.39527060996073,0.1603502631187439,5.2,0.3046577274799347
corpus/ace__folk_L9_num__s0.wav,ace,folk_L9_num,0,folk,9,numeric,instrumental acoustic folk track,energy level 9 out of 11,"instrumental acoustic folk track, energy level 9 out of 11",4.1,-18.989676489216148,0.1837324500083923,4.4,0.2182784080505371
corpus/ace__folk_L9_num__s1.wav,ace,folk_L9_num,1,folk,9,numeric,instrumental acoustic folk track,energy level 9 out of 11,"instrumental acoustic folk track, energy level 9 out of 11",3.7,-18.72623626207033,0.0210346430540084,4.0,0.0931070744991302
corpus/ace__folk_L9_num__s2.wav,ace,folk_L9_num,2,folk,9,numeric,instrumental acoustic folk track,energy level 9 out of 11,"instrumental acoustic folk track, energy level 9 out of 11",3.7,-19.83405824287768,-0.0242803245782852,3.8,0.0313937962055206
corpus/ace__folk_L9_num__s3.wav,ace,folk_L9_num,3,folk,9,numeric,instrumental acoustic folk track,energy level 9 out of 11,"instrumental acoustic folk track, energy level 9 out of 11",3.7,-18.239718575429407,0.0734939575195312,3.8,0.1280134171247482
corpus/ace__folk_L9_num__s4.wav,ace,folk_L9_num,4,folk,9,numeric,instrumental acoustic folk track,energy level 9 out of 11,"instrumental acoustic folk track, energy level 9 out of 11",4.1,-17.892806454300068,0.1059315800666809,4.5,0.0819238275289535
corpus/ace__folk_L9_num__s5.wav,ace,folk_L9_num,5,folk,9,numeric,instrumental acoustic folk track,energy level 9 out of 11,"instrumental acoustic folk track, energy level 9 out of 11",3.7,-19.300068734882583,-0.0432878136634826,3.7,-0.0450434312224388
corpus/ace__folk_L9_verb__s0.wav,ace,folk_L9_verb,0,folk,9,verbal,instrumental acoustic folk track,extremely intense,"instrumental acoustic folk track, extremely intense",3.7,-19.1409446223215,0.0591658949851989,4.1,0.1099682450294494
corpus/ace__folk_L9_verb__s1.wav,ace,folk_L9_verb,1,folk,9,verbal,instrumental acoustic folk track,extremely intense,"instrumental acoustic folk track, extremely intense",4.1,-18.73914994181069,0.1020762175321579,4.4,0.1693440228700637
corpus/ace__folk_L9_verb__s2.wav,ace,folk_L9_verb,2,folk,9,verbal,instrumental acoustic folk track,extremely intense,"instrumental acoustic folk track, extremely intense",3.8,-20.685404423883856,0.0410177111625671,4.1,0.1290677040815353
corpus/ace__folk_L9_verb__s3.wav,ace,folk_L9_verb,3,folk,9,verbal,instrumental acoustic folk track,extremely intense,"instrumental acoustic folk track, extremely intense",3.8,-19.49036122511134,0.0793780237436294,4.2,0.2096199989318847
corpus/ace__folk_L9_verb__s4.wav,ace,folk_L9_verb,4,folk,9,verbal,instrumental acoustic folk track,extremely intense,"instrumental acoustic folk track, extremely intense",3.7,-19.158269499223923,0.0220207273960113,3.7,0.0930580645799636
corpus/ace__folk_L9_verb__s5.wav,ace,folk_L9_verb,5,folk,9,verbal,instrumental acoustic folk track,extremely intense,"instrumental acoustic folk track, extremely intense",4.1,-22.4704929044808,0.1345287561416626,5.2,0.2062958627939224
corpus/ace__hiphop_L1_num__s0.wav,ace,hiphop_L1_num,0,hiphop,1,numeric,instrumental hip-hop track,energy level 1 out of 11,"instrumental hip-hop track, energy level 1 out of 11",4.5,-17.88400338097836,0.1057778596878051,5.2,0.1107965856790542
corpus/ace__hiphop_L1_num__s1.wav,ace,hiphop_L1_num,1,hiphop,1,numeric,instrumental hip-hop track,energy level 1 out of 11,"instrumental hip-hop track, energy level 1 out of 11",4.1,-17.36251963885679,0.0598102957010269,4.1,0.1100198924541473
corpus/ace__hiphop_L1_num__s2.wav,ace,hiphop_L1_num,2,hiphop,1,numeric,instrumental hip-hop track,energy level 1 out of 11,"instrumental hip-hop track, energy level 1 out of 11",4.1,-19.590840892314343,0.0207974165678024,4.5,0.0681627094745636
corpus/ace__hiphop_L1_num__s3.wav,ace,hiphop_L1_num,3,hiphop,1,numeric,instrumental hip-hop track,energy level 1 out of 11,"instrumental hip-hop track, energy level 1 out of 11",4.4,-16.749399985601496,0.0434225797653198,4.5,0.0897326171398162
corpus/ace__hiphop_L1_num__s4.wav,ace,hiphop_L1_num,4,hiphop,1,numeric,instrumental hip-hop track,energy level 1 out of 11,"instrumental hip-hop track, energy level 1 out of 11",3.7,-18.02056338561676,-0.024008572101593,3.7,-0.0097844898700714
corpus/ace__hiphop_L1_num__s5.wav,ace,hiphop_L1_num,5,hiphop,1,numeric,instrumental hip-hop track,energy level 1 out of 11,"instrumental hip-hop track, energy level 1 out of 11",4.0,-21.47144414850701,0.1119911968708038,4.2,0.173387736082077
corpus/ace__hiphop_L1_verb__s0.wav,ace,hiphop_L1_verb,0,hiphop,1,verbal,instrumental hip-hop track,very calm,"instrumental hip-hop track, very calm",5.2,-17.37015765999901,0.1229767501354217,5.5,0.0701199173927307
corpus/ace__hiphop_L1_verb__s1.wav,ace,hiphop_L1_verb,1,hiphop,1,verbal,instrumental hip-hop track,very calm,"instrumental hip-hop track, very calm",4.1,-17.913711555738338,0.069425418972969,4.4,0.0924479961395263
corpus/ace__hiphop_L1_verb__s2.wav,ace,hiphop_L1_verb,2,hiphop,1,verbal,instrumental hip-hop track,very calm,"instrumental hip-hop track, very calm",4.1,-19.1652379121898,0.0992533564567565,4.5,0.1054176241159439
corpus/ace__hiphop_L1_verb__s3.wav,ace,hiphop_L1_verb,3,hiphop,1,verbal,instrumental hip-hop track,very calm,"instrumental hip-hop track, very calm",4.0,-17.758832308949735,0.0156592726707458,4.2,0.0180391073226928
corpus/ace__hiphop_L1_verb__s4.wav,ace,hiphop_L1_verb,4,hiphop,1,verbal,instrumental hip-hop track,very calm,"instrumental hip-hop track, very calm",5.9,-19.037722669819107,0.0458480715751647,6.0,0.0918841958045959
corpus/ace__hiphop_L1_verb__s5.wav,ace,hiphop_L1_verb,5,hiphop,1,verbal,instrumental hip-hop track,very calm,"instrumental hip-hop track, very calm",4.1,-19.74861647559239,0.1097246706485748,4.4,0.1655259132385254
corpus/ace__hiphop_L3_num__s0.wav,ace,hiphop_L3_num,0,hiphop,3,numeric,instrumental hip-hop track,energy level 3 out of 11,"instrumental hip-hop track, energy level 3 out of 11",5.9,-19.479981982842745,0.1093253195285797,6.2,0.2210434377193451
corpus/ace__hiphop_L3_num__s1.wav,ace,hiphop_L3_num,1,hiphop,3,numeric,instrumental hip-hop track,energy level 3 out of 11,"instrumental hip-hop track, energy level 3 out of 11",3.7,-20.179945902554007,0.0061356127262115,4.1,0.0500255823135376
corpus/ace__hiphop_L3_num__s2.wav,ace,hiphop_L3_num,2,hiphop,3,numeric,instrumental hip-hop track,energy level 3 out of 11,"instrumental hip-hop track, energy level 3 out of 11",4.5,-18.52547369674871,0.084656223654747,5.2,0.1698854267597198
corpus/ace__hiphop_L3_num__s3.wav,ace,hiphop_L3_num,3,hiphop,3,numeric,instrumental hip-hop track,energy level 3 out of 11,"instrumental hip-hop track, energy level 3 out of 11",4.1,-19.84679266872028,0.2233498096466064,4.2,0.1609998196363449
corpus/ace__hiphop_L3_num__s4.wav,ace,hiphop_L3_num,4,hiphop,3,numeric,instrumental hip-hop track,energy level 3 out of 11,"instrumental hip-hop track, energy level 3 out of 11",4.1,-19.932618066597826,0.1936529278755188,4.4,0.042288489639759
corpus/ace__hiphop_L3_num__s5.wav,ace,hiphop_L3_num,5,hiphop,3,numeric,instrumental hip-hop track,energy level 3 out of 11,"instrumental hip-hop track, energy level 3 out of 11",3.8,-20.950581486441497,-0.0382899492979049,4.2,0.093929648399353
corpus/ace__hiphop_L3_verb__s0.wav,ace,hiphop_L3_verb,0,hiphop,3,verbal,instrumental hip-hop track,calm,"instrumental hip-hop track, calm",3.8,-17.883767669954768,0.1391600966453552,4.1,0.1202089041471481
corpus/ace__hiphop_L3_verb__s1.wav,ace,hiphop_L3_verb,1,hiphop,3,verbal,instrumental hip-hop track,calm,"instrumental hip-hop track, calm",3.7,-21.009512008299208,0.0212211310863494,4.1,0.0787306129932403
corpus/ace__hiphop_L3_verb__s2.wav,ace,hiphop_L3_verb,2,hiphop,3,verbal,instrumental hip-hop track,calm,"instrumental hip-hop track, calm",3.8,-17.459177081210534,0.0382630079984664,4.1,0.0685856938362121
corpus/ace__hiphop_L3_verb__s3.wav,ace,hiphop_L3_verb,3,hiphop,3,verbal,instrumental hip-hop track,calm,"instrumental hip-hop track, calm",3.7,-20.149565101788344,0.0289810597896575,4.1,0.0756349563598632
corpus/ace__hiphop_L3_verb__s4.wav,ace,hiphop_L3_verb,4,hiphop,3,verbal,instrumental hip-hop track,calm,"instrumental hip-hop track, calm",4.1,-19.725171065425904,0.1584315598011016,4.5,0.204177975654602
corpus/ace__hiphop_L3_verb__s5.wav,ace,hiphop_L3_verb,5,hiphop,3,verbal,instrumental hip-hop track,calm,"instrumental hip-hop track, calm",4.1,-18.84241550534156,0.0307545065879821,4.4,0.0661647021770477
corpus/ace__hiphop_L5_num__s0.wav,ace,hiphop_L5_num,0,hiphop,5,numeric,instrumental hip-hop track,energy level 5 out of 11,"instrumental hip-hop track, energy level 5 out of 11",4.5,-19.155152247982866,0.229849487543106,5.2,0.1890147626399994
corpus/ace__hiphop_L5_num__s1.wav,ace,hiphop_L5_num,1,hiphop,5,numeric,instrumental hip-hop track,energy level 5 out of 11,"instrumental hip-hop track, energy level 5 out of 11",4.5,-17.88261974787004,0.0991701334714889,5.2,0.147654727101326
corpus/ace__hiphop_L5_num__s2.wav,ace,hiphop_L5_num,2,hiphop,5,numeric,instrumental hip-hop track,energy level 5 out of 11,"instrumental hip-hop track, energy level 5 out of 11",5.2,-18.91274156432156,0.1460277438163757,5.5,0.0879360437393188
corpus/ace__hiphop_L5_num__s3.wav,ace,hiphop_L5_num,3,hiphop,5,numeric,instrumental hip-hop track,energy level 5 out of 11,"instrumental hip-hop track, energy level 5 out of 11",3.8,-22.32508904401498,0.0263137966394424,4.4,0.1273076087236404
corpus/ace__hiphop_L5_num__s4.wav,ace,hiphop_L5_num,4,hiphop,5,numeric,instrumental hip-hop track,energy level 5 out of 11,"instrumental hip-hop track, energy level 5 out of 11",4.5,-19.892402256319613,-0.0555422902107238,5.2,-0.0210703015327453
corpus/ace__hiphop_L5_num__s5.wav,ace,hiphop_L5_num,5,hiphop,5,numeric,instrumental hip-hop track,energy level 5 out of 11,"instrumental hip-hop track, energy level 5 out of 11",4.4,-19.828349241889217,0.0747535824775695,5.2,0.1864274889230728
corpus/ace__hiphop_L5_verb__s0.wav,ace,hiphop_L5_verb,0,hiphop,5,verbal,instrumental hip-hop track,moderate energy,"instrumental hip-hop track, moderate energy",4.1,-21.159058812294408,-0.0118075385689735,5.2,0.0744314640760421
corpus/ace__hiphop_L5_verb__s1.wav,ace,hiphop_L5_verb,1,hiphop,5,verbal,instrumental hip-hop track,moderate energy,"instrumental hip-hop track, moderate energy",4.1,-19.01963546959164,0.2131756097078323,4.4,0.2203490734100341
corpus/ace__hiphop_L5_verb__s2.wav,ace,hiphop_L5_verb,2,hiphop,5,verbal,instrumental hip-hop track,moderate energy,"instrumental hip-hop track, moderate energy",5.2,-18.67615000027573,0.1472479552030563,5.5,0.194658949971199
corpus/ace__hiphop_L5_verb__s3.wav,ace,hiphop_L5_verb,3,hiphop,5,verbal,instrumental hip-hop track,moderate energy,"instrumental hip-hop track, moderate energy",4.5,-19.84480339013336,0.071104034781456,5.2,0.1200277358293533
corpus/ace__hiphop_L5_verb__s4.wav,ace,hiphop_L5_verb,4,hiphop,5,verbal,instrumental hip-hop track,moderate energy,"instrumental hip-hop track, moderate energy",4.1,-17.754120436185094,0.1114344596862793,4.5,0.093448519706726
corpus/ace__hiphop_L5_verb__s5.wav,ace,hiphop_L5_verb,5,hiphop,5,verbal,instrumental hip-hop track,moderate energy,"instrumental hip-hop track, moderate energy",4.2,-20.768024009504387,0.083482876420021,5.2,0.0677122771739959
corpus/ace__hiphop_L7_num__s0.wav,ace,hiphop_L7_num,0,hiphop,7,numeric,instrumental hip-hop track,energy level 7 out of 11,"instrumental hip-hop track, energy level 7 out of 11",4.0,-19.21540370263732,-0.0020622014999389,4.2,0.0780105292797088
corpus/ace__hiphop_L7_num__s1.wav,ace,hiphop_L7_num,1,hiphop,7,numeric,instrumental hip-hop track,energy level 7 out of 11,"instrumental hip-hop track, energy level 7 out of 11",4.4,-18.24616006830075,0.1288543790578842,5.2,0.1546816974878311
corpus/ace__hiphop_L7_num__s2.wav,ace,hiphop_L7_num,2,hiphop,7,numeric,instrumental hip-hop track,energy level 7 out of 11,"instrumental hip-hop track, energy level 7 out of 11",3.7,-19.379770701195103,-0.079019010066986,3.8,0.0061666071414947
corpus/ace__hiphop_L7_num__s3.wav,ace,hiphop_L7_num,3,hiphop,7,numeric,instrumental hip-hop track,energy level 7 out of 11,"instrumental hip-hop track, energy level 7 out of 11",4.1,-19.932768814359434,0.1360827684402465,4.5,0.2598625123500824
corpus/ace__hiphop_L7_num__s4.wav,ace,hiphop_L7_num,4,hiphop,7,numeric,instrumental hip-hop track,energy level 7 out of 11,"instrumental hip-hop track, energy level 7 out of 11",4.8,-19.393928818063472,0.1271469593048095,5.5,0.2050527930259704
corpus/ace__hiphop_L7_num__s5.wav,ace,hiphop_L7_num,5,hiphop,7,numeric,instrumental hip-hop track,energy level 7 out of 11,"instrumental hip-hop track, energy level 7 out of 11",6.0,-19.11043796334637,0.2620150744915008,6.4,0.315147340297699
corpus/ace__hiphop_L7_verb__s0.wav,ace,hiphop_L7_verb,0,hiphop,7,verbal,instrumental hip-hop track,energetic,"instrumental hip-hop track, energetic",4.5,-20.23402783883176,0.2445464879274368,5.2,0.304213136434555
corpus/ace__hiphop_L7_verb__s1.wav,ace,hiphop_L7_verb,1,hiphop,7,verbal,instrumental hip-hop track,energetic,"instrumental hip-hop track, energetic",4.4,-20.154991522903217,0.1657488346099853,5.2,0.236843928694725
corpus/ace__hiphop_L7_verb__s2.wav,ace,hiphop_L7_verb,2,hiphop,7,verbal,instrumental hip-hop track,energetic,"instrumental hip-hop track, energetic",6.0,-20.108321271048688,0.3462011814117431,6.4,0.3301141858100891
corpus/ace__hiphop_L7_verb__s3.wav,ace,hiphop_L7_verb,3,hiphop,7,verbal,instrumental hip-hop track,energetic,"instrumental hip-hop track, energetic",6.0,-18.951852948656327,0.3011402189731598,6.4,0.3722966313362121
corpus/ace__hiphop_L7_verb__s4.wav,ace,hiphop_L7_verb,4,hiphop,7,verbal,instrumental hip-hop track,energetic,"instrumental hip-hop track, energetic",4.5,-18.105376823597496,0.2022880911827087,5.2,0.2180238366127014
corpus/ace__hiphop_L7_verb__s5.wav,ace,hiphop_L7_verb,5,hiphop,7,verbal,instrumental hip-hop track,energetic,"instrumental hip-hop track, energetic",5.2,-18.132747148378904,0.2153653502464294,5.9,0.2087038904428482
corpus/ace__hiphop_L9_num__s0.wav,ace,hiphop_L9_num,0,hiphop,9,numeric,instrumental hip-hop track,energy level 9 out of 11,"instrumental hip-hop track, energy level 9 out of 11",5.2,-19.23101401363336,0.1961767971515655,5.5,0.1858184188604354
corpus/ace__hiphop_L9_num__s1.wav,ace,hiphop_L9_num,1,hiphop,9,numeric,instrumental hip-hop track,energy level 9 out of 11,"instrumental hip-hop track, energy level 9 out of 11",4.1,-21.81627454579665,0.0937478095293045,4.5,0.1588003784418106
corpus/ace__hiphop_L9_num__s2.wav,ace,hiphop_L9_num,2,hiphop,9,numeric,instrumental hip-hop track,energy level 9 out of 11,"instrumental hip-hop track, energy level 9 out of 11",4.1,-19.0075574378999,0.1096639335155487,4.5,0.1567311584949493
corpus/ace__hiphop_L9_num__s3.wav,ace,hiphop_L9_num,3,hiphop,9,numeric,instrumental hip-hop track,energy level 9 out of 11,"instrumental hip-hop track, energy level 9 out of 11",5.2,-20.087158369887952,0.1064808964729309,5.9,0.1436316519975662
corpus/ace__hiphop_L9_num__s4.wav,ace,hiphop_L9_num,4,hiphop,9,numeric,instrumental hip-hop track,energy level 9 out of 11,"instrumental hip-hop track, energy level 9 out of 11",4.4,-20.97320296413727,0.0140352845191955,5.2,0.1063761711120605
corpus/ace__hiphop_L9_num__s5.wav,ace,hiphop_L9_num,5,hiphop,9,numeric,instrumental hip-hop track,energy level 9 out of 11,"instrumental hip-hop track, energy level 9 out of 11",4.5,-17.606551911432366,0.1326142251491546,5.2,0.1892361640930175
corpus/ace__hiphop_L9_verb__s0.wav,ace,hiphop_L9_verb,0,hiphop,9,verbal,instrumental hip-hop track,extremely intense,"instrumental hip-hop track, extremely intense",3.8,-20.127962180532727,-0.066091775894165,4.1,0.067408949136734
corpus/ace__hiphop_L9_verb__s1.wav,ace,hiphop_L9_verb,1,hiphop,9,verbal,instrumental hip-hop track,extremely intense,"instrumental hip-hop track, extremely intense",4.1,-18.51631604232543,0.0187285244464874,4.5,0.1000325232744216
corpus/ace__hiphop_L9_verb__s2.wav,ace,hiphop_L9_verb,2,hiphop,9,verbal,instrumental hip-hop track,extremely intense,"instrumental hip-hop track, extremely intense",4.4,-19.505806185595738,0.1462530642747879,4.8,-0.3156684041023254
corpus/ace__hiphop_L9_verb__s3.wav,ace,hiphop_L9_verb,3,hiphop,9,verbal,instrumental hip-hop track,extremely intense,"instrumental hip-hop track, extremely intense",5.9,-18.910780065999667,0.1732977032661438,6.2,0.2259048521518707
corpus/ace__hiphop_L9_verb__s4.wav,ace,hiphop_L9_verb,4,hiphop,9,verbal,instrumental hip-hop track,extremely intense,"instrumental hip-hop track, extremely intense",4.2,-18.69739155009626,0.1675217002630233,4.5,0.2190559804439544
corpus/ace__hiphop_L9_verb__s5.wav,ace,hiphop_L9_verb,5,hiphop,9,verbal,instrumental hip-hop track,extremely intense,"instrumental hip-hop track, extremely intense",3.7,-24.22461925943696,-0.1192124187946319,3.7,0.0668452382087707
corpus/ace__orchestral_L1_num__s0.wav,ace,orchestral_L1_num,0,orchestral,1,numeric,instrumental orchestral track,energy level 1 out of 11,"instrumental orchestral track, energy level 1 out of 11",3.7,-17.926235485493663,0.0524307340383529,4.1,0.0554670393466949
corpus/ace__orchestral_L1_num__s1.wav,ace,orchestral_L1_num,1,orchestral,1,numeric,instrumental orchestral track,energy level 1 out of 11,"instrumental orchestral track, energy level 1 out of 11",4.4,-19.48952308116065,0.300557017326355,5.2,0.2921705842018127
corpus/ace__orchestral_L1_num__s2.wav,ace,orchestral_L1_num,2,orchestral,1,numeric,instrumental orchestral track,energy level 1 out of 11,"instrumental orchestral track, energy level 1 out of 11",5.2,-16.940965773564816,0.3321976065635681,5.5,0.3095736801624298
corpus/ace__orchestral_L1_num__s3.wav,ace,orchestral_L1_num,3,orchestral,1,numeric,instrumental orchestral track,energy level 1 out of 11,"instrumental orchestral track, energy level 1 out of 11",4.1,-21.96684928317711,0.2033781111240387,4.5,0.2255032658576965
corpus/ace__orchestral_L1_num__s4.wav,ace,orchestral_L1_num,4,orchestral,1,numeric,instrumental orchestral track,energy level 1 out of 11,"instrumental orchestral track, energy level 1 out of 11",4.1,-17.82083004430208,0.217201828956604,4.4,0.2434430718421936
corpus/ace__orchestral_L1_num__s5.wav,ace,orchestral_L1_num,5,orchestral,1,numeric,instrumental orchestral track,energy level 1 out of 11,"instrumental orchestral track, energy level 1 out of 11",4.5,-18.026617683885608,0.2614683210849762,5.2,0.2635363340377807
corpus/ace__orchestral_L1_verb__s0.wav,ace,orchestral_L1_verb,0,orchestral,1,verbal,instrumental orchestral track,very calm,"instrumental orchestral track, very calm",3.7,-18.888146992347483,0.0035033822059631,3.7,-0.0447112917900085
corpus/ace__orchestral_L1_verb__s1.wav,ace,orchestral_L1_verb,1,orchestral,1,verbal,instrumental orchestral track,very calm,"instrumental orchestral track, very calm",3.7,-19.42827002630811,-0.0128432661294937,4.1,0.1239428222179412
corpus/ace__orchestral_L1_verb__s2.wav,ace,orchestral_L1_verb,2,orchestral,1,verbal,instrumental orchestral track,very calm,"instrumental orchestral track, very calm",3.7,-18.235075936484897,0.0132224559783935,3.8,0.232617050409317
corpus/ace__orchestral_L1_verb__s3.wav,ace,orchestral_L1_verb,3,orchestral,1,verbal,instrumental orchestral track,very calm,"instrumental orchestral track, very calm",3.7,-18.910138428953733,-0.054077535867691,3.7,0.1412702947854995
corpus/ace__orchestral_L1_verb__s4.wav,ace,orchestral_L1_verb,4,orchestral,1,verbal,instrumental orchestral track,very calm,"instrumental orchestral track, very calm",3.7,-17.603889756065215,0.0485368221998214,4.1,0.0821812152862548
corpus/ace__orchestral_L1_verb__s5.wav,ace,orchestral_L1_verb,5,orchestral,1,verbal,instrumental orchestral track,very calm,"instrumental orchestral track, very calm",3.7,-18.408068736840608,0.0807549953460693,3.7,0.1168784350156784
corpus/ace__orchestral_L3_num__s0.wav,ace,orchestral_L3_num,0,orchestral,3,numeric,instrumental orchestral track,energy level 3 out of 11,"instrumental orchestral track, energy level 3 out of 11",3.7,-18.231108975235323,0.014291301369667,3.7,0.0641895234584808
corpus/ace__orchestral_L3_num__s1.wav,ace,orchestral_L3_num,1,orchestral,3,numeric,instrumental orchestral track,energy level 3 out of 11,"instrumental orchestral track, energy level 3 out of 11",4.0,-19.25125808152505,0.1002618595957756,4.2,0.1866096705198288
corpus/ace__orchestral_L3_num__s2.wav,ace,orchestral_L3_num,2,orchestral,3,numeric,instrumental orchestral track,energy level 3 out of 11,"instrumental orchestral track, energy level 3 out of 11",3.7,-18.04627477276762,0.2360879033803939,4.1,0.2505674064159393
corpus/ace__orchestral_L3_num__s3.wav,ace,orchestral_L3_num,3,orchestral,3,numeric,instrumental orchestral track,energy level 3 out of 11,"instrumental orchestral track, energy level 3 out of 11",4.1,-18.380030343401085,0.1308604329824447,4.5,0.2721860408782959
corpus/ace__orchestral_L3_num__s4.wav,ace,orchestral_L3_num,4,orchestral,3,numeric,instrumental orchestral track,energy level 3 out of 11,"instrumental orchestral track, energy level 3 out of 11",3.7,-21.146762213987365,-0.0975124612450599,4.1,-0.0149138197302818
corpus/ace__orchestral_L3_num__s5.wav,ace,orchestral_L3_num,5,orchestral,3,numeric,instrumental orchestral track,energy level 3 out of 11,"instrumental orchestral track, energy level 3 out of 11",3.8,-18.75283341084285,0.2185193598270416,4.1,0.1162228062748909
corpus/ace__orchestral_L3_verb__s0.wav,ace,orchestral_L3_verb,0,orchestral,3,verbal,instrumental orchestral track,calm,"instrumental orchestral track, calm",3.7,-20.221833785333043,-0.1543528139591217,4.1,-0.0613933950662612
corpus/ace__orchestral_L3_verb__s1.wav,ace,orchestral_L3_verb,1,orchestral,3,verbal,instrumental orchestral track,calm,"instrumental orchestral track, calm",4.1,-17.344139574466386,0.1109126955270767,4.4,0.1236422285437583
corpus/ace__orchestral_L3_verb__s2.wav,ace,orchestral_L3_verb,2,orchestral,3,verbal,instrumental orchestral track,calm,"instrumental orchestral track, calm",4.1,-17.380750822060204,0.263476699590683,4.1,0.1981683075428009
corpus/ace__orchestral_L3_verb__s3.wav,ace,orchestral_L3_verb,3,orchestral,3,verbal,instrumental orchestral track,calm,"instrumental orchestral track, calm",3.7,-21.08665362694468,0.0393294692039489,3.8,-0.0118396878242492
corpus/ace__orchestral_L3_verb__s4.wav,ace,orchestral_L3_verb,4,orchestral,3,verbal,instrumental orchestral track,calm,"instrumental orchestral track, calm",4.1,-18.720217186352347,0.0849621146917343,4.4,0.1984772682189941
corpus/ace__orchestral_L3_verb__s5.wav,ace,orchestral_L3_verb,5,orchestral,3,verbal,instrumental orchestral track,calm,"instrumental orchestral track, calm",3.7,-18.88286710197968,0.0847230702638626,3.8,0.04510298371315
corpus/ace__orchestral_L5_num__s0.wav,ace,orchestral_L5_num,0,orchestral,5,numeric,instrumental orchestral track,energy level 5 out of 11,"instrumental orchestral track, energy level 5 out of 11",3.7,-18.156178829976533,0.0551453605294227,3.8,0.224078893661499
corpus/ace__orchestral_L5_num__s1.wav,ace,orchestral_L5_num,1,orchestral,5,numeric,instrumental orchestral track,energy level 5 out of 11,"instrumental orchestral track, energy level 5 out of 11",4.1,-18.464965172670603,0.146797776222229,4.4,0.1611323207616806
corpus/ace__orchestral_L5_num__s2.wav,ace,orchestral_L5_num,2,orchestral,5,numeric,instrumental orchestral track,energy level 5 out of 11,"instrumental orchestral track, energy level 5 out of 11",3.7,-17.960534975769487,0.0109630972146987,4.1,0.0215657204389572
corpus/ace__orchestral_L5_num__s3.wav,ace,orchestral_L5_num,3,orchestral,5,numeric,instrumental orchestral track,energy level 5 out of 11,"instrumental orchestral track, energy level 5 out of 11",3.7,-21.80109812966824,-0.0166662633419036,4.1,0.0166217610239982
corpus/ace__orchestral_L5_num__s4.wav,ace,orchestral_L5_num,4,orchestral,5,numeric,instrumental orchestral track,energy level 5 out of 11,"instrumental orchestral track, energy level 5 out of 11",4.1,-17.63320084768458,0.0750897452235221,4.5,0.0907672494649887
corpus/ace__orchestral_L5_num__s5.wav,ace,orchestral_L5_num,5,orchestral,5,numeric,instrumental orchestral track,energy level 5 out of 11,"instrumental orchestral track, energy level 5 out of 11",4.1,-18.95492610299145,0.3287037909030914,4.5,0.2911582589149475
corpus/ace__orchestral_L5_verb__s0.wav,ace,orchestral_L5_verb,0,orchestral,5,verbal,instrumental orchestral track,moderate energy,"instrumental orchestral track, moderate energy",3.8,-19.66961830898289,0.0345697999000549,4.1,-0.0080240964889526
corpus/ace__orchestral_L5_verb__s1.wav,ace,orchestral_L5_verb,1,orchestral,5,verbal,instrumental orchestral track,moderate energy,"instrumental orchestral track, moderate energy",4.1,-18.12074121640729,0.2205976396799087,4.4,0.2449314296245575
corpus/ace__orchestral_L5_verb__s2.wav,ace,orchestral_L5_verb,2,orchestral,5,verbal,instrumental orchestral track,moderate energy,"instrumental orchestral track, moderate energy",4.4,-18.47452749758613,0.2007230818271637,5.2,0.2280966639518737
corpus/ace__orchestral_L5_verb__s3.wav,ace,orchestral_L5_verb,3,orchestral,5,verbal,instrumental orchestral track,moderate energy,"instrumental orchestral track, moderate energy",4.1,-18.797484588692928,0.0665111243724823,4.4,0.1123041361570358
corpus/ace__orchestral_L5_verb__s4.wav,ace,orchestral_L5_verb,4,orchestral,5,verbal,instrumental orchestral track,moderate energy,"instrumental orchestral track, moderate energy",4.5,-19.19305732384441,0.1869649440050125,5.2,0.3033853769302368
corpus/ace__orchestral_L5_verb__s5.wav,ace,orchestral_L5_verb,5,orchestral,5,verbal,instrumental orchestral track,moderate energy,"instrumental orchestral track, moderate energy",3.7,-19.798980200162703,0.0459549948573112,4.1,0.1757816076278686
corpus/ace__orchestral_L7_num__s0.wav,ace,orchestral_L7_num,0,orchestral,7,numeric,instrumental orchestral track,energy level 7 out of 11,"instrumental orchestral track, energy level 7 out of 11",3.8,-19.26690743226764,0.1418769508600235,4.1,0.2467787265777588
corpus/ace__orchestral_L7_num__s1.wav,ace,orchestral_L7_num,1,orchestral,7,numeric,instrumental orchestral track,energy level 7 out of 11,"instrumental orchestral track, energy level 7 out of 11",3.8,-17.916734361212008,0.1878900229930877,4.1,0.1181843727827072
corpus/ace__orchestral_L7_num__s2.wav,ace,orchestral_L7_num,2,orchestral,7,numeric,instrumental orchestral track,energy level 7 out of 11,"instrumental orchestral track, energy level 7 out of 11",5.9,-19.169526323748617,0.3865577578544616,6.2,0.3700064122676849
corpus/ace__orchestral_L7_num__s3.wav,ace,orchestral_L7_num,3,orchestral,7,numeric,instrumental orchestral track,energy level 7 out of 11,"instrumental orchestral track, energy level 7 out of 11",3.7,-19.157890601890504,-0.0552187860012054,3.7,0.0824626088142395
corpus/ace__orchestral_L7_num__s4.wav,ace,orchestral_L7_num,4,orchestral,7,numeric,instrumental orchestral track,energy level 7 out of 11,"instrumental orchestral track, energy level 7 out of 11",4.1,-19.44817056094174,0.0007373094558715,4.5,0.3460213541984558
corpus/ace__orchestral_L7_num__s5.wav,ace,orchestral_L7_num,5,orchestral,7,numeric,instrumental orchestral track,energy level 7 out of 11,"instrumental orchestral track, energy level 7 out of 11",4.0,-17.422913656444177,0.2791578769683838,4.1,0.2852201461791992
corpus/ace__orchestral_L7_verb__s0.wav,ace,orchestral_L7_verb,0,orchestral,7,verbal,instrumental orchestral track,energetic,"instrumental orchestral track, energetic",4.4,-18.53534074059622,0.2691798806190491,4.8,0.2687368094921112
corpus/ace__orchestral_L7_verb__s1.wav,ace,orchestral_L7_verb,1,orchestral,7,verbal,instrumental orchestral track,energetic,"instrumental orchestral track, energetic",4.1,-17.774308499163283,0.3168317079544067,4.5,0.3587481081485748
corpus/ace__orchestral_L7_verb__s2.wav,ace,orchestral_L7_verb,2,orchestral,7,verbal,instrumental orchestral track,energetic,"instrumental orchestral track, energetic",5.2,-18.097330375141368,0.2802281975746155,5.5,0.2943975925445556
corpus/ace__orchestral_L7_verb__s3.wav,ace,orchestral_L7_verb,3,orchestral,7,verbal,instrumental orchestral track,energetic,"instrumental orchestral track, energetic",4.1,-18.27264343942461,0.2826017141342163,4.5,0.3059635460376739
corpus/ace__orchestral_L7_verb__s4.wav,ace,orchestral_L7_verb,4,orchestral,7,verbal,instrumental orchestral track,energetic,"instrumental orchestral track, energetic",4.5,-18.08492467053644,0.2222322970628738,5.2,0.3337684273719787
corpus/ace__orchestral_L7_verb__s5.wav,ace,orchestral_L7_verb,5,orchestral,7,verbal,instrumental orchestral track,energetic,"instrumental orchestral track, energetic",4.1,-18.83039895347628,0.2245420217514038,4.5,0.2361771017313003
corpus/ace__orchestral_L9_num__s0.wav,ace,orchestral_L9_num,0,orchestral,9,numeric,instrumental orchestral track,energy level 9 out of 11,"instrumental orchestral track, energy level 9 out of 11",3.7,-18.6578636725142,0.1563855707645416,4.1,0.2636972069740295
corpus/ace__orchestral_L9_num__s1.wav,ace,orchestral_L9_num,1,orchestral,9,numeric,instrumental orchestral track,energy level 9 out of 11,"instrumental orchestral track, energy level 9 out of 11",4.4,-18.4434485736402,0.2138177305459976,5.2,0.2270486503839492
corpus/ace__orchestral_L9_num__s2.wav,ace,orchestral_L9_num,2,orchestral,9,numeric,instrumental orchestral track,energy level 9 out of 11,"instrumental orchestral track, energy level 9 out of 11",4.1,-19.351565688108977,0.1182421967387199,4.5,0.1783919036388397
corpus/ace__orchestral_L9_num__s3.wav,ace,orchestral_L9_num,3,orchestral,9,numeric,instrumental orchestral track,energy level 9 out of 11,"instrumental orchestral track, energy level 9 out of 11",4.5,-19.36928723505284,0.2970161736011505,5.2,0.285324215888977
corpus/ace__orchestral_L9_num__s4.wav,ace,orchestral_L9_num,4,orchestral,9,numeric,instrumental orchestral track,energy level 9 out of 11,"instrumental orchestral track, energy level 9 out of 11",5.2,-19.07024387238501,0.033985823392868,5.9,0.0690041780471801
corpus/ace__orchestral_L9_num__s5.wav,ace,orchestral_L9_num,5,orchestral,9,numeric,instrumental orchestral track,energy level 9 out of 11,"instrumental orchestral track, energy level 9 out of 11",4.1,-18.567448770874886,0.1084850952029228,4.4,0.1690227687358856
corpus/ace__orchestral_L9_verb__s0.wav,ace,orchestral_L9_verb,0,orchestral,9,verbal,instrumental orchestral track,extremely intense,"instrumental orchestral track, extremely intense",4.1,-17.263208949107405,0.2141035497188568,4.4,0.326896995306015
corpus/ace__orchestral_L9_verb__s1.wav,ace,orchestral_L9_verb,1,orchestral,9,verbal,instrumental orchestral track,extremely intense,"instrumental orchestral track, extremely intense",3.8,-17.69872703535307,0.2374933660030365,4.1,0.2335506826639175
corpus/ace__orchestral_L9_verb__s2.wav,ace,orchestral_L9_verb,2,orchestral,9,verbal,instrumental orchestral track,extremely intense,"instrumental orchestral track, extremely intense",3.7,-19.38806086830296,-0.0635470598936081,4.0,0.033067300915718
corpus/ace__orchestral_L9_verb__s3.wav,ace,orchestral_L9_verb,3,orchestral,9,verbal,instrumental orchestral track,extremely intense,"instrumental orchestral track, extremely intense",4.1,-19.16657672202629,0.2118940353393554,4.8,0.3116735816001892
corpus/ace__orchestral_L9_verb__s4.wav,ace,orchestral_L9_verb,4,orchestral,9,verbal,instrumental orchestral track,extremely intense,"instrumental orchestral track, extremely intense",4.5,-19.64597400894838,0.3905844092369079,5.2,0.3478787243366241
corpus/ace__orchestral_L9_verb__s5.wav,ace,orchestral_L9_verb,5,orchestral,9,verbal,instrumental orchestral track,extremely intense,"instrumental orchestral track, extremely intense",4.1,-19.52335103263525,0.3332698345184326,4.5,0.2153528779745102
corpus/ace__rock_L1_num__s0.wav,ace,rock_L1_num,0,rock,1,numeric,instrumental rock track,energy level 1 out of 11,"instrumental rock track, energy level 1 out of 11",5.2,-18.651429369957413,0.1306498050689697,6.0,0.1166426241397857
corpus/ace__rock_L1_num__s1.wav,ace,rock_L1_num,1,rock,1,numeric,instrumental rock track,energy level 1 out of 11,"instrumental rock track, energy level 1 out of 11",6.0,-18.662286245787566,0.3004369735717773,6.4,0.3194949626922607
corpus/ace__rock_L1_num__s2.wav,ace,rock_L1_num,2,rock,1,numeric,instrumental rock track,energy level 1 out of 11,"instrumental rock track, energy level 1 out of 11",5.2,-16.88613102236057,0.2934865355491638,5.5,0.2618750333786011
corpus/ace__rock_L1_num__s3.wav,ace,rock_L1_num,3,rock,1,numeric,instrumental rock track,energy level 1 out of 11,"instrumental rock track, energy level 1 out of 11",5.2,-17.771168167621756,0.2706558108329773,5.5,0.2980366945266723
corpus/ace__rock_L1_num__s4.wav,ace,rock_L1_num,4,rock,1,numeric,instrumental rock track,energy level 1 out of 11,"instrumental rock track, energy level 1 out of 11",5.2,-19.71128989450683,0.4198567867279053,6.0,0.4189360737800598
corpus/ace__rock_L1_num__s5.wav,ace,rock_L1_num,5,rock,1,numeric,instrumental rock track,energy level 1 out of 11,"instrumental rock track, energy level 1 out of 11",4.4,-16.97278873024308,0.2823303043842315,4.8,0.2228524833917617
corpus/ace__rock_L1_verb__s0.wav,ace,rock_L1_verb,0,rock,1,verbal,instrumental rock track,very calm,"instrumental rock track, very calm",4.4,-18.442990737905347,0.1146941184997558,5.2,0.2417197525501251
corpus/ace__rock_L1_verb__s1.wav,ace,rock_L1_verb,1,rock,1,verbal,instrumental rock track,very calm,"instrumental rock track, very calm",4.5,-18.10993486827841,0.2583584785461426,5.2,0.3475714325904846
corpus/ace__rock_L1_verb__s2.wav,ace,rock_L1_verb,2,rock,1,verbal,instrumental rock track,very calm,"instrumental rock track, very calm",4.0,-18.33759000060527,0.1557254195213318,4.1,0.2290901839733123
corpus/ace__rock_L1_verb__s3.wav,ace,rock_L1_verb,3,rock,1,verbal,instrumental rock track,very calm,"instrumental rock track, very calm",3.7,-20.51599480121389,-0.0299301296472549,3.7,0.0676504671573638
corpus/ace__rock_L1_verb__s4.wav,ace,rock_L1_verb,4,rock,1,verbal,instrumental rock track,very calm,"instrumental rock track, very calm",4.5,-17.77585688252319,0.1968182474374771,5.2,0.2697656452655792
corpus/ace__rock_L1_verb__s5.wav,ace,rock_L1_verb,5,rock,1,verbal,instrumental rock track,very calm,"instrumental rock track, very calm",3.7,-20.23627814660761,0.072000041604042,4.1,0.1222598105669021
corpus/ace__rock_L3_num__s0.wav,ace,rock_L3_num,0,rock,3,numeric,instrumental rock track,energy level 3 out of 11,"instrumental rock track, energy level 3 out of 11",4.1,-18.50366082787176,0.1616401970386505,4.5,0.2307933121919632
corpus/ace__rock_L3_num__s1.wav,ace,rock_L3_num,1,rock,3,numeric,instrumental rock track,energy level 3 out of 11,"instrumental rock track, energy level 3 out of 11",5.2,-17.41606527897823,0.2933513224124908,6.0,0.3061818480491638
corpus/ace__rock_L3_num__s2.wav,ace,rock_L3_num,2,rock,3,numeric,instrumental rock track,energy level 3 out of 11,"instrumental rock track, energy level 3 out of 11",5.2,-18.19501065289641,0.3521379828453064,5.5,0.4396353363990783
corpus/ace__rock_L3_num__s3.wav,ace,rock_L3_num,3,rock,3,numeric,instrumental rock track,energy level 3 out of 11,"instrumental rock track, energy level 3 out of 11",4.4,-18.347065238262136,0.359040230512619,4.8,0.3849874138832092
corpus/ace__rock_L3_num__s4.wav,ace,rock_L3_num,4,rock,3,numeric,instrumental rock track,energy level 3 out of 11,"instrumental rock track, energy level 3 out of 11",4.5,-20.933051758463364,0.2105666100978851,5.5,0.2316936552524566
corpus/ace__rock_L3_num__s5.wav,ace,rock_L3_num,5,rock,3,numeric,instrumental rock track,energy level 3 out of 11,"instrumental rock track, energy level 3 out of 11",4.5,-17.20889510600665,0.2220176011323928,5.2,0.144154354929924
corpus/ace__rock_L3_verb__s0.wav,ace,rock_L3_verb,0,rock,3,verbal,instrumental rock track,calm,"instrumental rock track, calm",4.5,-19.29300790234709,0.1212432533502578,5.2,0.2254610508680343
corpus/ace__rock_L3_verb__s1.wav,ace,rock_L3_verb,1,rock,3,verbal,instrumental rock track,calm,"instrumental rock track, calm",3.7,-18.40414446505472,0.0879443287849426,4.1,0.1025674790143966
corpus/ace__rock_L3_verb__s2.wav,ace,rock_L3_verb,2,rock,3,verbal,instrumental rock track,calm,"instrumental rock track, calm",5.2,-17.290422344738555,0.1631142646074295,5.9,0.395096480846405
corpus/ace__rock_L3_verb__s3.wav,ace,rock_L3_verb,3,rock,3,verbal,instrumental rock track,calm,"instrumental rock track, calm",3.7,-22.23120567494851,0.0345460250973701,3.7,0.0742778182029724
corpus/ace__rock_L3_verb__s4.wav,ace,rock_L3_verb,4,rock,3,verbal,instrumental rock track,calm,"instrumental rock track, calm",4.4,-17.526694159232292,0.2402231842279434,4.5,0.2551162540912628
corpus/ace__rock_L3_verb__s5.wav,ace,rock_L3_verb,5,rock,3,verbal,instrumental rock track,calm,"instrumental rock track, calm",3.7,-17.95894095987615,0.1480441689491272,4.1,0.2035395503044128
corpus/ace__rock_L5_num__s0.wav,ace,rock_L5_num,0,rock,5,numeric,instrumental rock track,energy level 5 out of 11,"instrumental rock track, energy level 5 out of 11",4.5,-19.50266229640041,0.2907314300537109,5.5,0.3458425998687744
corpus/ace__rock_L5_num__s1.wav,ace,rock_L5_num,1,rock,5,numeric,instrumental rock track,energy level 5 out of 11,"instrumental rock track, energy level 5 out of 11",4.5,-19.317102946754595,0.2458615601062774,5.5,0.1994203776121139
corpus/ace__rock_L5_num__s2.wav,ace,rock_L5_num,2,rock,5,numeric,instrumental rock track,energy level 5 out of 11,"instrumental rock track, energy level 5 out of 11",5.2,-16.65838793737856,0.2598002552986145,5.5,0.2670097947120666
corpus/ace__rock_L5_num__s3.wav,ace,rock_L5_num,3,rock,5,numeric,instrumental rock track,energy level 5 out of 11,"instrumental rock track, energy level 5 out of 11",5.2,-18.892116693669013,0.3147110939025879,5.9,0.3545980453491211
corpus/ace__rock_L5_num__s4.wav,ace,rock_L5_num,4,rock,5,numeric,instrumental rock track,energy level 5 out of 11,"instrumental rock track, energy level 5 out of 11",4.1,-18.42781330324822,0.2663795948028564,4.5,0.2181055843830108
corpus/ace__rock_L5_num__s5.wav,ace,rock_L5_num,5,rock,5,numeric,instrumental rock track,energy level 5 out of 11,"instrumental rock track, energy level 5 out of 11",4.5,-18.502929396715395,0.1933238059282302,5.2,0.108109101653099
corpus/ace__rock_L5_verb__s0.wav,ace,rock_L5_verb,0,rock,5,verbal,instrumental rock track,moderate energy,"instrumental rock track, moderate energy",4.1,-17.917086668910436,0.0411853343248367,4.4,0.0754821747541427
corpus/ace__rock_L5_verb__s1.wav,ace,rock_L5_verb,1,rock,5,verbal,instrumental rock track,moderate energy,"instrumental rock track, moderate energy",5.2,-19.58982159150481,0.1362363696098327,6.0,0.2000577002763748
corpus/ace__rock_L5_verb__s2.wav,ace,rock_L5_verb,2,rock,5,verbal,instrumental rock track,moderate energy,"instrumental rock track, moderate energy",4.5,-17.60839627646397,0.2118465155363083,5.2,0.2834255397319793
corpus/ace__rock_L5_verb__s3.wav,ace,rock_L5_verb,3,rock,5,verbal,instrumental rock track,moderate energy,"instrumental rock track, moderate energy",4.5,-18.549350296575053,0.2471756339073181,5.2,0.1963007450103759
corpus/ace__rock_L5_verb__s4.wav,ace,rock_L5_verb,4,rock,5,verbal,instrumental rock track,moderate energy,"instrumental rock track, moderate energy",5.2,-19.18785893646693,0.213251456618309,5.5,0.2225230634212494
corpus/ace__rock_L5_verb__s5.wav,ace,rock_L5_verb,5,rock,5,verbal,instrumental rock track,moderate energy,"instrumental rock track, moderate energy",4.5,-19.404625358900063,0.1515572667121887,5.5,0.1866473257541656
corpus/ace__rock_L7_num__s0.wav,ace,rock_L7_num,0,rock,7,numeric,instrumental rock track,energy level 7 out of 11,"instrumental rock track, energy level 7 out of 11",4.4,-17.455405440728388,0.2153709530830383,5.2,-0.0022301077842712
corpus/ace__rock_L7_num__s1.wav,ace,rock_L7_num,1,rock,7,numeric,instrumental rock track,energy level 7 out of 11,"instrumental rock track, energy level 7 out of 11",4.1,-17.88305357344991,-0.0258028954267501,4.2,0.0138185247778892
corpus/ace__rock_L7_num__s2.wav,ace,rock_L7_num,2,rock,7,numeric,instrumental rock track,energy level 7 out of 11,"instrumental rock track, energy level 7 out of 11",5.5,-18.52311122976958,0.2250626981258392,6.0,0.321767657995224
corpus/ace__rock_L7_num__s3.wav,ace,rock_L7_num,3,rock,7,numeric,instrumental rock track,energy level 7 out of 11,"instrumental rock track, energy level 7 out of 11",3.7,-19.03544421618737,0.1296985447406768,4.1,0.1384406685829162
corpus/ace__rock_L7_num__s4.wav,ace,rock_L7_num,4,rock,7,numeric,instrumental rock track,energy level 7 out of 11,"instrumental rock track, energy level 7 out of 11",5.2,-20.589800903895416,0.2733035683631897,6.0,0.2853140234947204
corpus/ace__rock_L7_num__s5.wav,ace,rock_L7_num,5,rock,7,numeric,instrumental rock track,energy level 7 out of 11,"instrumental rock track, energy level 7 out of 11",5.2,-18.131108771160108,0.2312739193439483,5.5,0.2400956451892852
corpus/ace__rock_L7_verb__s0.wav,ace,rock_L7_verb,0,rock,7,verbal,instrumental rock track,energetic,"instrumental rock track, energetic",5.2,-17.329448236372176,0.3618203699588775,5.5,0.2512979507446289
corpus/ace__rock_L7_verb__s1.wav,ace,rock_L7_verb,1,rock,7,verbal,instrumental rock track,energetic,"instrumental rock track, energetic",5.2,-17.591265449392097,0.3452059328556061,5.9,0.3277108669281006
corpus/ace__rock_L7_verb__s2.wav,ace,rock_L7_verb,2,rock,7,verbal,instrumental rock track,energetic,"instrumental rock track, energetic",4.5,-16.27763387723796,0.2261069566011428,4.5,0.310857892036438
corpus/ace__rock_L7_verb__s3.wav,ace,rock_L7_verb,3,rock,7,verbal,instrumental rock track,energetic,"instrumental rock track, energetic",5.5,-17.99725133792583,0.3094488382339477,6.0,0.2540179789066314
corpus/ace__rock_L7_verb__s4.wav,ace,rock_L7_verb,4,rock,7,verbal,instrumental rock track,energetic,"instrumental rock track, energetic",5.5,-16.869489259125938,0.3128330707550049,6.0,0.4024631679058075
corpus/ace__rock_L7_verb__s5.wav,ace,rock_L7_verb,5,rock,7,verbal,instrumental rock track,energetic,"instrumental rock track, energetic",5.2,-18.08948974916365,0.2883107662200928,6.0,0.2976603507995605
corpus/ace__rock_L9_num__s0.wav,ace,rock_L9_num,0,rock,9,numeric,instrumental rock track,energy level 9 out of 11,"instrumental rock track, energy level 9 out of 11",5.2,-19.43830249298341,0.3257933855056762,6.0,0.4137276709079742
corpus/ace__rock_L9_num__s1.wav,ace,rock_L9_num,1,rock,9,numeric,instrumental rock track,energy level 9 out of 11,"instrumental rock track, energy level 9 out of 11",4.5,-18.887303501182465,0.209508404135704,5.5,0.1262628436088562
corpus/ace__rock_L9_num__s2.wav,ace,rock_L9_num,2,rock,9,numeric,instrumental rock track,energy level 9 out of 11,"instrumental rock track, energy level 9 out of 11",5.2,-19.711209385594284,0.2421452850103378,6.0,0.2945094704627991
corpus/ace__rock_L9_num__s3.wav,ace,rock_L9_num,3,rock,9,numeric,instrumental rock track,energy level 9 out of 11,"instrumental rock track, energy level 9 out of 11",4.5,-19.05106438621637,0.1554469019174575,5.5,0.2378748506307602
corpus/ace__rock_L9_num__s4.wav,ace,rock_L9_num,4,rock,9,numeric,instrumental rock track,energy level 9 out of 11,"instrumental rock track, energy level 9 out of 11",5.2,-17.29933503757393,0.1891653686761856,5.9,0.2266542464494705
corpus/ace__rock_L9_num__s5.wav,ace,rock_L9_num,5,rock,9,numeric,instrumental rock track,energy level 9 out of 11,"instrumental rock track, energy level 9 out of 11",4.5,-17.34794725686371,0.3517314791679382,5.2,0.2617496252059936
corpus/ace__rock_L9_verb__s0.wav,ace,rock_L9_verb,0,rock,9,verbal,instrumental rock track,extremely intense,"instrumental rock track, extremely intense",5.2,-18.7788046179783,0.3639132380485534,6.0,0.3388241529464721
corpus/ace__rock_L9_verb__s1.wav,ace,rock_L9_verb,1,rock,9,verbal,instrumental rock track,extremely intense,"instrumental rock track, extremely intense",5.2,-18.187088864470333,0.3183438181877136,6.0,0.3041211366653442
corpus/ace__rock_L9_verb__s2.wav,ace,rock_L9_verb,2,rock,9,verbal,instrumental rock track,extremely intense,"instrumental rock track, extremely intense",5.2,-18.194916793590185,0.3412714600563049,6.0,0.4132798910140991
corpus/ace__rock_L9_verb__s3.wav,ace,rock_L9_verb,3,rock,9,verbal,instrumental rock track,extremely intense,"instrumental rock track, extremely intense",5.2,-17.504572067020383,0.2649810910224914,6.0,0.319331020116806
corpus/ace__rock_L9_verb__s4.wav,ace,rock_L9_verb,4,rock,9,verbal,instrumental rock track,extremely intense,"instrumental rock track, extremely intense",4.5,-18.688253812438315,0.2750637233257293,5.2,0.3266761302947998
corpus/ace__rock_L9_verb__s5.wav,ace,rock_L9_verb,5,rock,9,verbal,instrumental rock track,extremely intense,"instrumental rock track, extremely intense",5.2,-17.721926660734376,0.2350595891475677,5.5,0.2463874220848083
corpus/mgm__edm_L1_num__s0.wav,mgm,edm_L1_num,0,edm,1,numeric,instrumental electronic dance track,energy level 1 out of 11,"instrumental electronic dance track, energy level 1 out of 11",6.4,-17.437738283282137,0.3741355538368225,6.5,0.3449949026107788
corpus/mgm__edm_L1_num__s1.wav,mgm,edm_L1_num,1,edm,1,numeric,instrumental electronic dance track,energy level 1 out of 11,"instrumental electronic dance track, energy level 1 out of 11",6.5,-14.27951376078063,0.3497773706912994,6.5,0.3942827880382538
corpus/mgm__edm_L1_num__s2.wav,mgm,edm_L1_num,2,edm,1,numeric,instrumental electronic dance track,energy level 1 out of 11,"instrumental electronic dance track, energy level 1 out of 11",6.5,-10.576615795954543,0.3164583146572113,6.5,0.3506129384040832
corpus/mgm__edm_L1_num__s3.wav,mgm,edm_L1_num,3,edm,1,numeric,instrumental electronic dance track,energy level 1 out of 11,"instrumental electronic dance track, energy level 1 out of 11",5.9,-15.52113211634214,0.1006466448307037,6.0,0.1351596415042877
corpus/mgm__edm_L1_num__s4.wav,mgm,edm_L1_num,4,edm,1,numeric,instrumental electronic dance track,energy level 1 out of 11,"instrumental electronic dance track, energy level 1 out of 11",4.5,-15.262854589279373,0.241565927863121,5.2,0.2459279149770736
corpus/mgm__edm_L1_num__s5.wav,mgm,edm_L1_num,5,edm,1,numeric,instrumental electronic dance track,energy level 1 out of 11,"instrumental electronic dance track, energy level 1 out of 11",6.5,-11.771939979731826,0.1640049070119857,6.0,0.2786612510681152
corpus/mgm__edm_L1_verb__s0.wav,mgm,edm_L1_verb,0,edm,1,verbal,instrumental electronic dance track,very calm,"instrumental electronic dance track, very calm",6.5,-12.93348453863407,0.3370618224143982,6.5,0.3211982250213623
corpus/mgm__edm_L1_verb__s1.wav,mgm,edm_L1_verb,1,edm,1,verbal,instrumental electronic dance track,very calm,"instrumental electronic dance track, very calm",6.4,-19.01787718330757,0.3283593654632568,6.5,0.3351752758026123
corpus/mgm__edm_L1_verb__s2.wav,mgm,edm_L1_verb,2,edm,1,verbal,instrumental electronic dance track,very calm,"instrumental electronic dance track, very calm",6.4,-19.189289083433223,0.4437947273254394,6.5,0.4841428399085998
corpus/mgm__edm_L1_verb__s3.wav,mgm,edm_L1_verb,3,edm,1,verbal,instrumental electronic dance track,very calm,"instrumental electronic dance track, very calm",5.5,-17.95019589616944,0.1831474751234054,6.2,0.2263851165771484
corpus/mgm__edm_L1_verb__s4.wav,mgm,edm_L1_verb,4,edm,1,verbal,instrumental electronic dance track,very calm,"instrumental electronic dance track, very calm",5.2,-14.49089325770189,0.1564987301826477,5.2,0.1947511881589889
corpus/mgm__edm_L1_verb__s5.wav,mgm,edm_L1_verb,5,edm,1,verbal,instrumental electronic dance track,very calm,"instrumental electronic dance track, very calm",5.2,-19.60026641967582,0.099942147731781,6.2,0.1127907186746597
corpus/mgm__edm_L3_num__s0.wav,mgm,edm_L3_num,0,edm,3,numeric,instrumental electronic dance track,energy level 3 out of 11,"instrumental electronic dance track, energy level 3 out of 11",6.0,-17.015993207767007,0.3443437218666076,6.4,0.3203484117984772
corpus/mgm__edm_L3_num__s1.wav,mgm,edm_L3_num,1,edm,3,numeric,instrumental electronic dance track,energy level 3 out of 11,"instrumental electronic dance track, energy level 3 out of 11",6.5,-11.883543553892824,0.3284481763839721,6.4,0.3164312839508056
corpus/mgm__edm_L3_num__s2.wav,mgm,edm_L3_num,2,edm,3,numeric,instrumental electronic dance track,energy level 3 out of 11,"instrumental electronic dance track, energy level 3 out of 11",6.5,-14.059158499804282,0.2691182494163513,6.5,0.3121497929096222
corpus/mgm__edm_L3_num__s3.wav,mgm,edm_L3_num,3,edm,3,numeric,instrumental electronic dance track,energy level 3 out of 11,"instrumental electronic dance track, energy level 3 out of 11",6.4,-17.729978200939797,0.1248158514499664,6.5,0.4263215065002441
corpus/mgm__edm_L3_num__s4.wav,mgm,edm_L3_num,4,edm,3,numeric,instrumental electronic dance track,energy level 3 out of 11,"instrumental electronic dance track, energy level 3 out of 11",6.4,-17.735653746978766,0.0947212427854538,6.5,0.2352416962385177
corpus/mgm__edm_L3_num__s5.wav,mgm,edm_L3_num,5,edm,3,numeric,instrumental electronic dance track,energy level 3 out of 11,"instrumental electronic dance track, energy level 3 out of 11",6.4,-19.627235125910683,0.2116867154836654,6.5,0.3271945118904114
corpus/mgm__edm_L3_verb__s0.wav,mgm,edm_L3_verb,0,edm,3,verbal,instrumental electronic dance track,calm,"instrumental electronic dance track, calm",6.5,-14.77460773291232,0.4419549405574798,6.5,0.3724672198295593
corpus/mgm__edm_L3_verb__s1.wav,mgm,edm_L3_verb,1,edm,3,verbal,instrumental electronic dance track,calm,"instrumental electronic dance track, calm",6.5,-11.171128962788742,0.3521595299243927,6.5,0.404905617237091
corpus/mgm__edm_L3_verb__s2.wav,mgm,edm_L3_verb,2,edm,3,verbal,instrumental electronic dance track,calm,"instrumental electronic dance track, calm",6.4,-15.161405509871312,0.3880857825279236,6.4,0.4044049084186554
corpus/mgm__edm_L3_verb__s3.wav,mgm,edm_L3_verb,3,edm,3,verbal,instrumental electronic dance track,calm,"instrumental electronic dance track, calm",6.2,-16.23946334428053,0.2243174612522125,6.4,0.2283148467540741
corpus/mgm__edm_L3_verb__s4.wav,mgm,edm_L3_verb,4,edm,3,verbal,instrumental electronic dance track,calm,"instrumental electronic dance track, calm",6.2,-14.164478488758258,0.1543683111667633,6.2,0.2294171452522277
corpus/mgm__edm_L3_verb__s5.wav,mgm,edm_L3_verb,5,edm,3,verbal,instrumental electronic dance track,calm,"instrumental electronic dance track, calm",6.5,-16.83707064559587,0.4274517595767975,6.5,0.42995485663414
corpus/mgm__edm_L5_num__s0.wav,mgm,edm_L5_num,0,edm,5,numeric,instrumental electronic dance track,energy level 5 out of 11,"instrumental electronic dance track, energy level 5 out of 11",6.4,-17.74562279859022,0.0819421112537384,6.5,0.1287673562765121
corpus/mgm__edm_L5_num__s1.wav,mgm,edm_L5_num,1,edm,5,numeric,instrumental electronic dance track,energy level 5 out of 11,"instrumental electronic dance track, energy level 5 out of 11",6.5,-14.351595376685884,0.336046040058136,6.5,0.3106638789176941
corpus/mgm__edm_L5_num__s2.wav,mgm,edm_L5_num,2,edm,5,numeric,instrumental electronic dance track,energy level 5 out of 11,"instrumental electronic dance track, energy level 5 out of 11",5.2,-19.772142465203164,0.2308175265789032,6.0,0.2397034764289856
corpus/mgm__edm_L5_num__s3.wav,mgm,edm_L5_num,3,edm,5,numeric,instrumental electronic dance track,energy level 5 out of 11,"instrumental electronic dance track, energy level 5 out of 11",5.9,-18.461850423742344,0.3143459558486938,6.4,0.3702461421489715
corpus/mgm__edm_L5_num__s4.wav,mgm,edm_L5_num,4,edm,5,numeric,instrumental electronic dance track,energy level 5 out of 11,"instrumental electronic dance track, energy level 5 out of 11",6.5,-21.170718478571807,0.3899146914482116,6.5,0.2926145195960998
corpus/mgm__edm_L5_num__s5.wav,mgm,edm_L5_num,5,edm,5,numeric,instrumental electronic dance track,energy level 5 out of 11,"instrumental electronic dance track, energy level 5 out of 11",6.5,-12.77947649213592,0.4785220623016357,6.5,0.4025973379611969
corpus/mgm__edm_L5_verb__s0.wav,mgm,edm_L5_verb,0,edm,5,verbal,instrumental electronic dance track,moderate energy,"instrumental electronic dance track, moderate energy",6.0,-29.583020015485484,0.2010334581136703,6.4,0.0007438659667968
corpus/mgm__edm_L5_verb__s1.wav,mgm,edm_L5_verb,1,edm,5,verbal,instrumental electronic dance track,moderate energy,"instrumental electronic dance track, moderate energy",5.9,-19.2427651659678,0.2855278253555298,6.4,0.2863949239253998
corpus/mgm__edm_L5_verb__s2.wav,mgm,edm_L5_verb,2,edm,5,verbal,instrumental electronic dance track,moderate energy,"instrumental electronic dance track, moderate energy",6.5,-20.128428082270563,0.3900760114192962,6.5,0.425478458404541
corpus/mgm__edm_L5_verb__s3.wav,mgm,edm_L5_verb,3,edm,5,verbal,instrumental electronic dance track,moderate energy,"instrumental electronic dance track, moderate energy",6.0,-16.111166687460265,0.2428764253854751,6.4,0.2547464966773987
corpus/mgm__edm_L5_verb__s4.wav,mgm,edm_L5_verb,4,edm,5,verbal,instrumental electronic dance track,moderate energy,"instrumental electronic dance track, moderate energy",6.2,-20.07774821537389,0.2337882667779922,6.5,0.3421007394790649
corpus/mgm__edm_L5_verb__s5.wav,mgm,edm_L5_verb,5,edm,5,verbal,instrumental electronic dance track,moderate energy,"instrumental electronic dance track, moderate energy",6.5,-25.26505641282133,0.3495493531227112,6.5,0.5187715888023376
corpus/mgm__edm_L7_num__s0.wav,mgm,edm_L7_num,0,edm,7,numeric,instrumental electronic dance track,energy level 7 out of 11,"instrumental electronic dance track, energy level 7 out of 11",6.0,-19.137901694464404,0.1280361860990524,6.4,0.1905867606401443
corpus/mgm__edm_L7_num__s1.wav,mgm,edm_L7_num,1,edm,7,numeric,instrumental electronic dance track,energy level 7 out of 11,"instrumental electronic dance track, energy level 7 out of 11",6.5,-23.97149463617762,0.1922743767499923,6.5,0.5050092935562134
corpus/mgm__edm_L7_num__s2.wav,mgm,edm_L7_num,2,edm,7,numeric,instrumental electronic dance track,energy level 7 out of 11,"instrumental electronic dance track, energy level 7 out of 11",6.0,-14.39781421113864,0.2209627479314804,6.0,0.2623651027679443
corpus/mgm__edm_L7_num__s3.wav,mgm,edm_L7_num,3,edm,7,numeric,instrumental electronic dance track,energy level 7 out of 11,"instrumental electronic dance track, energy level 7 out of 11",6.5,-17.216156224123367,0.366671085357666,6.5,0.3928801417350769
corpus/mgm__edm_L7_num__s4.wav,mgm,edm_L7_num,4,edm,7,numeric,instrumental electronic dance track,energy level 7 out of 11,"instrumental electronic dance track, energy level 7 out of 11",5.5,-11.330682493502676,0.2992170751094818,4.5,0.2059682756662368
corpus/mgm__edm_L7_num__s5.wav,mgm,edm_L7_num,5,edm,7,numeric,instrumental electronic dance track,energy level 7 out of 11,"instrumental electronic dance track, energy level 7 out of 11",5.5,-18.257403969706257,0.2842944860458374,6.2,0.3037236928939819
corpus/mgm__edm_L7_verb__s0.wav,mgm,edm_L7_verb,0,edm,7,verbal,instrumental electronic dance track,energetic,"instrumental electronic dance track, energetic",6.5,-15.91077606569439,0.2910666465759277,6.5,0.2075848281383514
corpus/mgm__edm_L7_verb__s1.wav,mgm,edm_L7_verb,1,edm,7,verbal,instrumental electronic dance track,energetic,"instrumental electronic dance track, energetic",6.5,-18.678319555806464,0.4346911311149597,6.5,0.4760973751544952
corpus/mgm__edm_L7_verb__s2.wav,mgm,edm_L7_verb,2,edm,7,verbal,instrumental electronic dance track,energetic,"instrumental electronic dance track, energetic",6.5,-13.957276860732245,0.3158694505691528,6.5,0.3610361814498901
corpus/mgm__edm_L7_verb__s3.wav,mgm,edm_L7_verb,3,edm,7,verbal,instrumental electronic dance track,energetic,"instrumental electronic dance track, energetic",6.5,-21.977993546748586,0.1711295992136001,6.5,0.3047778606414795
corpus/mgm__edm_L7_verb__s4.wav,mgm,edm_L7_verb,4,edm,7,verbal,instrumental electronic dance track,energetic,"instrumental electronic dance track, energetic",6.4,-15.299110676171386,0.2344609647989273,6.4,0.2860499024391174
corpus/mgm__edm_L7_verb__s5.wav,mgm,edm_L7_verb,5,edm,7,verbal,instrumental electronic dance track,energetic,"instrumental electronic dance track, energetic",5.5,-15.426322172476151,0.1256757080554962,6.0,0.1477481573820114
corpus/mgm__edm_L9_num__s0.wav,mgm,edm_L9_num,0,edm,9,numeric,instrumental electronic dance track,energy level 9 out of 11,"instrumental electronic dance track, energy level 9 out of 11",4.5,-16.05125441701613,0.1025708019733429,5.2,0.1781360507011413
corpus/mgm__edm_L9_num__s1.wav,mgm,edm_L9_num,1,edm,9,numeric,instrumental electronic dance track,energy level 9 out of 11,"instrumental electronic dance track, energy level 9 out of 11",5.2,-19.643139475360584,0.0957288593053817,5.5,0.2899003624916076
corpus/mgm__edm_L9_num__s2.wav,mgm,edm_L9_num,2,edm,9,numeric,instrumental electronic dance track,energy level 9 out of 11,"instrumental electronic dance track, energy level 9 out of 11",4.5,-16.41743012932755,0.20139741897583,5.5,0.2256131917238235
corpus/mgm__edm_L9_num__s3.wav,mgm,edm_L9_num,3,edm,9,numeric,instrumental electronic dance track,energy level 9 out of 11,"instrumental electronic dance track, energy level 9 out of 11",5.5,-20.8206673757614,0.3135678768157959,6.4,0.3229610919952392
corpus/mgm__edm_L9_num__s4.wav,mgm,edm_L9_num,4,edm,9,numeric,instrumental electronic dance track,energy level 9 out of 11,"instrumental electronic dance track, energy level 9 out of 11",6.5,-12.712901941638645,0.3549799621105194,6.5,0.2872021496295929
corpus/mgm__edm_L9_num__s5.wav,mgm,edm_L9_num,5,edm,9,numeric,instrumental electronic dance track,energy level 9 out of 11,"instrumental electronic dance track, energy level 9 out of 11",4.4,-16.033003226004883,0.235695019364357,4.5,0.1587918996810913
corpus/mgm__edm_L9_verb__s0.wav,mgm,edm_L9_verb,0,edm,9,verbal,instrumental electronic dance track,extremely intense,"instrumental electronic dance track, extremely intense",6.5,-21.43544040977997,0.4609013795852661,6.5,0.5777282118797302
corpus/mgm__edm_L9_verb__s1.wav,mgm,edm_L9_verb,1,edm,9,verbal,instrumental electronic dance track,extremely intense,"instrumental electronic dance track, extremely intense",6.5,-13.20797841336232,0.5377352237701416,6.5,0.5191289186477661
corpus/mgm__edm_L9_verb__s2.wav,mgm,edm_L9_verb,2,edm,9,verbal,instrumental electronic dance track,extremely intense,"instrumental electronic dance track, extremely intense",6.5,-16.026138892216608,0.5050150752067566,6.5,0.5456165671348572
corpus/mgm__edm_L9_verb__s3.wav,mgm,edm_L9_verb,3,edm,9,verbal,instrumental electronic dance track,extremely intense,"instrumental electronic dance track, extremely intense",6.5,-13.477368632088826,0.4929808378219604,6.5,0.4819597899913788
corpus/mgm__edm_L9_verb__s4.wav,mgm,edm_L9_verb,4,edm,9,verbal,instrumental electronic dance track,extremely intense,"instrumental electronic dance track, extremely intense",6.5,-15.37562514756955,0.5209837555885315,6.5,0.5122858881950378
corpus/mgm__edm_L9_verb__s5.wav,mgm,edm_L9_verb,5,edm,9,verbal,instrumental electronic dance track,extremely intense,"instrumental electronic dance track, extremely intense",6.5,-14.302373889145034,0.6459399461746216,6.5,0.4680732190608978
corpus/mgm__folk_L1_num__s0.wav,mgm,folk_L1_num,0,folk,1,numeric,instrumental acoustic folk track,energy level 1 out of 11,"instrumental acoustic folk track, energy level 1 out of 11",6.4,-21.86955978119294,0.2828707695007324,6.5,0.3380510807037353
corpus/mgm__folk_L1_num__s1.wav,mgm,folk_L1_num,1,folk,1,numeric,instrumental acoustic folk track,energy level 1 out of 11,"instrumental acoustic folk track, energy level 1 out of 11",6.2,-14.167824721518684,0.4045611619949341,6.2,0.3870811462402344
corpus/mgm__folk_L1_num__s2.wav,mgm,folk_L1_num,2,folk,1,numeric,instrumental acoustic folk track,energy level 1 out of 11,"instrumental acoustic folk track, energy level 1 out of 11",6.0,-17.02693640059002,0.3360911905765533,6.2,0.3110451996326446
corpus/mgm__folk_L1_num__s3.wav,mgm,folk_L1_num,3,folk,1,numeric,instrumental acoustic folk track,energy level 1 out of 11,"instrumental acoustic folk track, energy level 1 out of 11",5.2,-16.93579453034359,0.3072351515293121,6.0,0.334793746471405
corpus/mgm__folk_L1_num__s4.wav,mgm,folk_L1_num,4,folk,1,numeric,instrumental acoustic folk track,energy level 1 out of 11,"instrumental acoustic folk track, energy level 1 out of 11",4.5,-15.106149131101365,0.2974411249160766,5.2,0.327440470457077
corpus/mgm__folk_L1_num__s5.wav,mgm,folk_L1_num,5,folk,1,numeric,instrumental acoustic folk track,energy level 1 out of 11,"instrumental acoustic folk track, energy level 1 out of 11",5.5,-14.04180873603496,0.2351063191890716,5.5,0.2487459182739257
corpus/mgm__folk_L1_verb__s0.wav,mgm,folk_L1_verb,0,folk,1,verbal,instrumental acoustic folk track,very calm,"instrumental acoustic folk track, very calm",4.1,-19.212013589584696,0.2527235746383667,4.5,0.3175762593746185
corpus/mgm__folk_L1_verb__s1.wav,mgm,folk_L1_verb,1,folk,1,verbal,instrumental acoustic folk track,very calm,"instrumental acoustic folk track, very calm",4.4,-15.313906085634416,0.2330270707607269,4.5,0.2402740120887756
corpus/mgm__folk_L1_verb__s2.wav,mgm,folk_L1_verb,2,folk,1,verbal,instrumental acoustic folk track,very calm,"instrumental acoustic folk track, very calm",4.1,-25.360018735147804,0.1216951012611389,5.2,0.2001141905784607
corpus/mgm__folk_L1_verb__s3.wav,mgm,folk_L1_verb,3,folk,1,verbal,instrumental acoustic folk track,very calm,"instrumental acoustic folk track, very calm",5.2,-17.357052738273218,0.1380773037672042,5.5,0.3010081648826599
corpus/mgm__folk_L1_verb__s4.wav,mgm,folk_L1_verb,4,folk,1,verbal,instrumental acoustic folk track,very calm,"instrumental acoustic folk track, very calm",4.4,-22.895366956674344,0.1509738564491272,5.5,0.2692030072212219
corpus/mgm__folk_L1_verb__s5.wav,mgm,folk_L1_verb,5,folk,1,verbal,instrumental acoustic folk track,very calm,"instrumental acoustic folk track, very calm",4.4,-15.128699903234828,0.2459507137537002,4.5,0.2209976613521576
corpus/mgm__folk_L3_num__s0.wav,mgm,folk_L3_num,0,folk,3,numeric,instrumental acoustic folk track,energy level 3 out of 11,"instrumental acoustic folk track, energy level 3 out of 11",4.0,-20.56096845184994,0.1582084894180297,4.2,0.1707788854837417
corpus/mgm__folk_L3_num__s1.wav,mgm,folk_L3_num,1,folk,3,numeric,instrumental acoustic folk track,energy level 3 out of 11,"instrumental acoustic folk track, energy level 3 out of 11",4.1,-13.747851047230991,0.2933251857757568,4.1,0.2841955423355102
corpus/mgm__folk_L3_num__s2.wav,mgm,folk_L3_num,2,folk,3,numeric,instrumental acoustic folk track,energy level 3 out of 11,"instrumental acoustic folk track, energy level 3 out of 11",6.2,-25.07988461471881,0.2841195464134216,6.5,0.3889413774013519
corpus/mgm__folk_L3_num__s3.wav,mgm,folk_L3_num,3,folk,3,numeric,instrumental acoustic folk track,energy level 3 out of 11,"instrumental acoustic folk track, energy level 3 out of 11",5.2,-16.716617945758582,0.2936262190341949,5.5,0.3176252543926239
corpus/mgm__folk_L3_num__s4.wav,mgm,folk_L3_num,4,folk,3,numeric,instrumental acoustic folk track,energy level 3 out of 11,"instrumental acoustic folk track, energy level 3 out of 11",5.2,-23.92442710905246,0.0507004782557487,6.0,0.3175062537193298
corpus/mgm__folk_L3_num__s5.wav,mgm,folk_L3_num,5,folk,3,numeric,instrumental acoustic folk track,energy level 3 out of 11,"instrumental acoustic folk track, energy level 3 out of 11",5.5,-19.20768171710044,0.2475479990243911,6.0,0.3283479511737823
corpus/mgm__folk_L3_verb__s0.wav,mgm,folk_L3_verb,0,folk,3,verbal,instrumental acoustic folk track,calm,"instrumental acoustic folk track, calm",3.7,-18.491370240126464,0.0854637622833252,4.1,0.1647160500288009
corpus/mgm__folk_L3_verb__s1.wav,mgm,folk_L3_verb,1,folk,3,verbal,instrumental acoustic folk track,calm,"instrumental acoustic folk track, calm",3.7,-19.73500059465901,0.0352957546710968,4.1,0.2139205783605575
corpus/mgm__folk_L3_verb__s2.wav,mgm,folk_L3_verb,2,folk,3,verbal,instrumental acoustic folk track,calm,"instrumental acoustic folk track, calm",4.1,-20.89503700162824,0.1742236167192459,4.4,0.1615449488162994
corpus/mgm__folk_L3_verb__s3.wav,mgm,folk_L3_verb,3,folk,3,verbal,instrumental acoustic folk track,calm,"instrumental acoustic folk track, calm",4.5,-14.159836811039163,0.2765599191188812,4.5,0.2715022265911102
corpus/mgm__folk_L3_verb__s4.wav,mgm,folk_L3_verb,4,folk,3,verbal,instrumental acoustic folk track,calm,"instrumental acoustic folk track, calm",4.1,-15.687527911613085,0.2217215001583099,4.4,0.1933445036411285
corpus/mgm__folk_L3_verb__s5.wav,mgm,folk_L3_verb,5,folk,3,verbal,instrumental acoustic folk track,calm,"instrumental acoustic folk track, calm",4.1,-16.585012412388117,0.2509492039680481,4.4,0.234845370054245
corpus/mgm__folk_L5_num__s0.wav,mgm,folk_L5_num,0,folk,5,numeric,instrumental acoustic folk track,energy level 5 out of 11,"instrumental acoustic folk track, energy level 5 out of 11",4.5,-16.015807023306873,0.2279733717441558,5.2,0.2495026886463165
corpus/mgm__folk_L5_num__s1.wav,mgm,folk_L5_num,1,folk,5,numeric,instrumental acoustic folk track,energy level 5 out of 11,"instrumental acoustic folk track, energy level 5 out of 11",5.2,-15.904948076352715,0.3608754575252533,5.9,0.3564868867397308
corpus/mgm__folk_L5_num__s2.wav,mgm,folk_L5_num,2,folk,5,numeric,instrumental acoustic folk track,energy level 5 out of 11,"instrumental acoustic folk track, energy level 5 out of 11",5.2,-16.54558704614904,0.3209581971168518,5.9,0.3759735524654388
corpus/mgm__folk_L5_num__s3.wav,mgm,folk_L5_num,3,folk,5,numeric,instrumental acoustic folk track,energy level 5 out of 11,"instrumental acoustic folk track, energy level 5 out of 11",6.0,-19.13932385056533,0.3084468841552734,6.4,0.3191092610359192
corpus/mgm__folk_L5_num__s4.wav,mgm,folk_L5_num,4,folk,5,numeric,instrumental acoustic folk track,energy level 5 out of 11,"instrumental acoustic folk track, energy level 5 out of 11",5.2,-17.03681182005361,0.2965672612190246,6.0,0.3262093067169189
corpus/mgm__folk_L5_num__s5.wav,mgm,folk_L5_num,5,folk,5,numeric,instrumental acoustic folk track,energy level 5 out of 11,"instrumental acoustic folk track, energy level 5 out of 11",5.9,-18.39056588666173,0.1945738792419433,6.4,0.33663210272789
corpus/mgm__folk_L5_verb__s0.wav,mgm,folk_L5_verb,0,folk,5,verbal,instrumental acoustic folk track,moderate energy,"instrumental acoustic folk track, moderate energy",6.0,-27.98772012950599,-0.0794673040509224,6.4,0.1520118117332458
corpus/mgm__folk_L5_verb__s1.wav,mgm,folk_L5_verb,1,folk,5,verbal,instrumental acoustic folk track,moderate energy,"instrumental acoustic folk track, moderate energy",5.5,-17.64998400364702,0.4381003975868225,6.0,0.43217933177948
corpus/mgm__folk_L5_verb__s2.wav,mgm,folk_L5_verb,2,folk,5,verbal,instrumental acoustic folk track,moderate energy,"instrumental acoustic folk track, moderate energy",4.5,-19.704795978381814,0.0205155536532402,5.2,0.2992385625839233
corpus/mgm__folk_L5_verb__s3.wav,mgm,folk_L5_verb,3,folk,5,verbal,instrumental acoustic folk track,moderate energy,"instrumental acoustic folk track, moderate energy",6.5,-16.970032857579103,0.3530301451683044,6.5,0.4088805019855499
corpus/mgm__folk_L5_verb__s4.wav,mgm,folk_L5_verb,4,folk,5,verbal,instrumental acoustic folk track,moderate energy,"instrumental acoustic folk track, moderate energy",6.2,-23.96153121302374,0.3384176790714264,6.5,0.3094399273395538
corpus/mgm__folk_L5_verb__s5.wav,mgm,folk_L5_verb,5,folk,5,verbal,instrumental acoustic folk track,moderate energy,"instrumental acoustic folk track, moderate energy",6.2,-23.963867225491665,0.3648848533630371,6.5,0.487323135137558
corpus/mgm__folk_L7_num__s0.wav,mgm,folk_L7_num,0,folk,7,numeric,instrumental acoustic folk track,energy level 7 out of 11,"instrumental acoustic folk track, energy level 7 out of 11",6.0,-15.861479126261388,0.2840424180030823,6.0,0.3486941754817962
corpus/mgm__folk_L7_num__s1.wav,mgm,folk_L7_num,1,folk,7,numeric,instrumental acoustic folk track,energy level 7 out of 11,"instrumental acoustic folk track, energy level 7 out of 11",5.3,-14.452574823027216,0.3416594862937927,5.5,0.3577601313591003
corpus/mgm__folk_L7_num__s2.wav,mgm,folk_L7_num,2,folk,7,numeric,instrumental acoustic folk track,energy level 7 out of 11,"instrumental acoustic folk track, energy level 7 out of 11",6.0,-10.920084802472902,0.3391134738922119,5.2,0.2915610671043396
corpus/mgm__folk_L7_num__s3.wav,mgm,folk_L7_num,3,folk,7,numeric,instrumental acoustic folk track,energy level 7 out of 11,"instrumental acoustic folk track, energy level 7 out of 11",6.2,-14.871429879772156,0.3318272531032562,6.4,0.3732905685901642
corpus/mgm__folk_L7_num__s4.wav,mgm,folk_L7_num,4,folk,7,numeric,instrumental acoustic folk track,energy level 7 out of 11,"instrumental acoustic folk track, energy level 7 out of 11",6.4,-13.144421384563806,0.3948509097099304,6.4,0.3994409143924713
corpus/mgm__folk_L7_num__s5.wav,mgm,folk_L7_num,5,folk,7,numeric,instrumental acoustic folk track,energy level 7 out of 11,"instrumental acoustic folk track, energy level 7 out of 11",5.2,-14.331940322124114,0.3769535422325134,5.2,0.3725816011428833
corpus/mgm__folk_L7_verb__s0.wav,mgm,folk_L7_verb,0,folk,7,verbal,instrumental acoustic folk track,energetic,"instrumental acoustic folk track, energetic",4.4,-22.80614890477312,0.0797525197267532,5.2,0.19049072265625
corpus/mgm__folk_L7_verb__s1.wav,mgm,folk_L7_verb,1,folk,7,verbal,instrumental acoustic folk track,energetic,"instrumental acoustic folk track, energetic",4.4,-21.03931507945956,0.0805785059928894,5.2,0.2662845551967621
corpus/mgm__folk_L7_verb__s2.wav,mgm,folk_L7_verb,2,folk,7,verbal,instrumental acoustic folk track,energetic,"instrumental acoustic folk track, energetic",5.2,-17.472429634311936,0.1708203554153442,5.5,0.2722384333610534
corpus/mgm__folk_L7_verb__s3.wav,mgm,folk_L7_verb,3,folk,7,verbal,instrumental acoustic folk track,energetic,"instrumental acoustic folk track, energetic",6.4,-18.393485311211453,0.378405898809433,6.5,0.3993645310401916
corpus/mgm__folk_L7_verb__s4.wav,mgm,folk_L7_verb,4,folk,7,verbal,instrumental acoustic folk track,energetic,"instrumental acoustic folk track, energetic",4.5,-16.823932594730067,0.3437664806842804,5.2,0.4068694412708282
corpus/mgm__folk_L7_verb__s5.wav,mgm,folk_L7_verb,5,folk,7,verbal,instrumental acoustic folk track,energetic,"instrumental acoustic folk track, energetic",4.5,-16.55168956041433,0.2715707421302795,5.2,0.3103614151477813
corpus/mgm__folk_L9_num__s0.wav,mgm,folk_L9_num,0,folk,9,numeric,instrumental acoustic folk track,energy level 9 out of 11,"instrumental acoustic folk track, energy level 9 out of 11",5.9,-19.90178029135588,0.3535314202308655,6.4,0.3963387310504913
corpus/mgm__folk_L9_num__s1.wav,mgm,folk_L9_num,1,folk,9,numeric,instrumental acoustic folk track,energy level 9 out of 11,"instrumental acoustic folk track, energy level 9 out of 11",6.0,-20.20278861943559,0.310380756855011,6.4,0.3868415355682373
corpus/mgm__folk_L9_num__s2.wav,mgm,folk_L9_num,2,folk,9,numeric,instrumental acoustic folk track,energy level 9 out of 11,"instrumental acoustic folk track, energy level 9 out of 11",5.2,-20.751463052067923,0.2866047024726867,6.0,0.3658994436264038
corpus/mgm__folk_L9_num__s3.wav,mgm,folk_L9_num,3,folk,9,numeric,instrumental acoustic folk track,energy level 9 out of 11,"instrumental acoustic folk track, energy level 9 out of 11",5.2,-22.943474860398528,0.2715227007865906,6.2,0.3461900353431701
corpus/mgm__folk_L9_num__s4.wav,mgm,folk_L9_num,4,folk,9,numeric,instrumental acoustic folk track,energy level 9 out of 11,"instrumental acoustic folk track, energy level 9 out of 11",5.2,-19.62790830547592,0.0582690499722957,6.0,0.3716353178024292
corpus/mgm__folk_L9_num__s5.wav,mgm,folk_L9_num,5,folk,9,numeric,instrumental acoustic folk track,energy level 9 out of 11,"instrumental acoustic folk track, energy level 9 out of 11",4.5,-15.032751532960775,0.2329509258270263,4.5,0.2192148119211197
corpus/mgm__folk_L9_verb__s0.wav,mgm,folk_L9_verb,0,folk,9,verbal,instrumental acoustic folk track,extremely intense,"instrumental acoustic folk track, extremely intense",6.2,-22.35571839931657,0.3239054977893829,6.5,0.5256807804107666
corpus/mgm__folk_L9_verb__s1.wav,mgm,folk_L9_verb,1,folk,9,verbal,instrumental acoustic folk track,extremely intense,"instrumental acoustic folk track, extremely intense",5.9,-16.82907750564581,0.2780216336250305,6.2,0.2947909832000732
corpus/mgm__folk_L9_verb__s2.wav,mgm,folk_L9_verb,2,folk,9,verbal,instrumental acoustic folk track,extremely intense,"instrumental acoustic folk track, extremely intense",6.0,-14.790489075990534,0.3508956432342529,6.0,0.337253987789154
corpus/mgm__folk_L9_verb__s3.wav,mgm,folk_L9_verb,3,folk,9,verbal,instrumental acoustic folk track,extremely intense,"instrumental acoustic folk track, extremely intense",6.5,-23.18233021812664,0.1345308870077133,6.5,0.3387132585048675
corpus/mgm__folk_L9_verb__s4.wav,mgm,folk_L9_verb,4,folk,9,verbal,instrumental acoustic folk track,extremely intense,"instrumental acoustic folk track, extremely intense",6.5,-18.75896775399527,0.3989655375480652,6.5,0.4779437482357025
corpus/mgm__folk_L9_verb__s5.wav,mgm,folk_L9_verb,5,folk,9,verbal,instrumental acoustic folk track,extremely intense,"instrumental acoustic folk track, extremely intense",6.4,-16.102171710772613,0.2730548679828644,6.4,0.0896227583289146
corpus/mgm__hiphop_L1_num__s0.wav,mgm,hiphop_L1_num,0,hiphop,1,numeric,instrumental hip-hop track,energy level 1 out of 11,"instrumental hip-hop track, energy level 1 out of 11",6.5,-14.847178311105996,0.0845909118652343,6.5,0.1066095679998397
corpus/mgm__hiphop_L1_num__s1.wav,mgm,hiphop_L1_num,1,hiphop,1,numeric,instrumental hip-hop track,energy level 1 out of 11,"instrumental hip-hop track, energy level 1 out of 11",4.4,-14.390814844312054,0.2250066399574279,4.5,0.2054801881313324
corpus/mgm__hiphop_L1_num__s2.wav,mgm,hiphop_L1_num,2,hiphop,1,numeric,instrumental hip-hop track,energy level 1 out of 11,"instrumental hip-hop track, energy level 1 out of 11",6.2,-16.05594394990363,0.0699896067380905,6.4,0.1463851630687713
corpus/mgm__hiphop_L1_num__s3.wav,mgm,hiphop_L1_num,3,hiphop,1,numeric,instrumental hip-hop track,energy level 1 out of 11,"instrumental hip-hop track, energy level 1 out of 11",6.5,-15.151290812791297,0.3486955165863037,6.5,0.3994977474212646
corpus/mgm__hiphop_L1_num__s4.wav,mgm,hiphop_L1_num,4,hiphop,1,numeric,instrumental hip-hop track,energy level 1 out of 11,"instrumental hip-hop track, energy level 1 out of 11",5.2,-17.379361136948752,0.2602711319923401,6.2,0.2047553211450576
corpus/mgm__hiphop_L1_num__s5.wav,mgm,hiphop_L1_num,5,hiphop,1,numeric,instrumental hip-hop track,energy level 1 out of 11,"instrumental hip-hop track, energy level 1 out of 11",5.5,-16.23257476902353,0.0369283854961395,6.0,0.0961361825466156
corpus/mgm__hiphop_L1_verb__s0.wav,mgm,hiphop_L1_verb,0,hiphop,1,verbal,instrumental hip-hop track,very calm,"instrumental hip-hop track, very calm",4.4,-18.40883428328443,0.2779332101345062,6.0,0.2729488909244537
corpus/mgm__hiphop_L1_verb__s1.wav,mgm,hiphop_L1_verb,1,hiphop,1,verbal,instrumental hip-hop track,very calm,"instrumental hip-hop track, very calm",5.2,-15.097692221114617,0.0280545800924301,5.5,0.0281980633735656
corpus/mgm__hiphop_L1_verb__s2.wav,mgm,hiphop_L1_verb,2,hiphop,1,verbal,instrumental hip-hop track,very calm,"instrumental hip-hop track, very calm",6.0,-13.88129057539327,0.1284872889518737,6.0,0.1150435134768486
corpus/mgm__hiphop_L1_verb__s3.wav,mgm,hiphop_L1_verb,3,hiphop,1,verbal,instrumental hip-hop track,very calm,"instrumental hip-hop track, very calm",6.0,-11.438383565893751,0.1812148988246917,4.5,0.122782215476036
corpus/mgm__hiphop_L1_verb__s4.wav,mgm,hiphop_L1_verb,4,hiphop,1,verbal,instrumental hip-hop track,very calm,"instrumental hip-hop track, very calm",5.2,-17.198046000897747,0.0294798910617828,5.5,0.007360965013504
corpus/mgm__hiphop_L1_verb__s5.wav,mgm,hiphop_L1_verb,5,hiphop,1,verbal,instrumental hip-hop track,very calm,"instrumental hip-hop track, very calm",5.5,-15.94618067359486,0.0113691389560699,6.0,-0.0142177492380142
corpus/mgm__hiphop_L3_num__s0.wav,mgm,hiphop_L3_num,0,hiphop,3,numeric,instrumental hip-hop track,energy level 3 out of 11,"instrumental hip-hop track, energy level 3 out of 11",6.4,-12.052583009918006,0.1152277290821075,6.0,0.1103083193302154
corpus/mgm__hiphop_L3_num__s1.wav,mgm,hiphop_L3_num,1,hiphop,3,numeric,instrumental hip-hop track,energy level 3 out of 11,"instrumental hip-hop track, energy level 3 out of 11",6.5,-11.564682419716844,0.3192429542541504,6.5,0.3212513327598572
corpus/mgm__hiphop_L3_num__s2.wav,mgm,hiphop_L3_num,2,hiphop,3,numeric,instrumental hip-hop track,energy level 3 out of 11,"instrumental hip-hop track, energy level 3 out of 11",6.4,-11.007330805125912,0.0335452109575271,5.9,0.0434633791446685
corpus/mgm__hiphop_L3_num__s3.wav,mgm,hiphop_L3_num,3,hiphop,3,numeric,instrumental hip-hop track,energy level 3 out of 11,"instrumental hip-hop track, energy level 3 out of 11",6.2,-14.021074947515164,0.0409213304519653,6.2,0.0090058892965316
corpus/mgm__hiphop_L3_num__s4.wav,mgm,hiphop_L3_num,4,hiphop,3,numeric,instrumental hip-hop track,energy level 3 out of 11,"instrumental hip-hop track, energy level 3 out of 11",6.5,-11.331522909344049,0.3086051940917969,6.5,0.3070924878120422
corpus/mgm__hiphop_L3_num__s5.wav,mgm,hiphop_L3_num,5,hiphop,3,numeric,instrumental hip-hop track,energy level 3 out of 11,"instrumental hip-hop track, energy level 3 out of 11",6.5,-11.534753544219662,0.1951854079961776,6.4,0.219355434179306
corpus/mgm__hiphop_L3_verb__s0.wav,mgm,hiphop_L3_verb,0,hiphop,3,verbal,instrumental hip-hop track,calm,"instrumental hip-hop track, calm",4.1,-15.79098664872563,0.0211528688669204,4.1,0.0602910667657852
corpus/mgm__hiphop_L3_verb__s1.wav,mgm,hiphop_L3_verb,1,hiphop,3,verbal,instrumental hip-hop track,calm,"instrumental hip-hop track, calm",4.4,-15.436770119932826,0.1034762859344482,4.5,0.1815648376941681
corpus/mgm__hiphop_L3_verb__s2.wav,mgm,hiphop_L3_verb,2,hiphop,3,verbal,instrumental hip-hop track,calm,"instrumental hip-hop track, calm",4.1,-15.978228642117807,0.0108750760555267,4.2,-0.0075187683105468
corpus/mgm__hiphop_L3_verb__s3.wav,mgm,hiphop_L3_verb,3,hiphop,3,verbal,instrumental hip-hop track,calm,"instrumental hip-hop track, calm",5.2,-17.588765836237524,0.1511180996894836,6.0,0.1538733392953872
corpus/mgm__hiphop_L3_verb__s4.wav,mgm,hiphop_L3_verb,4,hiphop,3,verbal,instrumental hip-hop track,calm,"instrumental hip-hop track, calm",3.7,-13.244951586941598,0.1905368417501449,3.7,0.1907327473163604
corpus/mgm__hiphop_L3_verb__s5.wav,mgm,hiphop_L3_verb,5,hiphop,3,verbal,instrumental hip-hop track,calm,"instrumental hip-hop track, calm",6.4,-11.027502996164456,0.2525608539581299,5.5,0.2305081337690353
corpus/mgm__hiphop_L5_num__s0.wav,mgm,hiphop_L5_num,0,hiphop,5,numeric,instrumental hip-hop track,energy level 5 out of 11,"instrumental hip-hop track, energy level 5 out of 11",5.5,-14.673022589040135,0.1195563226938247,5.9,0.1342664361000061
corpus/mgm__hiphop_L5_num__s1.wav,mgm,hiphop_L5_num,1,hiphop,5,numeric,instrumental hip-hop track,energy level 5 out of 11,"instrumental hip-hop track, energy level 5 out of 11",6.4,-16.34116515220095,0.106938362121582,6.4,0.1090052872896194
corpus/mgm__hiphop_L5_num__s2.wav,mgm,hiphop_L5_num,2,hiphop,5,numeric,instrumental hip-hop track,energy level 5 out of 11,"instrumental hip-hop track, energy level 5 out of 11",6.5,-15.208244481819737,0.3380974531173706,6.5,0.3666289746761322
corpus/mgm__hiphop_L5_num__s3.wav,mgm,hiphop_L5_num,3,hiphop,5,numeric,instrumental hip-hop track,energy level 5 out of 11,"instrumental hip-hop track, energy level 5 out of 11",5.2,-12.709987938253226,0.2086425423622131,4.5,0.1873328983783722
corpus/mgm__hiphop_L5_num__s4.wav,mgm,hiphop_L5_num,4,hiphop,5,numeric,instrumental hip-hop track,energy level 5 out of 11,"instrumental hip-hop track, energy level 5 out of 11",6.5,-10.959920587629249,0.1989434361457824,6.5,0.3413364887237549
corpus/mgm__hiphop_L5_num__s5.wav,mgm,hiphop_L5_num,5,hiphop,5,numeric,instrumental hip-hop track,energy level 5 out of 11,"instrumental hip-hop track, energy level 5 out of 11",6.5,-13.62240875095222,0.1111552864313125,6.5,0.2956262826919555
corpus/mgm__hiphop_L5_verb__s0.wav,mgm,hiphop_L5_verb,0,hiphop,5,verbal,instrumental hip-hop track,moderate energy,"instrumental hip-hop track, moderate energy",6.5,-13.931272942070745,0.0658985525369644,6.5,0.0512540638446807
corpus/mgm__hiphop_L5_verb__s1.wav,mgm,hiphop_L5_verb,1,hiphop,5,verbal,instrumental hip-hop track,moderate energy,"instrumental hip-hop track, moderate energy",6.5,-14.758623501693048,0.3851834237575531,6.5,0.359813392162323
corpus/mgm__hiphop_L5_verb__s2.wav,mgm,hiphop_L5_verb,2,hiphop,5,verbal,instrumental hip-hop track,moderate energy,"instrumental hip-hop track, moderate energy",6.5,-14.126414418453402,0.2579381763935089,6.5,0.3075112700462341
corpus/mgm__hiphop_L5_verb__s3.wav,mgm,hiphop_L5_verb,3,hiphop,5,verbal,instrumental hip-hop track,moderate energy,"instrumental hip-hop track, moderate energy",5.5,-17.05488410188379,0.0884202718734741,6.0,0.1139890700578689
corpus/mgm__hiphop_L5_verb__s4.wav,mgm,hiphop_L5_verb,4,hiphop,5,verbal,instrumental hip-hop track,moderate energy,"instrumental hip-hop track, moderate energy",6.5,-11.333143853974322,0.2176371961832046,6.4,0.1523539721965789
corpus/mgm__hiphop_L5_verb__s5.wav,mgm,hiphop_L5_verb,5,hiphop,5,verbal,instrumental hip-hop track,moderate energy,"instrumental hip-hop track, moderate energy",6.4,-13.599910524374438,0.06829534471035,6.4,0.0648822784423828
corpus/mgm__hiphop_L7_num__s0.wav,mgm,hiphop_L7_num,0,hiphop,7,numeric,instrumental hip-hop track,energy level 7 out of 11,"instrumental hip-hop track, energy level 7 out of 11",6.5,-10.035618653927203,0.3350870013236999,6.4,0.3889912068843841
corpus/mgm__hiphop_L7_num__s1.wav,mgm,hiphop_L7_num,1,hiphop,7,numeric,instrumental hip-hop track,energy level 7 out of 11,"instrumental hip-hop track, energy level 7 out of 11",6.4,-18.431864655108324,0.1027688384056091,6.5,0.2242399007081985
corpus/mgm__hiphop_L7_num__s2.wav,mgm,hiphop_L7_num,2,hiphop,7,numeric,instrumental hip-hop track,energy level 7 out of 11,"instrumental hip-hop track, energy level 7 out of 11",6.5,-9.783199756184718,0.1688639819622039,5.5,0.1303900331258773
corpus/mgm__hiphop_L7_num__s3.wav,mgm,hiphop_L7_num,3,hiphop,7,numeric,instrumental hip-hop track,energy level 7 out of 11,"instrumental hip-hop track, energy level 7 out of 11",4.8,-16.3717358839316,0.3753100633621216,5.5,0.4445695877075195
corpus/mgm__hiphop_L7_num__s4.wav,mgm,hiphop_L7_num,4,hiphop,7,numeric,instrumental hip-hop track,energy level 7 out of 11,"instrumental hip-hop track, energy level 7 out of 11",5.5,-14.495486985200644,0.1555139571428299,5.9,0.1434227526187896
corpus/mgm__hiphop_L7_num__s5.wav,mgm,hiphop_L7_num,5,hiphop,7,numeric,instrumental hip-hop track,energy level 7 out of 11,"instrumental hip-hop track, energy level 7 out of 11",6.5,-13.676970923655857,0.0831982493400573,6.5,0.0614325404167175
corpus/mgm__hiphop_L7_verb__s0.wav,mgm,hiphop_L7_verb,0,hiphop,7,verbal,instrumental hip-hop track,energetic,"instrumental hip-hop track, energetic",6.5,-13.412438845046848,0.1270667463541031,6.5,0.2192654907703399
corpus/mgm__hiphop_L7_verb__s1.wav,mgm,hiphop_L7_verb,1,hiphop,7,verbal,instrumental hip-hop track,energetic,"instrumental hip-hop track, energetic",6.5,-13.938417946415726,0.2301535308361053,6.5,0.2252901494503021
corpus/mgm__hiphop_L7_verb__s2.wav,mgm,hiphop_L7_verb,2,hiphop,7,verbal,instrumental hip-hop track,energetic,"instrumental hip-hop track, energetic",6.5,-14.02032528676559,0.1344827264547348,6.5,0.1237412393093109
corpus/mgm__hiphop_L7_verb__s3.wav,mgm,hiphop_L7_verb,3,hiphop,7,verbal,instrumental hip-hop track,energetic,"instrumental hip-hop track, energetic",6.0,-13.87919719401946,0.1927392482757568,6.0,0.1488166153430938
corpus/mgm__hiphop_L7_verb__s4.wav,mgm,hiphop_L7_verb,4,hiphop,7,verbal,instrumental hip-hop track,energetic,"instrumental hip-hop track, energetic",6.5,-14.867737987824668,0.2046661674976349,6.5,0.1748551130294799
corpus/mgm__hiphop_L7_verb__s5.wav,mgm,hiphop_L7_verb,5,hiphop,7,verbal,instrumental hip-hop track,energetic,"instrumental hip-hop track, energetic",6.0,-12.863229811474696,0.1690044999122619,6.0,0.2101983428001403
corpus/mgm__hiphop_L9_num__s0.wav,mgm,hiphop_L9_num,0,hiphop,9,numeric,instrumental hip-hop track,energy level 9 out of 11,"instrumental hip-hop track, energy level 9 out of 11",6.5,-11.501852231403,0.3295795321464538,6.5,0.3182048201560974
corpus/mgm__hiphop_L9_num__s1.wav,mgm,hiphop_L9_num,1,hiphop,9,numeric,instrumental hip-hop track,energy level 9 out of 11,"instrumental hip-hop track, energy level 9 out of 11",5.2,-20.381855608541542,0.1285992115736007,6.0,0.1921019256114959
corpus/mgm__hiphop_L9_num__s2.wav,mgm,hiphop_L9_num,2,hiphop,9,numeric,instrumental hip-hop track,energy level 9 out of 11,"instrumental hip-hop track, energy level 9 out of 11",6.5,-13.112784407952306,0.1770839691162109,6.5,0.1993202567100525
corpus/mgm__hiphop_L9_num__s3.wav,mgm,hiphop_L9_num,3,hiphop,9,numeric,instrumental hip-hop track,energy level 9 out of 11,"instrumental hip-hop track, energy level 9 out of 11",6.2,-11.118390323645585,0.2443127036094665,5.2,0.1966794729232788
corpus/mgm__hiphop_L9_num__s4.wav,mgm,hiphop_L9_num,4,hiphop,9,numeric,instrumental hip-hop track,energy level 9 out of 11,"instrumental hip-hop track, energy level 9 out of 11",5.2,-15.10824054458357,0.2231116294860839,5.3,0.2171103507280349
corpus/mgm__hiphop_L9_num__s5.wav,mgm,hiphop_L9_num,5,hiphop,9,numeric,instrumental hip-hop track,energy level 9 out of 11,"instrumental hip-hop track, energy level 9 out of 11",6.5,-12.366380680251488,0.4196173250675201,6.5,0.4478992521762848
corpus/mgm__hiphop_L9_verb__s0.wav,mgm,hiphop_L9_verb,0,hiphop,9,verbal,instrumental hip-hop track,extremely intense,"instrumental hip-hop track, extremely intense",6.5,-16.300949322169366,0.2306113690137863,6.5,0.2393727004528045
corpus/mgm__hiphop_L9_verb__s1.wav,mgm,hiphop_L9_verb,1,hiphop,9,verbal,instrumental hip-hop track,extremely intense,"instrumental hip-hop track, extremely intense",6.5,-18.437124116614164,0.3994849920272827,6.5,0.4454392790794372
corpus/mgm__hiphop_L9_verb__s2.wav,mgm,hiphop_L9_verb,2,hiphop,9,verbal,instrumental hip-hop track,extremely intense,"instrumental hip-hop track, extremely intense",6.5,-13.537300318680908,0.1693953871726989,6.5,0.1379462927579879
corpus/mgm__hiphop_L9_verb__s3.wav,mgm,hiphop_L9_verb,3,hiphop,9,verbal,instrumental hip-hop track,extremely intense,"instrumental hip-hop track, extremely intense",6.5,-14.36495695057445,0.3283771276473999,6.5,0.254065454006195
corpus/mgm__hiphop_L9_verb__s4.wav,mgm,hiphop_L9_verb,4,hiphop,9,verbal,instrumental hip-hop track,extremely intense,"instrumental hip-hop track, extremely intense",6.5,-14.130631601016626,0.2989401817321777,6.5,0.2463564127683639
corpus/mgm__hiphop_L9_verb__s5.wav,mgm,hiphop_L9_verb,5,hiphop,9,verbal,instrumental hip-hop track,extremely intense,"instrumental hip-hop track, extremely intense",6.5,-13.783581827001456,0.2926278710365295,6.5,0.3215518295764923
corpus/mgm__orchestral_L1_num__s0.wav,mgm,orchestral_L1_num,0,orchestral,1,numeric,instrumental orchestral track,energy level 1 out of 11,"instrumental orchestral track, energy level 1 out of 11",4.2,-20.208261821837983,0.2249589562416076,5.5,0.4714705944061279
corpus/mgm__orchestral_L1_num__s1.wav,mgm,orchestral_L1_num,1,orchestral,1,numeric,instrumental orchestral track,energy level 1 out of 11,"instrumental orchestral track, energy level 1 out of 11",6.0,-15.787987652551749,0.4770600199699402,6.2,0.5229016542434692
corpus/mgm__orchestral_L1_num__s2.wav,mgm,orchestral_L1_num,2,orchestral,1,numeric,instrumental orchestral track,energy level 1 out of 11,"instrumental orchestral track, energy level 1 out of 11",4.1,-20.38932977879273,0.1781467795372009,4.8,0.21817447245121
corpus/mgm__orchestral_L1_num__s3.wav,mgm,orchestral_L1_num,3,orchestral,1,numeric,instrumental orchestral track,energy level 1 out of 11,"instrumental orchestral track, energy level 1 out of 11",4.8,-24.33870026007813,0.2165546715259552,6.0,0.2773672044277191
corpus/mgm__orchestral_L1_num__s4.wav,mgm,orchestral_L1_num,4,orchestral,1,numeric,instrumental orchestral track,energy level 1 out of 11,"instrumental orchestral track, energy level 1 out of 11",5.5,-23.905247119667653,0.161429613828659,6.2,0.3682464361190796
corpus/mgm__orchestral_L1_num__s5.wav,mgm,orchestral_L1_num,5,orchestral,1,numeric,instrumental orchestral track,energy level 1 out of 11,"instrumental orchestral track, energy level 1 out of 11",6.0,-16.61788398428752,0.5103952884674072,6.4,0.367185890674591
corpus/mgm__orchestral_L1_verb__s0.wav,mgm,orchestral_L1_verb,0,orchestral,1,verbal,instrumental orchestral track,very calm,"instrumental orchestral track, very calm",3.7,-21.81043267459567,-0.0014626383781433,4.4,0.1562963277101516
corpus/mgm__orchestral_L1_verb__s1.wav,mgm,orchestral_L1_verb,1,orchestral,1,verbal,instrumental orchestral track,very calm,"instrumental orchestral track, very calm",3.7,-21.666109257387003,0.0188778713345527,3.8,0.1389075219631195
corpus/mgm__orchestral_L1_verb__s2.wav,mgm,orchestral_L1_verb,2,orchestral,1,verbal,instrumental orchestral track,very calm,"instrumental orchestral track, very calm",4.1,-24.793351048510136,-0.0302193984389305,5.2,0.1588951796293258
corpus/mgm__orchestral_L1_verb__s3.wav,mgm,orchestral_L1_verb,3,orchestral,1,verbal,instrumental orchestral track,very calm,"instrumental orchestral track, very calm",3.7,-29.567556192544057,-0.08428256213665,4.2,0.1698822677135467
corpus/mgm__orchestral_L1_verb__s4.wav,mgm,orchestral_L1_verb,4,orchestral,1,verbal,instrumental orchestral track,very calm,"instrumental orchestral track, very calm",3.7,-28.69879052006146,-0.0607665181159973,4.5,0.2463255524635315
corpus/mgm__orchestral_L1_verb__s5.wav,mgm,orchestral_L1_verb,5,orchestral,1,verbal,instrumental orchestral track,very calm,"instrumental orchestral track, very calm",3.7,-20.455314379997606,0.0392853319644928,3.7,0.1565934121608734
corpus/mgm__orchestral_L3_num__s0.wav,mgm,orchestral_L3_num,0,orchestral,3,numeric,instrumental orchestral track,energy level 3 out of 11,"instrumental orchestral track, energy level 3 out of 11",4.2,-18.062170296025897,0.4264306128025055,4.5,-0.0557025969028472
corpus/mgm__orchestral_L3_num__s1.wav,mgm,orchestral_L3_num,1,orchestral,3,numeric,instrumental orchestral track,energy level 3 out of 11,"instrumental orchestral track, energy level 3 out of 11",4.1,-23.744762732779368,0.2786082923412323,5.5,0.3848266303539276
corpus/mgm__orchestral_L3_num__s2.wav,mgm,orchestral_L3_num,2,orchestral,3,numeric,instrumental orchestral track,energy level 3 out of 11,"instrumental orchestral track, energy level 3 out of 11",6.5,-23.0959853207192,0.2112478911876678,6.5,0.3509859144687652
corpus/mgm__orchestral_L3_num__s3.wav,mgm,orchestral_L3_num,3,orchestral,3,numeric,instrumental orchestral track,energy level 3 out of 11,"instrumental orchestral track, energy level 3 out of 11",6.0,-20.31679878705885,0.5498471856117249,6.5,0.590762734413147
corpus/mgm__orchestral_L3_num__s4.wav,mgm,orchestral_L3_num,4,orchestral,3,numeric,instrumental orchestral track,energy level 3 out of 11,"instrumental orchestral track, energy level 3 out of 11",6.5,-17.297419532669707,0.2914297580718994,6.5,0.3312734365463257
corpus/mgm__orchestral_L3_num__s5.wav,mgm,orchestral_L3_num,5,orchestral,3,numeric,instrumental orchestral track,energy level 3 out of 11,"instrumental orchestral track, energy level 3 out of 11",5.2,-24.09537712961372,0.1629027724266052,6.2,0.3177027106285095
corpus/mgm__orchestral_L3_verb__s0.wav,mgm,orchestral_L3_verb,0,orchestral,3,verbal,instrumental orchestral track,calm,"instrumental orchestral track, calm",4.1,-33.12818405641058,-0.1571652442216873,5.9,0.1595246791839599
corpus/mgm__orchestral_L3_verb__s1.wav,mgm,orchestral_L3_verb,1,orchestral,3,verbal,instrumental orchestral track,calm,"instrumental orchestral track, calm",4.8,-29.150988519487143,-0.0712871700525283,6.0,0.2416985630989074
corpus/mgm__orchestral_L3_verb__s2.wav,mgm,orchestral_L3_verb,2,orchestral,3,verbal,instrumental orchestral track,calm,"instrumental orchestral track, calm",4.1,-28.37596193062509,-0.0449520647525787,5.5,0.1776078641414642
corpus/mgm__orchestral_L3_verb__s3.wav,mgm,orchestral_L3_verb,3,orchestral,3,verbal,instrumental orchestral track,calm,"instrumental orchestral track, calm",4.5,-20.911709782679228,0.2266619503498077,5.5,0.245629221200943
corpus/mgm__orchestral_L3_verb__s4.wav,mgm,orchestral_L3_verb,4,orchestral,3,verbal,instrumental orchestral track,calm,"instrumental orchestral track, calm",4.5,-28.3062997170222,0.1174784675240516,5.2,0.0302648767828941
corpus/mgm__orchestral_L3_verb__s5.wav,mgm,orchestral_L3_verb,5,orchestral,3,verbal,instrumental orchestral track,calm,"instrumental orchestral track, calm",6.0,-19.13438724298457,0.1702444702386856,6.4,0.2313067018985748
corpus/mgm__orchestral_L5_num__s0.wav,mgm,orchestral_L5_num,0,orchestral,5,numeric,instrumental orchestral track,energy level 5 out of 11,"instrumental orchestral track, energy level 5 out of 11",6.5,-30.22833567718501,0.1783070564270019,6.5,0.5184403657913208
corpus/mgm__orchestral_L5_num__s1.wav,mgm,orchestral_L5_num,1,orchestral,5,numeric,instrumental orchestral track,energy level 5 out of 11,"instrumental orchestral track, energy level 5 out of 11",5.2,-30.55518199758008,0.0656577348709106,6.4,0.2441135048866272
corpus/mgm__orchestral_L5_num__s2.wav,mgm,orchestral_L5_num,2,orchestral,5,numeric,instrumental orchestral track,energy level 5 out of 11,"instrumental orchestral track, energy level 5 out of 11",5.5,-15.957318606818342,-0.1482701897621154,6.0,-0.0856414660811424
corpus/mgm__orchestral_L5_num__s3.wav,mgm,orchestral_L5_num,3,orchestral,5,numeric,instrumental orchestral track,energy level 5 out of 11,"instrumental orchestral track, energy level 5 out of 11",4.5,-19.765619809476668,0.3171085715293884,5.5,0.3779579997062683
corpus/mgm__orchestral_L5_num__s4.wav,mgm,orchestral_L5_num,4,orchestral,5,numeric,instrumental orchestral track,energy level 5 out of 11,"instrumental orchestral track, energy level 5 out of 11",4.4,-23.093573316142148,0.2678415179252624,5.5,0.2692522406578064
corpus/mgm__orchestral_L5_num__s5.wav,mgm,orchestral_L5_num,5,orchestral,5,numeric,instrumental orchestral track,energy level 5 out of 11,"instrumental orchestral track, energy level 5 out of 11",6.0,-20.01296964463569,0.4502421617507934,6.4,0.5319815874099731
corpus/mgm__orchestral_L5_verb__s0.wav,mgm,orchestral_L5_verb,0,orchestral,5,verbal,instrumental orchestral track,moderate energy,"instrumental orchestral track, moderate energy",6.2,-28.64842063410484,-0.0077093690633773,6.5,0.0958021432161331
corpus/mgm__orchestral_L5_verb__s1.wav,mgm,orchestral_L5_verb,1,orchestral,5,verbal,instrumental orchestral track,moderate energy,"instrumental orchestral track, moderate energy",6.5,-18.745791669418324,0.3130055665969848,6.5,0.2259318828582763
corpus/mgm__orchestral_L5_verb__s2.wav,mgm,orchestral_L5_verb,2,orchestral,5,verbal,instrumental orchestral track,moderate energy,"instrumental orchestral track, moderate energy",4.5,-29.94167257560884,-0.0168743059039115,6.0,0.2622444331645965
corpus/mgm__orchestral_L5_verb__s3.wav,mgm,orchestral_L5_verb,3,orchestral,5,verbal,instrumental orchestral track,moderate energy,"instrumental orchestral track, moderate energy",4.0,-26.17889052766236,0.1289639323949813,4.5,0.3300133645534515
corpus/mgm__orchestral_L5_verb__s4.wav,mgm,orchestral_L5_verb,4,orchestral,5,verbal,instrumental orchestral track,moderate energy,"instrumental orchestral track, moderate energy",4.5,-27.15552380633011,0.26837158203125,6.0,0.4325833320617676
corpus/mgm__orchestral_L5_verb__s5.wav,mgm,orchestral_L5_verb,5,orchestral,5,verbal,instrumental orchestral track,moderate energy,"instrumental orchestral track, moderate energy",4.1,-32.25805207030442,0.3537273705005646,6.0,0.5248183608055115
corpus/mgm__orchestral_L7_num__s0.wav,mgm,orchestral_L7_num,0,orchestral,7,numeric,instrumental orchestral track,energy level 7 out of 11,"instrumental orchestral track, energy level 7 out of 11",3.7,-32.6399749255365,-0.000180035829544,5.2,0.3357435762882232
corpus/mgm__orchestral_L7_num__s1.wav,mgm,orchestral_L7_num,1,orchestral,7,numeric,instrumental orchestral track,energy level 7 out of 11,"instrumental orchestral track, energy level 7 out of 11",5.2,-23.757176643569647,-0.031491681933403,6.0,0.1385627388954162
corpus/mgm__orchestral_L7_num__s2.wav,mgm,orchestral_L7_num,2,orchestral,7,numeric,instrumental orchestral track,energy level 7 out of 11,"instrumental orchestral track, energy level 7 out of 11",6.2,-24.03500648853222,0.3369743525981903,6.5,0.4817572832107544
corpus/mgm__orchestral_L7_num__s3.wav,mgm,orchestral_L7_num,3,orchestral,7,numeric,instrumental orchestral track,energy level 7 out of 11,"instrumental orchestral track, energy level 7 out of 11",5.5,-24.234572088135263,0.2461016029119491,6.2,0.4383364915847778
corpus/mgm__orchestral_L7_num__s4.wav,mgm,orchestral_L7_num,4,orchestral,7,numeric,instrumental orchestral track,energy level 7 out of 11,"instrumental orchestral track, energy level 7 out of 11",6.4,-20.212865131809743,0.2510690689086914,6.5,0.2881733179092407
corpus/mgm__orchestral_L7_num__s5.wav,mgm,orchestral_L7_num,5,orchestral,7,numeric,instrumental orchestral track,energy level 7 out of 11,"instrumental orchestral track, energy level 7 out of 11",5.5,-20.813507954084816,0.3868307471275329,6.4,0.4962312579154968
corpus/mgm__orchestral_L7_verb__s0.wav,mgm,orchestral_L7_verb,0,orchestral,7,verbal,instrumental orchestral track,energetic,"instrumental orchestral track, energetic",6.5,-19.967545131549013,0.4672979712486267,6.5,0.5719133019447327
corpus/mgm__orchestral_L7_verb__s1.wav,mgm,orchestral_L7_verb,1,orchestral,7,verbal,instrumental orchestral track,energetic,"instrumental orchestral track, energetic",6.2,-18.687465163183926,0.1591271758079528,6.4,0.4189715385437011
corpus/mgm__orchestral_L7_verb__s2.wav,mgm,orchestral_L7_verb,2,orchestral,7,verbal,instrumental orchestral track,energetic,"instrumental orchestral track, energetic",6.5,-18.001997482261512,0.4658597707748413,6.5,0.4612448215484619
corpus/mgm__orchestral_L7_verb__s3.wav,mgm,orchestral_L7_verb,3,orchestral,7,verbal,instrumental orchestral track,energetic,"instrumental orchestral track, energetic",6.5,-24.97244195649998,0.1428034007549286,6.5,0.3503905236721039
corpus/mgm__orchestral_L7_verb__s4.wav,mgm,orchestral_L7_verb,4,orchestral,7,verbal,instrumental orchestral track,energetic,"instrumental orchestral track, energetic",6.5,-15.113223018863591,0.440230518579483,6.5,0.5014564990997314
corpus/mgm__orchestral_L7_verb__s5.wav,mgm,orchestral_L7_verb,5,orchestral,7,verbal,instrumental orchestral track,energetic,"instrumental orchestral track, energetic",3.7,-38.97285541593308,0.0518723875284194,4.5,0.3755410611629486
corpus/mgm__orchestral_L9_num__s0.wav,mgm,orchestral_L9_num,0,orchestral,9,numeric,instrumental orchestral track,energy level 9 out of 11,"instrumental orchestral track, energy level 9 out of 11",6.5,-22.640218163577348,0.2614663243293762,6.5,0.129341572523117
corpus/mgm__orchestral_L9_num__s1.wav,mgm,orchestral_L9_num,1,orchestral,9,numeric,instrumental orchestral track,energy level 9 out of 11,"instrumental orchestral track, energy level 9 out of 11",4.1,-23.842034091109188,0.181560069322586,5.5,0.3587318658828735
corpus/mgm__orchestral_L9_num__s2.wav,mgm,orchestral_L9_num,2,orchestral,9,numeric,instrumental orchestral track,energy level 9 out of 11,"instrumental orchestral track, energy level 9 out of 11",4.1,-23.92317572876531,0.0716219693422317,5.5,0.179315447807312
corpus/mgm__orchestral_L9_num__s3.wav,mgm,orchestral_L9_num,3,orchestral,9,numeric,instrumental orchestral track,energy level 9 out of 11,"instrumental orchestral track, energy level 9 out of 11",6.5,-12.256125534414169,0.4839796721935272,6.5,0.3750434815883636
corpus/mgm__orchestral_L9_num__s4.wav,mgm,orchestral_L9_num,4,orchestral,9,numeric,instrumental orchestral track,energy level 9 out of 11,"instrumental orchestral track, energy level 9 out of 11",6.2,-34.35723738071346,-0.05482879281044,6.5,0.2108464986085891
corpus/mgm__orchestral_L9_num__s5.wav,mgm,orchestral_L9_num,5,orchestral,9,numeric,instrumental orchestral track,energy level 9 out of 11,"instrumental orchestral track, energy level 9 out of 11",6.5,-26.60882780249805,0.1894282698631286,6.5,0.4241533279418945
corpus/mgm__orchestral_L9_verb__s0.wav,mgm,orchestral_L9_verb,0,orchestral,9,verbal,instrumental orchestral track,extremely intense,"instrumental orchestral track, extremely intense",6.5,-13.915739060487082,0.2576743066310882,6.5,0.3128408789634704
corpus/mgm__orchestral_L9_verb__s1.wav,mgm,orchestral_L9_verb,1,orchestral,9,verbal,instrumental orchestral track,extremely intense,"instrumental orchestral track, extremely intense",6.4,-22.38576241652561,0.3013953566551208,6.5,0.5549755096435547
corpus/mgm__orchestral_L9_verb__s2.wav,mgm,orchestral_L9_verb,2,orchestral,9,verbal,instrumental orchestral track,extremely intense,"instrumental orchestral track, extremely intense",6.5,-19.962388831134994,0.593310534954071,6.5,0.5825451612472534
corpus/mgm__orchestral_L9_verb__s3.wav,mgm,orchestral_L9_verb,3,orchestral,9,verbal,instrumental orchestral track,extremely intense,"instrumental orchestral track, extremely intense",6.5,-24.35571401317312,0.3230689167976379,6.5,0.3825290203094482
corpus/mgm__orchestral_L9_verb__s4.wav,mgm,orchestral_L9_verb,4,orchestral,9,verbal,instrumental orchestral track,extremely intense,"instrumental orchestral track, extremely intense",6.4,-18.99406625347279,0.1723814606666565,6.5,0.2608649134635925
corpus/mgm__orchestral_L9_verb__s5.wav,mgm,orchestral_L9_verb,5,orchestral,9,verbal,instrumental orchestral track,extremely intense,"instrumental orchestral track, extremely intense",6.5,-11.113212920360096,0.5414185523986816,6.5,0.5585814118385315
corpus/mgm__rock_L1_num__s0.wav,mgm,rock_L1_num,0,rock,1,numeric,instrumental rock track,energy level 1 out of 11,"instrumental rock track, energy level 1 out of 11",4.5,-17.397913301091016,0.3945679664611816,5.2,0.4903433918952942
corpus/mgm__rock_L1_num__s1.wav,mgm,rock_L1_num,1,rock,1,numeric,instrumental rock track,energy level 1 out of 11,"instrumental rock track, energy level 1 out of 11",6.4,-14.0850313564279,0.5818673968315125,6.4,0.5689587593078613
corpus/mgm__rock_L1_num__s2.wav,mgm,rock_L1_num,2,rock,1,numeric,instrumental rock track,energy level 1 out of 11,"instrumental rock track, energy level 1 out of 11",6.4,-14.009360376318078,0.5168598294258118,6.4,0.5035598278045654
corpus/mgm__rock_L1_num__s3.wav,mgm,rock_L1_num,3,rock,1,numeric,instrumental rock track,energy level 1 out of 11,"instrumental rock track, energy level 1 out of 11",6.4,-16.862336578283966,0.5111182332038879,6.4,0.5347495675086975
corpus/mgm__rock_L1_num__s4.wav,mgm,rock_L1_num,4,rock,1,numeric,instrumental rock track,energy level 1 out of 11,"instrumental rock track, energy level 1 out of 11",6.5,-18.021254592668715,0.4568381309509277,6.5,0.4588850140571594
corpus/mgm__rock_L1_num__s5.wav,mgm,rock_L1_num,5,rock,1,numeric,instrumental rock track,energy level 1 out of 11,"instrumental rock track, energy level 1 out of 11",6.2,-15.494681426543998,0.603726863861084,6.4,0.6268890500068665
corpus/mgm__rock_L1_verb__s0.wav,mgm,rock_L1_verb,0,rock,1,verbal,instrumental rock track,very calm,"instrumental rock track, very calm",6.0,-18.40744986538516,0.4274828433990478,6.4,0.4388636350631714
corpus/mgm__rock_L1_verb__s1.wav,mgm,rock_L1_verb,1,rock,1,verbal,instrumental rock track,very calm,"instrumental rock track, very calm",6.4,-18.631853662415867,0.2493950128555297,6.5,0.2945513427257538
corpus/mgm__rock_L1_verb__s2.wav,mgm,rock_L1_verb,2,rock,1,verbal,instrumental rock track,very calm,"instrumental rock track, very calm",6.5,-25.20704388782692,0.0323159992694854,6.5,0.3485263884067535
corpus/mgm__rock_L1_verb__s3.wav,mgm,rock_L1_verb,3,rock,1,verbal,instrumental rock track,very calm,"instrumental rock track, very calm",6.5,-20.18139105704177,0.3796976804733276,6.5,0.3618171215057373
corpus/mgm__rock_L1_verb__s4.wav,mgm,rock_L1_verb,4,rock,1,verbal,instrumental rock track,very calm,"instrumental rock track, very calm",6.4,-19.410375565341194,0.3373112082481384,6.5,0.3846456408500671
corpus/mgm__rock_L1_verb__s5.wav,mgm,rock_L1_verb,5,rock,1,verbal,instrumental rock track,very calm,"instrumental rock track, very calm",6.4,-15.02226708428711,0.3743024170398712,6.4,0.3604269921779632
corpus/mgm__rock_L3_num__s0.wav,mgm,rock_L3_num,0,rock,3,numeric,instrumental rock track,energy level 3 out of 11,"instrumental rock track, energy level 3 out of 11",6.4,-14.580115537509982,0.5121435523033142,6.5,0.5324674844741821
corpus/mgm__rock_L3_num__s1.wav,mgm,rock_L3_num,1,rock,3,numeric,instrumental rock track,energy level 3 out of 11,"instrumental rock track, energy level 3 out of 11",6.5,-15.294754017502449,0.5063331723213196,6.5,0.5358946323394775
corpus/mgm__rock_L3_num__s2.wav,mgm,rock_L3_num,2,rock,3,numeric,instrumental rock track,energy level 3 out of 11,"instrumental rock track, energy level 3 out of 11",6.5,-11.978725552458524,0.4791812598705292,6.5,0.6050220131874084
corpus/mgm__rock_L3_num__s3.wav,mgm,rock_L3_num,3,rock,3,numeric,instrumental rock track,energy level 3 out of 11,"instrumental rock track, energy level 3 out of 11",6.0,-18.71210163883361,0.5611083507537842,6.4,0.5588555335998535
corpus/mgm__rock_L3_num__s4.wav,mgm,rock_L3_num,4,rock,3,numeric,instrumental rock track,energy level 3 out of 11,"instrumental rock track, energy level 3 out of 11",6.0,-16.145373376320396,0.4343403577804565,6.4,0.5093730688095093
corpus/mgm__rock_L3_num__s5.wav,mgm,rock_L3_num,5,rock,3,numeric,instrumental rock track,energy level 3 out of 11,"instrumental rock track, energy level 3 out of 11",6.5,-13.023687467773074,0.5512274503707886,6.4,0.5486976504325867
corpus/mgm__rock_L3_verb__s0.wav,mgm,rock_L3_verb,0,rock,3,verbal,instrumental rock track,calm,"instrumental rock track, calm",6.4,-14.09811659229113,0.2923661470413208,6.4,0.35763019323349
corpus/mgm__rock_L3_verb__s1.wav,mgm,rock_L3_verb,1,rock,3,verbal,instrumental rock track,calm,"instrumental rock track, calm",6.5,-18.264770274764665,0.5028063058853149,6.5,0.4806948602199554
corpus/mgm__rock_L3_verb__s2.wav,mgm,rock_L3_verb,2,rock,3,verbal,instrumental rock track,calm,"instrumental rock track, calm",6.5,-21.658761781792634,0.2993698120117187,6.5,0.346377968788147
corpus/mgm__rock_L3_verb__s3.wav,mgm,rock_L3_verb,3,rock,3,verbal,instrumental rock track,calm,"instrumental rock track, calm",6.2,-22.03307270329173,0.0952140092849731,6.5,0.2427341639995575
corpus/mgm__rock_L3_verb__s4.wav,mgm,rock_L3_verb,4,rock,3,verbal,instrumental rock track,calm,"instrumental rock track, calm",6.2,-15.047290327661406,0.3661342859268188,6.4,0.3866925835609436
corpus/mgm__rock_L3_verb__s5.wav,mgm,rock_L3_verb,5,rock,3,verbal,instrumental rock track,calm,"instrumental rock track, calm",6.5,-20.430771552614587,0.4133156836032867,6.5,0.4036017656326294
corpus/mgm__rock_L5_num__s0.wav,mgm,rock_L5_num,0,rock,5,numeric,instrumental rock track,energy level 5 out of 11,"instrumental rock track, energy level 5 out of 11",6.5,-17.866250612544153,0.5118376612663269,6.5,0.4731254875659942
corpus/mgm__rock_L5_num__s1.wav,mgm,rock_L5_num,1,rock,5,numeric,instrumental rock track,energy level 5 out of 11,"instrumental rock track, energy level 5 out of 11",6.5,-13.536213593854788,0.5848837494850159,6.5,0.5652573108673096
corpus/mgm__rock_L5_num__s2.wav,mgm,rock_L5_num,2,rock,5,numeric,instrumental rock track,energy level 5 out of 11,"instrumental rock track, energy level 5 out of 11",6.5,-14.635231767651696,0.432780921459198,6.5,0.4548172950744629
corpus/mgm__rock_L5_num__s3.wav,mgm,rock_L5_num,3,rock,5,numeric,instrumental rock track,energy level 5 out of 11,"instrumental rock track, energy level 5 out of 11",6.5,-16.039658460482766,0.4969389140605926,6.5,0.5416801571846008
corpus/mgm__rock_L5_num__s4.wav,mgm,rock_L5_num,4,rock,5,numeric,instrumental rock track,energy level 5 out of 11,"instrumental rock track, energy level 5 out of 11",6.4,-14.8373352289726,0.5344780683517456,6.4,0.5366359949111938
corpus/mgm__rock_L5_num__s5.wav,mgm,rock_L5_num,5,rock,5,numeric,instrumental rock track,energy level 5 out of 11,"instrumental rock track, energy level 5 out of 11",6.4,-14.98419461676304,0.5491858720779419,6.5,0.515484631061554
corpus/mgm__rock_L5_verb__s0.wav,mgm,rock_L5_verb,0,rock,5,verbal,instrumental rock track,moderate energy,"instrumental rock track, moderate energy",6.4,-16.115257851042742,0.4750084280967712,6.5,0.4607892632484436
corpus/mgm__rock_L5_verb__s1.wav,mgm,rock_L5_verb,1,rock,5,verbal,instrumental rock track,moderate energy,"instrumental rock track, moderate energy",6.5,-20.623890579212425,0.5570994019508362,6.5,0.6284148097038269
corpus/mgm__rock_L5_verb__s2.wav,mgm,rock_L5_verb,2,rock,5,verbal,instrumental rock track,moderate energy,"instrumental rock track, moderate energy",6.5,-14.263002416029607,0.4502125382423401,6.5,0.4423722326755523
corpus/mgm__rock_L5_verb__s3.wav,mgm,rock_L5_verb,3,rock,5,verbal,instrumental rock track,moderate energy,"instrumental rock track, moderate energy",6.5,-13.996226379222724,0.4668760895729065,6.5,0.4627289175987243
corpus/mgm__rock_L5_verb__s4.wav,mgm,rock_L5_verb,4,rock,5,verbal,instrumental rock track,moderate energy,"instrumental rock track, moderate energy",6.5,-18.343002655789675,0.4714765250682831,6.5,0.523887574672699
corpus/mgm__rock_L5_verb__s5.wav,mgm,rock_L5_verb,5,rock,5,verbal,instrumental rock track,moderate energy,"instrumental rock track, moderate energy",6.5,-17.182463658451354,0.4631390273571014,6.5,0.4926553666591644
corpus/mgm__rock_L7_num__s0.wav,mgm,rock_L7_num,0,rock,7,numeric,instrumental rock track,energy level 7 out of 11,"instrumental rock track, energy level 7 out of 11",6.2,-14.610308697430357,0.4715529978275299,6.2,0.4925545454025268
corpus/mgm__rock_L7_num__s1.wav,mgm,rock_L7_num,1,rock,7,numeric,instrumental rock track,energy level 7 out of 11,"instrumental rock track, energy level 7 out of 11",6.5,-16.573028684575352,0.4993781447410583,6.5,0.580542802810669
corpus/mgm__rock_L7_num__s2.wav,mgm,rock_L7_num,2,rock,7,numeric,instrumental rock track,energy level 7 out of 11,"instrumental rock track, energy level 7 out of 11",6.5,-14.417135167357248,0.5416422486305237,6.5,0.5683525800704956
corpus/mgm__rock_L7_num__s3.wav,mgm,rock_L7_num,3,rock,7,numeric,instrumental rock track,energy level 7 out of 11,"instrumental rock track, energy level 7 out of 11",6.4,-15.969197333599434,0.4451315999031067,6.5,0.5099990963935852
corpus/mgm__rock_L7_num__s4.wav,mgm,rock_L7_num,4,rock,7,numeric,instrumental rock track,energy level 7 out of 11,"instrumental rock track, energy level 7 out of 11",6.5,-14.637668750690224,0.543428361415863,6.5,0.5530133843421936
corpus/mgm__rock_L7_num__s5.wav,mgm,rock_L7_num,5,rock,7,numeric,instrumental rock track,energy level 7 out of 11,"instrumental rock track, energy level 7 out of 11",6.5,-15.266153648277532,0.5417963862419128,6.5,0.547758936882019
corpus/mgm__rock_L7_verb__s0.wav,mgm,rock_L7_verb,0,rock,7,verbal,instrumental rock track,energetic,"instrumental rock track, energetic",6.5,-12.48116779187716,0.4181710481643677,6.5,0.4838097691535949
corpus/mgm__rock_L7_verb__s1.wav,mgm,rock_L7_verb,1,rock,7,verbal,instrumental rock track,energetic,"instrumental rock track, energetic",6.5,-18.178674190973133,0.4706349968910217,6.5,0.5580742955207825
corpus/mgm__rock_L7_verb__s2.wav,mgm,rock_L7_verb,2,rock,7,verbal,instrumental rock track,energetic,"instrumental rock track, energetic",6.5,-18.18952399122888,0.4369302988052368,6.5,0.4414600133895874
corpus/mgm__rock_L7_verb__s3.wav,mgm,rock_L7_verb,3,rock,7,verbal,instrumental rock track,energetic,"instrumental rock track, energetic",6.5,-13.639603046303362,0.4593607485294342,6.5,0.4400250315666199
corpus/mgm__rock_L7_verb__s4.wav,mgm,rock_L7_verb,4,rock,7,verbal,instrumental rock track,energetic,"instrumental rock track, energetic",6.5,-14.153771068884032,0.4082473516464233,6.5,0.426551342010498
corpus/mgm__rock_L7_verb__s5.wav,mgm,rock_L7_verb,5,rock,7,verbal,instrumental rock track,energetic,"instrumental rock track, energetic",6.5,-15.576915608734293,0.5372267961502075,6.5,0.5436549782752991
corpus/mgm__rock_L9_num__s0.wav,mgm,rock_L9_num,0,rock,9,numeric,instrumental rock track,energy level 9 out of 11,"instrumental rock track, energy level 9 out of 11",6.5,-16.15631050385297,0.5666630268096924,6.5,0.5376076698303223
corpus/mgm__rock_L9_num__s1.wav,mgm,rock_L9_num,1,rock,9,numeric,instrumental rock track,energy level 9 out of 11,"instrumental rock track, energy level 9 out of 11",6.5,-14.89160076786462,0.5433487892150879,6.5,0.6084187030792236
corpus/mgm__rock_L9_num__s2.wav,mgm,rock_L9_num,2,rock,9,numeric,instrumental rock track,energy level 9 out of 11,"instrumental rock track, energy level 9 out of 11",6.5,-18.780553857218848,0.5148332118988037,6.5,0.5336587429046631
corpus/mgm__rock_L9_num__s3.wav,mgm,rock_L9_num,3,rock,9,numeric,instrumental rock track,energy level 9 out of 11,"instrumental rock track, energy level 9 out of 11",6.5,-13.80116420870712,0.4699370265007019,6.4,0.4970226287841797
corpus/mgm__rock_L9_num__s4.wav,mgm,rock_L9_num,4,rock,9,numeric,instrumental rock track,energy level 9 out of 11,"instrumental rock track, energy level 9 out of 11",6.4,-17.777968267387923,0.5416774153709412,6.5,0.5266172289848328
corpus/mgm__rock_L9_num__s5.wav,mgm,rock_L9_num,5,rock,9,numeric,instrumental rock track,energy level 9 out of 11,"instrumental rock track, energy level 9 out of 11",6.5,-13.40119251630158,0.5087943077087402,6.5,0.551642656326294
corpus/mgm__rock_L9_verb__s0.wav,mgm,rock_L9_verb,0,rock,9,verbal,instrumental rock track,extremely intense,"instrumental rock track, extremely intense",6.5,-15.93637152173675,0.5559360384941101,6.5,0.5893789529800415
corpus/mgm__rock_L9_verb__s1.wav,mgm,rock_L9_verb,1,rock,9,verbal,instrumental rock track,extremely intense,"instrumental rock track, extremely intense",6.5,-15.354018646877426,0.1836782097816467,6.5,0.2995955348014831
corpus/mgm__rock_L9_verb__s2.wav,mgm,rock_L9_verb,2,rock,9,verbal,instrumental rock track,extremely intense,"instrumental rock track, extremely intense",6.5,-14.777016507853366,0.5437602996826172,6.5,0.6053529381752014
corpus/mgm__rock_L9_verb__s3.wav,mgm,rock_L9_verb,3,rock,9,verbal,instrumental rock track,extremely intense,"instrumental rock track, extremely intense",6.4,-18.190070372230203,0.066004492342472,6.5,0.1228450238704681
corpus/mgm__rock_L9_verb__s4.wav,mgm,rock_L9_verb,4,rock,9,verbal,instrumental rock track,extremely intense,"instrumental rock track, extremely intense",6.5,-14.264244722916803,0.6080906391143799,6.5,0.5170152187347412
corpus/mgm__rock_L9_verb__s5.wav,mgm,rock_L9_verb,5,rock,9,verbal,instrumental rock track,extremely intense,"instrumental rock track, extremely intense",6.5,-19.394837707539192,0.4131621420383453,6.5,0.5380674600601196
corpus/mgs__edm_L1_num__s0.wav,mgs,edm_L1_num,0,edm,1,numeric,instrumental electronic dance track,energy level 1 out of 11,"instrumental electronic dance track, energy level 1 out of 11",6.5,-14.893316319063386,0.3775625824928283,6.5,0.4104819595813751
corpus/mgs__edm_L1_num__s1.wav,mgs,edm_L1_num,1,edm,1,numeric,instrumental electronic dance track,energy level 1 out of 11,"instrumental electronic dance track, energy level 1 out of 11",5.2,-18.69918592240206,0.3200427293777466,6.2,0.3803794682025909
corpus/mgs__edm_L1_num__s2.wav,mgs,edm_L1_num,2,edm,1,numeric,instrumental electronic dance track,energy level 1 out of 11,"instrumental electronic dance track, energy level 1 out of 11",6.5,-19.874816359734968,0.2969349920749664,6.5,0.2992198467254638
corpus/mgs__edm_L1_num__s3.wav,mgs,edm_L1_num,3,edm,1,numeric,instrumental electronic dance track,energy level 1 out of 11,"instrumental electronic dance track, energy level 1 out of 11",6.5,-16.923692174195363,0.1954853385686874,6.5,0.3068239688873291
corpus/mgs__edm_L1_num__s4.wav,mgs,edm_L1_num,4,edm,1,numeric,instrumental electronic dance track,energy level 1 out of 11,"instrumental electronic dance track, energy level 1 out of 11",6.5,-21.30981537592667,0.2485464662313461,6.5,0.3585851192474365
corpus/mgs__edm_L1_num__s5.wav,mgs,edm_L1_num,5,edm,1,numeric,instrumental electronic dance track,energy level 1 out of 11,"instrumental electronic dance track, energy level 1 out of 11",6.5,-17.705774412715844,0.2733592092990875,6.5,0.3279466331005096
corpus/mgs__edm_L1_verb__s0.wav,mgs,edm_L1_verb,0,edm,1,verbal,instrumental electronic dance track,very calm,"instrumental electronic dance track, very calm",6.0,-21.96798080856244,0.1653203219175338,6.5,0.2607889175415039
corpus/mgs__edm_L1_verb__s1.wav,mgs,edm_L1_verb,1,edm,1,verbal,instrumental electronic dance track,very calm,"instrumental electronic dance track, very calm",3.7,-21.35132180296016,0.0623708963394165,4.5,0.0961722433567047
corpus/mgs__edm_L1_verb__s2.wav,mgs,edm_L1_verb,2,edm,1,verbal,instrumental electronic dance track,very calm,"instrumental electronic dance track, very calm",6.4,-16.890305387621332,0.1542405784130096,6.5,0.1743401885032653
corpus/mgs__edm_L1_verb__s3.wav,mgs,edm_L1_verb,3,edm,1,verbal,instrumental electronic dance track,very calm,"instrumental electronic dance track, very calm",3.7,-23.947654419646643,0.0350685119628906,3.7,0.0753749459981918
corpus/mgs__edm_L1_verb__s4.wav,mgs,edm_L1_verb,4,edm,1,verbal,instrumental electronic dance track,very calm,"instrumental electronic dance track, very calm",6.2,-17.948633199209965,0.0981820076704025,6.4,0.1376980692148208
corpus/mgs__edm_L1_verb__s5.wav,mgs,edm_L1_verb,5,edm,1,verbal,instrumental electronic dance track,very calm,"instrumental electronic dance track, very calm",6.4,-14.635105316354243,0.042421355843544,6.4,0.0869115740060806
corpus/mgs__edm_L3_num__s0.wav,mgs,edm_L3_num,0,edm,3,numeric,instrumental electronic dance track,energy level 3 out of 11,"instrumental electronic dance track, energy level 3 out of 11",6.4,-14.945330928181054,0.400631308555603,6.5,0.4232186675071716
corpus/mgs__edm_L3_num__s1.wav,mgs,edm_L3_num,1,edm,3,numeric,instrumental electronic dance track,energy level 3 out of 11,"instrumental electronic dance track, energy level 3 out of 11",6.0,-20.58883452636461,0.0676362812519073,6.4,0.137328028678894
corpus/mgs__edm_L3_num__s2.wav,mgs,edm_L3_num,2,edm,3,numeric,instrumental electronic dance track,energy level 3 out of 11,"instrumental electronic dance track, energy level 3 out of 11",6.2,-18.62124228869821,0.1850217580795288,6.5,0.1516961753368377
corpus/mgs__edm_L3_num__s3.wav,mgs,edm_L3_num,3,edm,3,numeric,instrumental electronic dance track,energy level 3 out of 11,"instrumental electronic dance track, energy level 3 out of 11",6.4,-17.904537715854314,0.4010544121265411,6.5,0.4006771445274353
corpus/mgs__edm_L3_num__s4.wav,mgs,edm_L3_num,4,edm,3,numeric,instrumental electronic dance track,energy level 3 out of 11,"instrumental electronic dance track, energy level 3 out of 11",6.0,-22.127648662793124,0.0993368476629257,6.5,0.2149785608053207
corpus/mgs__edm_L3_num__s5.wav,mgs,edm_L3_num,5,edm,3,numeric,instrumental electronic dance track,energy level 3 out of 11,"instrumental electronic dance track, energy level 3 out of 11",6.5,-15.52703642565353,0.3474714457988739,6.5,0.3684934675693512
corpus/mgs__edm_L3_verb__s0.wav,mgs,edm_L3_verb,0,edm,3,verbal,instrumental electronic dance track,calm,"instrumental electronic dance track, calm",5.2,-19.964389149139148,0.1568843573331833,6.0,0.124391496181488
corpus/mgs__edm_L3_verb__s1.wav,mgs,edm_L3_verb,1,edm,3,verbal,instrumental electronic dance track,calm,"instrumental electronic dance track, calm",6.4,-19.03148826938198,0.1299109905958175,6.5,0.1658048331737518
corpus/mgs__edm_L3_verb__s2.wav,mgs,edm_L3_verb,2,edm,3,verbal,instrumental electronic dance track,calm,"instrumental electronic dance track, calm",6.4,-20.08967070427799,0.0505335628986358,6.5,0.1133733391761779
corpus/mgs__edm_L3_verb__s3.wav,mgs,edm_L3_verb,3,edm,3,verbal,instrumental electronic dance track,calm,"instrumental electronic dance track, calm",6.5,-17.081819120859922,-0.2055920958518982,6.5,-0.1983197033405304
corpus/mgs__edm_L3_verb__s4.wav,mgs,edm_L3_verb,4,edm,3,verbal,instrumental electronic dance track,calm,"instrumental electronic dance track, calm",5.5,-18.585074510859613,0.109475627541542,6.0,0.1438212990760803
corpus/mgs__edm_L3_verb__s5.wav,mgs,edm_L3_verb,5,edm,3,verbal,instrumental electronic dance track,calm,"instrumental electronic dance track, calm",4.4,-25.90026071146107,0.0327440053224563,5.5,0.1497671157121658
corpus/mgs__edm_L5_num__s0.wav,mgs,edm_L5_num,0,edm,5,numeric,instrumental electronic dance track,energy level 5 out of 11,"instrumental electronic dance track, energy level 5 out of 11",6.5,-15.361856800028232,0.4119384288787842,6.5,0.4015875160694122
corpus/mgs__edm_L5_num__s1.wav,mgs,edm_L5_num,1,edm,5,numeric,instrumental electronic dance track,energy level 5 out of 11,"instrumental electronic dance track, energy level 5 out of 11",6.5,-22.83282471143191,-0.1794758737087249,6.5,-0.2174161672592163
corpus/mgs__edm_L5_num__s2.wav,mgs,edm_L5_num,2,edm,5,numeric,instrumental electronic dance track,energy level 5 out of 11,"instrumental electronic dance track, energy level 5 out of 11",6.4,-14.80755443402012,0.1794572323560714,6.5,0.1473985165357589
corpus/mgs__edm_L5_num__s3.wav,mgs,edm_L5_num,3,edm,5,numeric,instrumental electronic dance track,energy level 5 out of 11,"instrumental electronic dance track, energy level 5 out of 11",6.4,-21.521467487890284,0.2362047135829925,6.5,0.3172050714492798
corpus/mgs__edm_L5_num__s4.wav,mgs,edm_L5_num,4,edm,5,numeric,instrumental electronic dance track,energy level 5 out of 11,"instrumental electronic dance track, energy level 5 out of 11",6.5,-19.17926553501764,0.2447630614042282,6.5,0.2260324954986572
corpus/mgs__edm_L5_num__s5.wav,mgs,edm_L5_num,5,edm,5,numeric,instrumental electronic dance track,energy level 5 out of 11,"instrumental electronic dance track, energy level 5 out of 11",6.5,-16.357241443261433,0.4114219844341278,6.5,0.2999809980392456
corpus/mgs__edm_L5_verb__s0.wav,mgs,edm_L5_verb,0,edm,5,verbal,instrumental electronic dance track,moderate energy,"instrumental electronic dance track, moderate energy",6.4,-18.62370918088251,0.4268456399440765,6.5,0.4477819502353668
corpus/mgs__edm_L5_verb__s1.wav,mgs,edm_L5_verb,1,edm,5,verbal,instrumental electronic dance track,moderate energy,"instrumental electronic dance track, moderate energy",6.5,-11.67097143398446,0.445464938879013,6.4,0.3655116558074951
corpus/mgs__edm_L5_verb__s2.wav,mgs,edm_L5_verb,2,edm,5,verbal,instrumental electronic dance track,moderate energy,"instrumental electronic dance track, moderate energy",6.5,-16.288038891552933,0.2547607123851776,6.5,0.1536726057529449
corpus/mgs__edm_L5_verb__s3.wav,mgs,edm_L5_verb,3,edm,5,verbal,instrumental electronic dance track,moderate energy,"instrumental electronic dance track, moderate energy",6.4,-19.74487669944117,0.2310605943202972,6.5,0.2015089839696884
corpus/mgs__edm_L5_verb__s4.wav,mgs,edm_L5_verb,4,edm,5,verbal,instrumental electronic dance track,moderate energy,"instrumental electronic dance track, moderate energy",6.5,-21.117606705989928,0.2820008993148803,6.5,0.4961914718151092
corpus/mgs__edm_L5_verb__s5.wav,mgs,edm_L5_verb,5,edm,5,verbal,instrumental electronic dance track,moderate energy,"instrumental electronic dance track, moderate energy",6.5,-13.383822199562692,0.262944608926773,6.5,0.2514623701572418
corpus/mgs__edm_L7_num__s0.wav,mgs,edm_L7_num,0,edm,7,numeric,instrumental electronic dance track,energy level 7 out of 11,"instrumental electronic dance track, energy level 7 out of 11",6.5,-17.6281992063786,0.3001723885536194,6.5,0.368795782327652
corpus/mgs__edm_L7_num__s1.wav,mgs,edm_L7_num,1,edm,7,numeric,instrumental electronic dance track,energy level 7 out of 11,"instrumental electronic dance track, energy level 7 out of 11",5.5,-13.64993690805334,0.2729530036449432,5.5,0.0693803131580352
corpus/mgs__edm_L7_num__s2.wav,mgs,edm_L7_num,2,edm,7,numeric,instrumental electronic dance track,energy level 7 out of 11,"instrumental electronic dance track, energy level 7 out of 11",6.5,-20.58365802329069,0.2888666689395904,6.5,0.3286817371845245
corpus/mgs__edm_L7_num__s3.wav,mgs,edm_L7_num,3,edm,7,numeric,instrumental electronic dance track,energy level 7 out of 11,"instrumental electronic dance track, energy level 7 out of 11",6.5,-18.59142292142848,0.3262227177619934,6.5,0.320242702960968
corpus/mgs__edm_L7_num__s4.wav,mgs,edm_L7_num,4,edm,7,numeric,instrumental electronic dance track,energy level 7 out of 11,"instrumental electronic dance track, energy level 7 out of 11",6.0,-15.724924541671102,0.1547462344169616,6.2,0.2306001782417297
corpus/mgs__edm_L7_num__s5.wav,mgs,edm_L7_num,5,edm,7,numeric,instrumental electronic dance track,energy level 7 out of 11,"instrumental electronic dance track, energy level 7 out of 11",6.0,-18.148850113528656,0.1951721310615539,6.4,0.2434852421283722
corpus/mgs__edm_L7_verb__s0.wav,mgs,edm_L7_verb,0,edm,7,verbal,instrumental electronic dance track,energetic,"instrumental electronic dance track, energetic",6.5,-13.147169448058778,0.5205816030502319,6.5,0.478756695985794
corpus/mgs__edm_L7_verb__s1.wav,mgs,edm_L7_verb,1,edm,7,verbal,instrumental electronic dance track,energetic,"instrumental electronic dance track, energetic",6.5,-15.79092756942467,0.4980982840061188,6.5,0.4728729724884033
corpus/mgs__edm_L7_verb__s2.wav,mgs,edm_L7_verb,2,edm,7,verbal,instrumental electronic dance track,energetic,"instrumental electronic dance track, energetic",6.5,-15.279345245389832,0.3051014542579651,6.5,0.3118766546249389
corpus/mgs__edm_L7_verb__s3.wav,mgs,edm_L7_verb,3,edm,7,verbal,instrumental electronic dance track,energetic,"instrumental electronic dance track, energetic",6.5,-17.35711687637379,0.1732917428016662,6.5,0.2793920934200287
corpus/mgs__edm_L7_verb__s4.wav,mgs,edm_L7_verb,4,edm,7,verbal,instrumental electronic dance track,energetic,"instrumental electronic dance track, energetic",6.0,-12.693470139973885,0.3599706888198852,6.0,0.3666329383850097
corpus/mgs__edm_L7_verb__s5.wav,mgs,edm_L7_verb,5,edm,7,verbal,instrumental electronic dance track,energetic,"instrumental electronic dance track, energetic",6.5,-11.658236388518436,0.493212342262268,6.5,0.4428231716156006
corpus/mgs__edm_L9_num__s0.wav,mgs,edm_L9_num,0,edm,9,numeric,instrumental electronic dance track,energy level 9 out of 11,"instrumental electronic dance track, energy level 9 out of 11",6.5,-8.912649120240806,0.3903612494468689,6.5,0.3813579976558685
corpus/mgs__edm_L9_num__s1.wav,mgs,edm_L9_num,1,edm,9,numeric,instrumental electronic dance track,energy level 9 out of 11,"instrumental electronic dance track, energy level 9 out of 11",6.5,-20.151992343453472,0.2745407819747925,6.5,0.2166736721992492
corpus/mgs__edm_L9_num__s2.wav,mgs,edm_L9_num,2,edm,9,numeric,instrumental electronic dance track,energy level 9 out of 11,"instrumental electronic dance track, energy level 9 out of 11",6.0,-21.816345449760217,0.217160940170288,6.4,0.4478883147239685
corpus/mgs__edm_L9_num__s3.wav,mgs,edm_L9_num,3,edm,9,numeric,instrumental electronic dance track,energy level 9 out of 11,"instrumental electronic dance track, energy level 9 out of 11",6.5,-19.29568631040079,0.2666915357112884,6.5,0.3274440169334411
corpus/mgs__edm_L9_num__s4.wav,mgs,edm_L9_num,4,edm,9,numeric,instrumental electronic dance track,energy level 9 out of 11,"instrumental electronic dance track, energy level 9 out of 11",6.5,-19.419958326147785,0.3061589002609253,6.5,0.348084419965744
corpus/mgs__edm_L9_num__s5.wav,mgs,edm_L9_num,5,edm,9,numeric,instrumental electronic dance track,energy level 9 out of 11,"instrumental electronic dance track, energy level 9 out of 11",6.4,-18.95250974560543,0.2899917662143707,6.5,0.3559159934520721
corpus/mgs__edm_L9_verb__s0.wav,mgs,edm_L9_verb,0,edm,9,verbal,instrumental electronic dance track,extremely intense,"instrumental electronic dance track, extremely intense",6.5,-24.11948679594312,0.2884756624698639,6.5,0.4592130184173584
corpus/mgs__edm_L9_verb__s1.wav,mgs,edm_L9_verb,1,edm,9,verbal,instrumental electronic dance track,extremely intense,"instrumental electronic dance track, extremely intense",6.5,-21.003432078145227,0.2871083915233612,6.5,0.4158443510532379
corpus/mgs__edm_L9_verb__s2.wav,mgs,edm_L9_verb,2,edm,9,verbal,instrumental electronic dance track,extremely intense,"instrumental electronic dance track, extremely intense",6.4,-14.805513542654264,0.3628190159797668,6.5,0.4248206317424774
corpus/mgs__edm_L9_verb__s3.wav,mgs,edm_L9_verb,3,edm,9,verbal,instrumental electronic dance track,extremely intense,"instrumental electronic dance track, extremely intense",6.5,-17.099334021922566,0.2084177136421203,6.5,0.4117040932178497
corpus/mgs__edm_L9_verb__s4.wav,mgs,edm_L9_verb,4,edm,9,verbal,instrumental electronic dance track,extremely intense,"instrumental electronic dance track, extremely intense",6.5,-21.62512731779873,0.2224537432193756,6.5,0.3610045313835144
corpus/mgs__edm_L9_verb__s5.wav,mgs,edm_L9_verb,5,edm,9,verbal,instrumental electronic dance track,extremely intense,"instrumental electronic dance track, extremely intense",5.9,-25.48080231901806,0.1960213482379913,6.2,0.2932019829750061
corpus/mgs__folk_L1_num__s0.wav,mgs,folk_L1_num,0,folk,1,numeric,instrumental acoustic folk track,energy level 1 out of 11,"instrumental acoustic folk track, energy level 1 out of 11",5.2,-18.834755827159583,0.3886798620223999,6.0,0.39469775557518
corpus/mgs__folk_L1_num__s1.wav,mgs,folk_L1_num,1,folk,1,numeric,instrumental acoustic folk track,energy level 1 out of 11,"instrumental acoustic folk track, energy level 1 out of 11",4.1,-18.60583759114318,0.1807979196310043,5.2,0.2534789443016052
corpus/mgs__folk_L1_num__s2.wav,mgs,folk_L1_num,2,folk,1,numeric,instrumental acoustic folk track,energy level 1 out of 11,"instrumental acoustic folk track, energy level 1 out of 11",4.5,-23.799034613400508,0.3080151975154876,5.9,0.3731808066368103
corpus/mgs__folk_L1_num__s3.wav,mgs,folk_L1_num,3,folk,1,numeric,instrumental acoustic folk track,energy level 1 out of 11,"instrumental acoustic folk track, energy level 1 out of 11",4.4,-21.636679329172924,0.2391421347856521,5.5,0.3516970574855804
corpus/mgs__folk_L1_num__s4.wav,mgs,folk_L1_num,4,folk,1,numeric,instrumental acoustic folk track,energy level 1 out of 11,"instrumental acoustic folk track, energy level 1 out of 11",5.2,-21.84118930453155,0.311440646648407,6.0,0.3940035402774811
corpus/mgs__folk_L1_num__s5.wav,mgs,folk_L1_num,5,folk,1,numeric,instrumental acoustic folk track,energy level 1 out of 11,"instrumental acoustic folk track, energy level 1 out of 11",6.0,-22.3900651982788,0.3121438026428222,6.5,0.4139825403690338
corpus/mgs__folk_L1_verb__s0.wav,mgs,folk_L1_verb,0,folk,1,verbal,instrumental acoustic folk track,very calm,"instrumental acoustic folk track, very calm",4.5,-21.889821460522587,0.2501339316368103,6.0,0.3332083523273468
corpus/mgs__folk_L1_verb__s1.wav,mgs,folk_L1_verb,1,folk,1,verbal,instrumental acoustic folk track,very calm,"instrumental acoustic folk track, very calm",4.4,-25.97330080873296,-0.2762260437011719,5.2,-0.1393743455410003
corpus/mgs__folk_L1_verb__s2.wav,mgs,folk_L1_verb,2,folk,1,verbal,instrumental acoustic folk track,very calm,"instrumental acoustic folk track, very calm",3.7,-14.8264515333164,0.0354144722223281,3.7,-0.0245081782341003
corpus/mgs__folk_L1_verb__s3.wav,mgs,folk_L1_verb,3,folk,1,verbal,instrumental acoustic folk track,very calm,"instrumental acoustic folk track, very calm",4.1,-23.43354040625648,0.2250882536172866,5.5,0.2792938947677612
corpus/mgs__folk_L1_verb__s4.wav,mgs,folk_L1_verb,4,folk,1,verbal,instrumental acoustic folk track,very calm,"instrumental acoustic folk track, very calm",4.1,-24.4677871698357,0.278229147195816,5.2,0.3881733119487762
corpus/mgs__folk_L1_verb__s5.wav,mgs,folk_L1_verb,5,folk,1,verbal,instrumental acoustic folk track,very calm,"instrumental acoustic folk track, very calm",4.1,-25.749435338272963,-0.2089607864618301,4.2,0.3068897426128387
corpus/mgs__folk_L3_num__s0.wav,mgs,folk_L3_num,0,folk,3,numeric,instrumental acoustic folk track,energy level 3 out of 11,"instrumental acoustic folk track, energy level 3 out of 11",4.4,-15.17370720129018,0.3309051096439361,4.5,0.3538914322853088
corpus/mgs__folk_L3_num__s1.wav,mgs,folk_L3_num,1,folk,3,numeric,instrumental acoustic folk track,energy level 3 out of 11,"instrumental acoustic folk track, energy level 3 out of 11",5.5,-18.577494902760925,0.2032178342342376,6.0,0.3591783046722412
corpus/mgs__folk_L3_num__s2.wav,mgs,folk_L3_num,2,folk,3,numeric,instrumental acoustic folk track,energy level 3 out of 11,"instrumental acoustic folk track, energy level 3 out of 11",5.2,-13.657898497920412,0.3615579605102539,5.2,0.3102933764457702
corpus/mgs__folk_L3_num__s3.wav,mgs,folk_L3_num,3,folk,3,numeric,instrumental acoustic folk track,energy level 3 out of 11,"instrumental acoustic folk track, energy level 3 out of 11",4.5,-26.44870416001137,0.2462577670812606,5.9,0.3975505828857422
corpus/mgs__folk_L3_num__s4.wav,mgs,folk_L3_num,4,folk,3,numeric,instrumental acoustic folk track,energy level 3 out of 11,"instrumental acoustic folk track, energy level 3 out of 11",4.5,-17.708802142949914,0.2816507220268249,5.2,0.2939892411231994
corpus/mgs__folk_L3_num__s5.wav,mgs,folk_L3_num,5,folk,3,numeric,instrumental acoustic folk track,energy level 3 out of 11,"instrumental acoustic folk track, energy level 3 out of 11",4.1,-19.510598517837444,0.2523212134838104,4.5,0.4506208598613739
corpus/mgs__folk_L3_verb__s0.wav,mgs,folk_L3_verb,0,folk,3,verbal,instrumental acoustic folk track,calm,"instrumental acoustic folk track, calm",3.8,-32.769000599873486,-0.1804058402776718,4.5,0.2316106259822845
corpus/mgs__folk_L3_verb__s1.wav,mgs,folk_L3_verb,1,folk,3,verbal,instrumental acoustic folk track,calm,"instrumental acoustic folk track, calm",4.1,-24.530551769346783,0.0623373985290527,5.2,0.1957324296236038
corpus/mgs__folk_L3_verb__s2.wav,mgs,folk_L3_verb,2,folk,3,verbal,instrumental acoustic folk track,calm,"instrumental acoustic folk track, calm",3.7,-20.640824812659613,0.0830521881580352,4.1,0.2123605906963348
corpus/mgs__folk_L3_verb__s3.wav,mgs,folk_L3_verb,3,folk,3,verbal,instrumental acoustic folk track,calm,"instrumental acoustic folk track, calm",3.7,-27.799992642159623,0.0936465263366699,4.4,0.2547401487827301
corpus/mgs__folk_L3_verb__s4.wav,mgs,folk_L3_verb,4,folk,3,verbal,instrumental acoustic folk track,calm,"instrumental acoustic folk track, calm",3.7,-24.56154127175518,-0.0258028656244277,4.5,0.0362136363983154
corpus/mgs__folk_L3_verb__s5.wav,mgs,folk_L3_verb,5,folk,3,verbal,instrumental acoustic folk track,calm,"instrumental acoustic folk track, calm",5.5,-28.17961897569445,0.2097277790307998,6.4,0.4234673380851745
corpus/mgs__folk_L5_num__s0.wav,mgs,folk_L5_num,0,folk,5,numeric,instrumental acoustic folk track,energy level 5 out of 11,"instrumental acoustic folk track, energy level 5 out of 11",6.0,-19.819357736701125,0.3099762201309204,6.4,0.3392324447631836
corpus/mgs__folk_L5_num__s1.wav,mgs,folk_L5_num,1,folk,5,numeric,instrumental acoustic folk track,energy level 5 out of 11,"instrumental acoustic folk track, energy level 5 out of 11",4.5,-12.691691450642814,0.3135556876659393,4.2,0.2871220111846924
corpus/mgs__folk_L5_num__s2.wav,mgs,folk_L5_num,2,folk,5,numeric,instrumental acoustic folk track,energy level 5 out of 11,"instrumental acoustic folk track, energy level 5 out of 11",5.2,-20.417248462883585,0.2934583127498626,6.0,0.3304111361503601
corpus/mgs__folk_L5_num__s3.wav,mgs,folk_L5_num,3,folk,5,numeric,instrumental acoustic folk track,energy level 5 out of 11,"instrumental acoustic folk track, energy level 5 out of 11",5.2,-17.38980144561294,0.4361615478992462,5.5,0.2526625990867615
corpus/mgs__folk_L5_num__s4.wav,mgs,folk_L5_num,4,folk,5,numeric,instrumental acoustic folk track,energy level 5 out of 11,"instrumental acoustic folk track, energy level 5 out of 11",5.5,-19.654381028350752,0.3147379755973816,6.2,0.3929140269756317
corpus/mgs__folk_L5_num__s5.wav,mgs,folk_L5_num,5,folk,5,numeric,instrumental acoustic folk track,energy level 5 out of 11,"instrumental acoustic folk track, energy level 5 out of 11",5.9,-14.546443835270088,0.4849231541156769,6.0,0.4931153953075409
corpus/mgs__folk_L5_verb__s0.wav,mgs,folk_L5_verb,0,folk,5,verbal,instrumental acoustic folk track,moderate energy,"instrumental acoustic folk track, moderate energy",6.4,-21.116015699063404,0.1416679471731186,6.5,0.2243317514657974
corpus/mgs__folk_L5_verb__s1.wav,mgs,folk_L5_verb,1,folk,5,verbal,instrumental acoustic folk track,moderate energy,"instrumental acoustic folk track, moderate energy",4.5,-21.787958677119835,0.2785029411315918,5.9,0.3213259279727936
corpus/mgs__folk_L5_verb__s2.wav,mgs,folk_L5_verb,2,folk,5,verbal,instrumental acoustic folk track,moderate energy,"instrumental acoustic folk track, moderate energy",4.5,-21.83036267724568,0.1223033219575882,5.2,0.3355829417705536
corpus/mgs__folk_L5_verb__s3.wav,mgs,folk_L5_verb,3,folk,5,verbal,instrumental acoustic folk track,moderate energy,"instrumental acoustic folk track, moderate energy",4.1,-26.79396573852482,-0.0454094223678112,4.2,0.2689093351364136
corpus/mgs__folk_L5_verb__s4.wav,mgs,folk_L5_verb,4,folk,5,verbal,instrumental acoustic folk track,moderate energy,"instrumental acoustic folk track, moderate energy",3.7,-18.972480626079783,0.0864982306957244,4.1,0.2415932714939117
corpus/mgs__folk_L5_verb__s5.wav,mgs,folk_L5_verb,5,folk,5,verbal,instrumental acoustic folk track,moderate energy,"instrumental acoustic folk track, moderate energy",5.2,-15.56471948678261,0.2061515897512436,5.2,0.2645763754844665
corpus/mgs__folk_L7_num__s0.wav,mgs,folk_L7_num,0,folk,7,numeric,instrumental acoustic folk track,energy level 7 out of 11,"instrumental acoustic folk track, energy level 7 out of 11",4.5,-16.959236287673217,0.3067896664142608,5.2,0.2922210097312927
corpus/mgs__folk_L7_num__s1.wav,mgs,folk_L7_num,1,folk,7,numeric,instrumental acoustic folk track,energy level 7 out of 11,"instrumental acoustic folk track, energy level 7 out of 11",5.2,-22.781551152166447,0.3395419716835022,6.0,0.5027907490730286
corpus/mgs__folk_L7_num__s2.wav,mgs,folk_L7_num,2,folk,7,numeric,instrumental acoustic folk track,energy level 7 out of 11,"instrumental acoustic folk track, energy level 7 out of 11",5.2,-18.41915886491795,0.3360048830509186,6.0,0.438942015171051
corpus/mgs__folk_L7_num__s3.wav,mgs,folk_L7_num,3,folk,7,numeric,instrumental acoustic folk track,energy level 7 out of 11,"instrumental acoustic folk track, energy level 7 out of 11",5.2,-26.911887046911083,0.2521932721138,6.2,0.3218826651573181
corpus/mgs__folk_L7_num__s4.wav,mgs,folk_L7_num,4,folk,7,numeric,instrumental acoustic folk track,energy level 7 out of 11,"instrumental acoustic folk track, energy level 7 out of 11",5.5,-16.558185380001355,0.2719944715499878,6.0,0.3367284834384918
corpus/mgs__folk_L7_num__s5.wav,mgs,folk_L7_num,5,folk,7,numeric,instrumental acoustic folk track,energy level 7 out of 11,"instrumental acoustic folk track, energy level 7 out of 11",4.5,-18.31808495226065,0.2710362076759338,5.5,0.3071910142898559
corpus/mgs__folk_L7_verb__s0.wav,mgs,folk_L7_verb,0,folk,7,verbal,instrumental acoustic folk track,energetic,"instrumental acoustic folk track, energetic",6.4,-16.899524785523447,0.1744730472564697,6.5,0.2105832993984222
corpus/mgs__folk_L7_verb__s1.wav,mgs,folk_L7_verb,1,folk,7,verbal,instrumental acoustic folk track,energetic,"instrumental acoustic folk track, energetic",6.5,-16.524785147182754,0.1643741428852081,6.5,0.274522989988327
corpus/mgs__folk_L7_verb__s2.wav,mgs,folk_L7_verb,2,folk,7,verbal,instrumental acoustic folk track,energetic,"instrumental acoustic folk track, energetic",4.4,-23.80668907369317,0.110649287700653,5.5,0.3496609330177307
corpus/mgs__folk_L7_verb__s3.wav,mgs,folk_L7_verb,3,folk,7,verbal,instrumental acoustic folk track,energetic,"instrumental acoustic folk track, energetic",4.5,-12.611793523143898,0.3070617020130157,4.2,0.2533816993236542
corpus/mgs__folk_L7_verb__s4.wav,mgs,folk_L7_verb,4,folk,7,verbal,instrumental acoustic folk track,energetic,"instrumental acoustic folk track, energetic",6.0,-14.149490223876777,0.3563187420368194,6.0,0.3790695071220398
corpus/mgs__folk_L7_verb__s5.wav,mgs,folk_L7_verb,5,folk,7,verbal,instrumental acoustic folk track,energetic,"instrumental acoustic folk track, energetic",6.5,-20.794315867952147,0.3448302447795868,6.5,0.386365532875061
corpus/mgs__folk_L9_num__s0.wav,mgs,folk_L9_num,0,folk,9,numeric,instrumental acoustic folk track,energy level 9 out of 11,"instrumental acoustic folk track, energy level 9 out of 11",4.4,-25.05307836418408,0.2578507661819458,6.0,0.4077849686145782
corpus/mgs__folk_L9_num__s1.wav,mgs,folk_L9_num,1,folk,9,numeric,instrumental acoustic folk track,energy level 9 out of 11,"instrumental acoustic folk track, energy level 9 out of 11",4.1,-22.442874938272315,0.1317009776830673,5.2,0.3171877861022949
corpus/mgs__folk_L9_num__s2.wav,mgs,folk_L9_num,2,folk,9,numeric,instrumental acoustic folk track,energy level 9 out of 11,"instrumental acoustic folk track, energy level 9 out of 11",3.7,-28.84479890286116,0.147182211279869,4.5,0.2498557567596435
corpus/mgs__folk_L9_num__s3.wav,mgs,folk_L9_num,3,folk,9,numeric,instrumental acoustic folk track,energy level 9 out of 11,"instrumental acoustic folk track, energy level 9 out of 11",4.8,-20.983484500177426,0.2603878080844879,6.0,0.3651780784130096
corpus/mgs__folk_L9_num__s4.wav,mgs,folk_L9_num,4,folk,9,numeric,instrumental acoustic folk track,energy level 9 out of 11,"instrumental acoustic folk track, energy level 9 out of 11",5.2,-19.887853410598154,0.0051893033087253,5.2,0.3850890100002289
corpus/mgs__folk_L9_num__s5.wav,mgs,folk_L9_num,5,folk,9,numeric,instrumental acoustic folk track,energy level 9 out of 11,"instrumental acoustic folk track, energy level 9 out of 11",5.5,-22.08850317243536,0.3747609555721283,6.4,0.4578195810317993
corpus/mgs__folk_L9_verb__s0.wav,mgs,folk_L9_verb,0,folk,9,verbal,instrumental acoustic folk track,extremely intense,"instrumental acoustic folk track, extremely intense",4.0,-15.862500219667776,0.2648144960403442,4.1,0.3511850535869598
corpus/mgs__folk_L9_verb__s1.wav,mgs,folk_L9_verb,1,folk,9,verbal,instrumental acoustic folk track,extremely intense,"instrumental acoustic folk track, extremely intense",6.0,-22.303710917404192,0.3089558780193329,6.4,0.3363362848758697
corpus/mgs__folk_L9_verb__s2.wav,mgs,folk_L9_verb,2,folk,9,verbal,instrumental acoustic folk track,extremely intense,"instrumental acoustic folk track, extremely intense",4.1,-19.46270986191458,0.170451134443283,4.5,0.372160792350769
corpus/mgs__folk_L9_verb__s3.wav,mgs,folk_L9_verb,3,folk,9,verbal,instrumental acoustic folk track,extremely intense,"instrumental acoustic folk track, extremely intense",5.2,-20.151704905632013,0.2204937189817428,6.0,0.2789705395698547
corpus/mgs__folk_L9_verb__s4.wav,mgs,folk_L9_verb,4,folk,9,verbal,instrumental acoustic folk track,extremely intense,"instrumental acoustic folk track, extremely intense",5.2,-20.61504104744403,0.4213697612285614,6.0,0.5015376210212708
corpus/mgs__folk_L9_verb__s5.wav,mgs,folk_L9_verb,5,folk,9,verbal,instrumental acoustic folk track,extremely intense,"instrumental acoustic folk track, extremely intense",5.5,-12.376196411379873,0.3459459245204925,5.2,0.3703665137290954
corpus/mgs__hiphop_L1_num__s0.wav,mgs,hiphop_L1_num,0,hiphop,1,numeric,instrumental hip-hop track,energy level 1 out of 11,"instrumental hip-hop track, energy level 1 out of 11",6.0,-15.20998863906158,0.0595416724681854,6.0,0.0779143869876861
corpus/mgs__hiphop_L1_num__s1.wav,mgs,hiphop_L1_num,1,hiphop,1,numeric,instrumental hip-hop track,energy level 1 out of 11,"instrumental hip-hop track, energy level 1 out of 11",6.4,-16.327245893660795,0.1532293856143951,6.5,0.1742639243602752
corpus/mgs__hiphop_L1_num__s2.wav,mgs,hiphop_L1_num,2,hiphop,1,numeric,instrumental hip-hop track,energy level 1 out of 11,"instrumental hip-hop track, energy level 1 out of 11",6.5,-15.703588530075187,0.1832537055015564,6.5,0.2068765759468078
corpus/mgs__hiphop_L1_num__s3.wav,mgs,hiphop_L1_num,3,hiphop,1,numeric,instrumental hip-hop track,energy level 1 out of 11,"instrumental hip-hop track, energy level 1 out of 11",5.2,-15.048341703305544,0.3137332797050476,6.0,0.3500427007675171
corpus/mgs__hiphop_L1_num__s4.wav,mgs,hiphop_L1_num,4,hiphop,1,numeric,instrumental hip-hop track,energy level 1 out of 11,"instrumental hip-hop track, energy level 1 out of 11",6.2,-19.434787278802137,0.0610323250293731,6.4,0.1263456344604492
corpus/mgs__hiphop_L1_num__s5.wav,mgs,hiphop_L1_num,5,hiphop,1,numeric,instrumental hip-hop track,energy level 1 out of 11,"instrumental hip-hop track, energy level 1 out of 11",6.0,-15.89661152304534,0.3275719583034515,6.4,0.3554091453552246
corpus/mgs__hiphop_L1_verb__s0.wav,mgs,hiphop_L1_verb,0,hiphop,1,verbal,instrumental hip-hop track,very calm,"instrumental hip-hop track, very calm",5.9,-13.45586302058624,0.0275394767522811,5.5,0.0759126096963882
corpus/mgs__hiphop_L1_verb__s1.wav,mgs,hiphop_L1_verb,1,hiphop,1,verbal,instrumental hip-hop track,very calm,"instrumental hip-hop track, very calm",4.5,-27.0442329792785,-0.041176214814186,5.5,0.0120497643947601
corpus/mgs__hiphop_L1_verb__s2.wav,mgs,hiphop_L1_verb,2,hiphop,1,verbal,instrumental hip-hop track,very calm,"instrumental hip-hop track, very calm",4.1,-18.15237642875353,-0.0095809996128082,4.4,-0.0001875311136245
corpus/mgs__hiphop_L1_verb__s3.wav,mgs,hiphop_L1_verb,3,hiphop,1,verbal,instrumental hip-hop track,very calm,"instrumental hip-hop track, very calm",3.7,-18.38388577245557,0.066385731101036,4.1,0.1328325271606445
corpus/mgs__hiphop_L1_verb__s4.wav,mgs,hiphop_L1_verb,4,hiphop,1,verbal,instrumental hip-hop track,very calm,"instrumental hip-hop track, very calm",6.5,-14.329242419891283,0.3054066300392151,6.5,0.2835662364959717
corpus/mgs__hiphop_L1_verb__s5.wav,mgs,hiphop_L1_verb,5,hiphop,1,verbal,instrumental hip-hop track,very calm,"instrumental hip-hop track, very calm",5.2,-19.48388284160752,0.0040687620639801,6.0,0.0722895562648773
corpus/mgs__hiphop_L3_num__s0.wav,mgs,hiphop_L3_num,0,hiphop,3,numeric,instrumental hip-hop track,energy level 3 out of 11,"instrumental hip-hop track, energy level 3 out of 11",6.5,-20.1003781085591,0.138012409210205,6.5,0.1604786962270736
corpus/mgs__hiphop_L3_num__s1.wav,mgs,hiphop_L3_num,1,hiphop,3,numeric,instrumental hip-hop track,energy level 3 out of 11,"instrumental hip-hop track, energy level 3 out of 11",5.5,-15.968355580076542,0.0645097196102142,6.0,0.1342488825321197
corpus/mgs__hiphop_L3_num__s2.wav,mgs,hiphop_L3_num,2,hiphop,3,numeric,instrumental hip-hop track,energy level 3 out of 11,"instrumental hip-hop track, energy level 3 out of 11",6.2,-14.14086079874354,0.0873408466577529,6.2,0.1353646367788314
corpus/mgs__hiphop_L3_num__s3.wav,mgs,hiphop_L3_num,3,hiphop,3,numeric,instrumental hip-hop track,energy level 3 out of 11,"instrumental hip-hop track, energy level 3 out of 11",6.0,-23.30863157622736,0.1270120590925216,6.4,0.1478747129440307
corpus/mgs__hiphop_L3_num__s4.wav,mgs,hiphop_L3_num,4,hiphop,3,numeric,instrumental hip-hop track,energy level 3 out of 11,"instrumental hip-hop track, energy level 3 out of 11",6.5,-11.165281472369005,0.1840611398220062,6.4,0.1454488784074783
corpus/mgs__hiphop_L3_num__s5.wav,mgs,hiphop_L3_num,5,hiphop,3,numeric,instrumental hip-hop track,energy level 3 out of 11,"instrumental hip-hop track, energy level 3 out of 11",5.2,-13.263609569499886,0.0659746825695037,5.2,0.0950919687747955
corpus/mgs__hiphop_L3_verb__s0.wav,mgs,hiphop_L3_verb,0,hiphop,3,verbal,instrumental hip-hop track,calm,"instrumental hip-hop track, calm",6.2,-14.505760434187996,-0.0097997933626174,6.2,0.0291598141193389
corpus/mgs__hiphop_L3_verb__s1.wav,mgs,hiphop_L3_verb,1,hiphop,3,verbal,instrumental hip-hop track,calm,"instrumental hip-hop track, calm",5.5,-10.306058695686088,0.1294751465320587,4.1,0.1857040822505951
corpus/mgs__hiphop_L3_verb__s2.wav,mgs,hiphop_L3_verb,2,hiphop,3,verbal,instrumental hip-hop track,calm,"instrumental hip-hop track, calm",6.2,-20.434126781407176,0.10805244743824,6.5,0.2190337181091308
corpus/mgs__hiphop_L3_verb__s3.wav,mgs,hiphop_L3_verb,3,hiphop,3,verbal,instrumental hip-hop track,calm,"instrumental hip-hop track, calm",3.7,-16.22402967756161,0.0137452334165573,4.0,0.1418245434761047
corpus/mgs__hiphop_L3_verb__s4.wav,mgs,hiphop_L3_verb,4,hiphop,3,verbal,instrumental hip-hop track,calm,"instrumental hip-hop track, calm",5.2,-14.52446208439284,0.0453066825866699,5.2,0.0505926311016082
corpus/mgs__hiphop_L3_verb__s5.wav,mgs,hiphop_L3_verb,5,hiphop,3,verbal,instrumental hip-hop track,calm,"instrumental hip-hop track, calm",6.4,-11.988687854831367,0.0657156556844711,6.0,0.0688261687755584
corpus/mgs__hiphop_L5_num__s0.wav,mgs,hiphop_L5_num,0,hiphop,5,numeric,instrumental hip-hop track,energy level 5 out of 11,"instrumental hip-hop track, energy level 5 out of 11",4.5,-18.583785600568245,0.0195604711771011,5.2,0.0506542474031448
corpus/mgs__hiphop_L5_num__s1.wav,mgs,hiphop_L5_num,1,hiphop,5,numeric,instrumental hip-hop track,energy level 5 out of 11,"instrumental hip-hop track, energy level 5 out of 11",6.5,-14.66205412313276,0.1806737035512924,6.5,0.2112949937582016
corpus/mgs__hiphop_L5_num__s2.wav,mgs,hiphop_L5_num,2,hiphop,5,numeric,instrumental hip-hop track,energy level 5 out of 11,"instrumental hip-hop track, energy level 5 out of 11",6.0,-14.05793432668984,0.0590852499008178,6.0,0.1104625314474105
corpus/mgs__hiphop_L5_num__s3.wav,mgs,hiphop_L5_num,3,hiphop,5,numeric,instrumental hip-hop track,energy level 5 out of 11,"instrumental hip-hop track, energy level 5 out of 11",6.4,-17.559067481311367,0.247467964887619,6.5,0.2715153098106384
corpus/mgs__hiphop_L5_num__s4.wav,mgs,hiphop_L5_num,4,hiphop,5,numeric,instrumental hip-hop track,energy level 5 out of 11,"instrumental hip-hop track, energy level 5 out of 11",6.5,-14.15761607528021,0.2028528749942779,6.5,0.1684368550777435
corpus/mgs__hiphop_L5_num__s5.wav,mgs,hiphop_L5_num,5,hiphop,5,numeric,instrumental hip-hop track,energy level 5 out of 11,"instrumental hip-hop track, energy level 5 out of 11",6.5,-19.59308827570702,0.13189397752285,6.5,0.1803979724645614
corpus/mgs__hiphop_L5_verb__s0.wav,mgs,hiphop_L5_verb,0,hiphop,5,verbal,instrumental hip-hop track,moderate energy,"instrumental hip-hop track, moderate energy",6.2,-19.31329238506126,0.109862595796585,6.5,0.0921531021595001
corpus/mgs__hiphop_L5_verb__s1.wav,mgs,hiphop_L5_verb,1,hiphop,5,verbal,instrumental hip-hop track,moderate energy,"instrumental hip-hop track, moderate energy",6.2,-14.740408320751738,0.1030945107340812,6.4,0.1146950051188469
corpus/mgs__hiphop_L5_verb__s2.wav,mgs,hiphop_L5_verb,2,hiphop,5,verbal,instrumental hip-hop track,moderate energy,"instrumental hip-hop track, moderate energy",6.5,-8.416885683792403,0.1652608811855316,4.8,0.1137765347957611
corpus/mgs__hiphop_L5_verb__s3.wav,mgs,hiphop_L5_verb,3,hiphop,5,verbal,instrumental hip-hop track,moderate energy,"instrumental hip-hop track, moderate energy",6.5,-12.553478568409885,0.2367955893278122,6.5,0.2015330493450164
corpus/mgs__hiphop_L5_verb__s4.wav,mgs,hiphop_L5_verb,4,hiphop,5,verbal,instrumental hip-hop track,moderate energy,"instrumental hip-hop track, moderate energy",5.2,-12.62822558720848,0.2456509619951248,4.4,0.136301651597023
corpus/mgs__hiphop_L5_verb__s5.wav,mgs,hiphop_L5_verb,5,hiphop,5,verbal,instrumental hip-hop track,moderate energy,"instrumental hip-hop track, moderate energy",6.5,-11.066675482859424,0.1503606885671615,6.2,0.1061467081308364
corpus/mgs__hiphop_L7_num__s0.wav,mgs,hiphop_L7_num,0,hiphop,7,numeric,instrumental hip-hop track,energy level 7 out of 11,"instrumental hip-hop track, energy level 7 out of 11",6.4,-13.2154583859801,0.1014201492071151,6.2,0.0837620645761489
corpus/mgs__hiphop_L7_num__s1.wav,mgs,hiphop_L7_num,1,hiphop,7,numeric,instrumental hip-hop track,energy level 7 out of 11,"instrumental hip-hop track, energy level 7 out of 11",6.0,-17.6468675340519,0.1859554797410965,6.4,0.1984134912490844
corpus/mgs__hiphop_L7_num__s2.wav,mgs,hiphop_L7_num,2,hiphop,7,numeric,instrumental hip-hop track,energy level 7 out of 11,"instrumental hip-hop track, energy level 7 out of 11",6.5,-14.424839652217171,0.1525514721870422,6.5,0.1389338076114654
corpus/mgs__hiphop_L7_num__s3.wav,mgs,hiphop_L7_num,3,hiphop,7,numeric,instrumental hip-hop track,energy level 7 out of 11,"instrumental hip-hop track, energy level 7 out of 11",6.4,-10.653682857407247,0.0760416090488433,5.9,0.0679304599761962
corpus/mgs__hiphop_L7_num__s4.wav,mgs,hiphop_L7_num,4,hiphop,7,numeric,instrumental hip-hop track,energy level 7 out of 11,"instrumental hip-hop track, energy level 7 out of 11",6.5,-8.458194050890022,0.2016538828611374,5.2,0.1455153673887252
corpus/mgs__hiphop_L7_num__s5.wav,mgs,hiphop_L7_num,5,hiphop,7,numeric,instrumental hip-hop track,energy level 7 out of 11,"instrumental hip-hop track, energy level 7 out of 11",6.4,-16.152980836143275,0.1827733069658279,6.5,0.2264389544725418
corpus/mgs__hiphop_L7_verb__s0.wav,mgs,hiphop_L7_verb,0,hiphop,7,verbal,instrumental hip-hop track,energetic,"instrumental hip-hop track, energetic",5.9,-15.044861409452563,0.1293891072273254,6.0,0.0758591741323471
corpus/mgs__hiphop_L7_verb__s1.wav,mgs,hiphop_L7_verb,1,hiphop,7,verbal,instrumental hip-hop track,energetic,"instrumental hip-hop track, energetic",6.4,-18.16916725694002,-0.0075825154781341,6.5,0.0278865844011306
corpus/mgs__hiphop_L7_verb__s2.wav,mgs,hiphop_L7_verb,2,hiphop,7,verbal,instrumental hip-hop track,energetic,"instrumental hip-hop track, energetic",6.5,-13.829843570423051,0.2160644233226776,6.5,0.1824885010719299
corpus/mgs__hiphop_L7_verb__s3.wav,mgs,hiphop_L7_verb,3,hiphop,7,verbal,instrumental hip-hop track,energetic,"instrumental hip-hop track, energetic",6.0,-14.63836063309786,0.1889087706804275,6.0,0.1974680721759796
corpus/mgs__hiphop_L7_verb__s4.wav,mgs,hiphop_L7_verb,4,hiphop,7,verbal,instrumental hip-hop track,energetic,"instrumental hip-hop track, energetic",6.4,-13.03962193740468,0.1074376702308654,6.0,0.0793197900056839
corpus/mgs__hiphop_L7_verb__s5.wav,mgs,hiphop_L7_verb,5,hiphop,7,verbal,instrumental hip-hop track,energetic,"instrumental hip-hop track, energetic",6.5,-13.888742736059022,0.2251336574554443,6.5,0.1952009499073028
corpus/mgs__hiphop_L9_num__s0.wav,mgs,hiphop_L9_num,0,hiphop,9,numeric,instrumental hip-hop track,energy level 9 out of 11,"instrumental hip-hop track, energy level 9 out of 11",6.5,-15.576590379608298,0.1172552555799484,6.5,0.142507404088974
corpus/mgs__hiphop_L9_num__s1.wav,mgs,hiphop_L9_num,1,hiphop,9,numeric,instrumental hip-hop track,energy level 9 out of 11,"instrumental hip-hop track, energy level 9 out of 11",5.5,-14.608209400866556,0.0279769599437713,5.9,0.0921188443899154
corpus/mgs__hiphop_L9_num__s2.wav,mgs,hiphop_L9_num,2,hiphop,9,numeric,instrumental hip-hop track,energy level 9 out of 11,"instrumental hip-hop track, energy level 9 out of 11",6.2,-15.496795397433152,0.1941815465688705,6.4,0.2602578699588775
corpus/mgs__hiphop_L9_num__s3.wav,mgs,hiphop_L9_num,3,hiphop,9,numeric,instrumental hip-hop track,energy level 9 out of 11,"instrumental hip-hop track, energy level 9 out of 11",6.4,-13.769853898704664,0.1155859380960464,6.4,0.1041417121887207
corpus/mgs__hiphop_L9_num__s4.wav,mgs,hiphop_L9_num,4,hiphop,9,numeric,instrumental hip-hop track,energy level 9 out of 11,"instrumental hip-hop track, energy level 9 out of 11",6.4,-24.640936616649192,-0.0337152481079101,6.5,0.0727165043354034
corpus/mgs__hiphop_L9_num__s5.wav,mgs,hiphop_L9_num,5,hiphop,9,numeric,instrumental hip-hop track,energy level 9 out of 11,"instrumental hip-hop track, energy level 9 out of 11",6.5,-15.979877827874716,0.2164036929607391,6.5,0.213573157787323
corpus/mgs__hiphop_L9_verb__s0.wav,mgs,hiphop_L9_verb,0,hiphop,9,verbal,instrumental hip-hop track,extremely intense,"instrumental hip-hop track, extremely intense",6.5,-18.95825900648533,0.3301915228366852,6.5,0.3339225649833679
corpus/mgs__hiphop_L9_verb__s1.wav,mgs,hiphop_L9_verb,1,hiphop,9,verbal,instrumental hip-hop track,extremely intense,"instrumental hip-hop track, extremely intense",6.2,-13.023250492965031,0.1433366686105728,6.0,0.1513171643018722
corpus/mgs__hiphop_L9_verb__s2.wav,mgs,hiphop_L9_verb,2,hiphop,9,verbal,instrumental hip-hop track,extremely intense,"instrumental hip-hop track, extremely intense",6.0,-13.709696421103368,0.1954165399074554,6.0,0.1280102878808975
corpus/mgs__hiphop_L9_verb__s3.wav,mgs,hiphop_L9_verb,3,hiphop,9,verbal,instrumental hip-hop track,extremely intense,"instrumental hip-hop track, extremely intense",6.4,-13.046975654810446,0.2023466676473617,6.4,0.1845700442790985
corpus/mgs__hiphop_L9_verb__s4.wav,mgs,hiphop_L9_verb,4,hiphop,9,verbal,instrumental hip-hop track,extremely intense,"instrumental hip-hop track, extremely intense",6.5,-12.620701879461953,0.1530135422945022,6.4,0.1437595784664154
corpus/mgs__hiphop_L9_verb__s5.wav,mgs,hiphop_L9_verb,5,hiphop,9,verbal,instrumental hip-hop track,extremely intense,"instrumental hip-hop track, extremely intense",6.4,-15.12029064725015,0.2128896266222,6.5,0.2182971090078354
corpus/mgs__orchestral_L1_num__s0.wav,mgs,orchestral_L1_num,0,orchestral,1,numeric,instrumental orchestral track,energy level 1 out of 11,"instrumental orchestral track, energy level 1 out of 11",5.2,-13.506888006832147,0.1135465949773788,4.5,0.0867621749639511
corpus/mgs__orchestral_L1_num__s1.wav,mgs,orchestral_L1_num,1,orchestral,1,numeric,instrumental orchestral track,energy level 1 out of 11,"instrumental orchestral track, energy level 1 out of 11",6.5,-15.917091636211415,0.2710410058498382,6.5,0.2999542951583862
corpus/mgs__orchestral_L1_num__s2.wav,mgs,orchestral_L1_num,2,orchestral,1,numeric,instrumental orchestral track,energy level 1 out of 11,"instrumental orchestral track, energy level 1 out of 11",6.2,-21.835510580062937,0.154095858335495,6.5,0.2033988684415817
corpus/mgs__orchestral_L1_num__s3.wav,mgs,orchestral_L1_num,3,orchestral,1,numeric,instrumental orchestral track,energy level 1 out of 11,"instrumental orchestral track, energy level 1 out of 11",4.4,-23.95012068059942,0.1610916405916214,5.9,0.2767215669155121
corpus/mgs__orchestral_L1_num__s4.wav,mgs,orchestral_L1_num,4,orchestral,1,numeric,instrumental orchestral track,energy level 1 out of 11,"instrumental orchestral track, energy level 1 out of 11",4.1,-25.07994656237782,0.0481911897659301,4.5,0.0840964615345001
corpus/mgs__orchestral_L1_num__s5.wav,mgs,orchestral_L1_num,5,orchestral,1,numeric,instrumental orchestral track,energy level 1 out of 11,"instrumental orchestral track, energy level 1 out of 11",4.1,-26.37319307482583,0.1356288790702819,5.2,0.1203694492578506
corpus/mgs__orchestral_L1_verb__s0.wav,mgs,orchestral_L1_verb,0,orchestral,1,verbal,instrumental orchestral track,very calm,"instrumental orchestral track, very calm",4.5,-22.134024348755737,-0.0843381509184837,5.9,0.100854180753231
corpus/mgs__orchestral_L1_verb__s1.wav,mgs,orchestral_L1_verb,1,orchestral,1,verbal,instrumental orchestral track,very calm,"instrumental orchestral track, very calm",3.7,-30.259590049768125,-0.0938209295272827,4.1,0.2299413383007049
corpus/mgs__orchestral_L1_verb__s2.wav,mgs,orchestral_L1_verb,2,orchestral,1,verbal,instrumental orchestral track,very calm,"instrumental orchestral track, very calm",3.7,-34.172337780165805,-0.0853483825922012,3.7,0.1772962808609008
corpus/mgs__orchestral_L1_verb__s3.wav,mgs,orchestral_L1_verb,3,orchestral,1,verbal,instrumental orchestral track,very calm,"instrumental orchestral track, very calm",3.8,-24.31523328460633,-0.0100298970937728,4.5,0.199510172009468
corpus/mgs__orchestral_L1_verb__s4.wav,mgs,orchestral_L1_verb,4,orchestral,1,verbal,instrumental orchestral track,very calm,"instrumental orchestral track, very calm",3.7,-30.371933448926608,-0.0615106895565986,4.5,0.2832757830619812
corpus/mgs__orchestral_L1_verb__s5.wav,mgs,orchestral_L1_verb,5,orchestral,1,verbal,instrumental orchestral track,very calm,"instrumental orchestral track, very calm",4.0,-22.201918615543484,-0.0226333811879158,4.5,0.1427595764398574
corpus/mgs__orchestral_L3_num__s0.wav,mgs,orchestral_L3_num,0,orchestral,3,numeric,instrumental orchestral track,energy level 3 out of 11,"instrumental orchestral track, energy level 3 out of 11",5.2,-29.11154285496655,0.1653204262256622,6.2,0.184692770242691
corpus/mgs__orchestral_L3_num__s1.wav,mgs,orchestral_L3_num,1,orchestral,3,numeric,instrumental orchestral track,energy level 3 out of 11,"instrumental orchestral track, energy level 3 out of 11",4.5,-24.999162250100195,0.1614374220371246,6.0,0.240565076470375
corpus/mgs__orchestral_L3_num__s2.wav,mgs,orchestral_L3_num,2,orchestral,3,numeric,instrumental orchestral track,energy level 3 out of 11,"instrumental orchestral track, energy level 3 out of 11",6.4,-31.524012351263348,0.0014603585004806,6.5,0.5139322280883789
corpus/mgs__orchestral_L3_num__s3.wav,mgs,orchestral_L3_num,3,orchestral,3,numeric,instrumental orchestral track,energy level 3 out of 11,"instrumental orchestral track, energy level 3 out of 11",5.2,-27.457760533150857,0.0482045337557792,6.4,0.2155990451574325
corpus/mgs__orchestral_L3_num__s4.wav,mgs,orchestral_L3_num,4,orchestral,3,numeric,instrumental orchestral track,energy level 3 out of 11,"instrumental orchestral track, energy level 3 out of 11",5.2,-27.364420342456533,0.0868005082011222,6.2,0.2562283873558044
corpus/mgs__orchestral_L3_num__s5.wav,mgs,orchestral_L3_num,5,orchestral,3,numeric,instrumental orchestral track,energy level 3 out of 11,"instrumental orchestral track, energy level 3 out of 11",4.4,-27.52827045937975,0.1241809725761413,6.0,0.2779242992401123
corpus/mgs__orchestral_L3_verb__s0.wav,mgs,orchestral_L3_verb,0,orchestral,3,verbal,instrumental orchestral track,calm,"instrumental orchestral track, calm",4.1,-23.413224031569943,0.0609343573451042,5.2,0.1395686268806457
corpus/mgs__orchestral_L3_verb__s1.wav,mgs,orchestral_L3_verb,1,orchestral,3,verbal,instrumental orchestral track,calm,"instrumental orchestral track, calm",3.7,-26.507419515048863,-0.0118549689650535,4.5,0.1813791394233703
corpus/mgs__orchestral_L3_verb__s2.wav,mgs,orchestral_L3_verb,2,orchestral,3,verbal,instrumental orchestral track,calm,"instrumental orchestral track, calm",4.0,-28.51129840839669,-0.0288005322217941,5.2,0.1679312288761139
corpus/mgs__orchestral_L3_verb__s3.wav,mgs,orchestral_L3_verb,3,orchestral,3,verbal,instrumental orchestral track,calm,"instrumental orchestral track, calm",4.5,-26.038405972795744,0.0207498893141746,6.0,0.1445866376161575
corpus/mgs__orchestral_L3_verb__s4.wav,mgs,orchestral_L3_verb,4,orchestral,3,verbal,instrumental orchestral track,calm,"instrumental orchestral track, calm",3.7,-11.506751905367183,-0.0808024704456329,3.7,-0.0293885432183742
corpus/mgs__orchestral_L3_verb__s5.wav,mgs,orchestral_L3_verb,5,orchestral,3,verbal,instrumental orchestral track,calm,"instrumental orchestral track, calm",3.8,-27.89210203392899,0.0588141679763793,5.2,0.2704375386238098
corpus/mgs__orchestral_L5_num__s0.wav,mgs,orchestral_L5_num,0,orchestral,5,numeric,instrumental orchestral track,energy level 5 out of 11,"instrumental orchestral track, energy level 5 out of 11",6.4,-25.188414488903376,0.1474232375621795,6.5,0.1320027410984039
corpus/mgs__orchestral_L5_num__s1.wav,mgs,orchestral_L5_num,1,orchestral,5,numeric,instrumental orchestral track,energy level 5 out of 11,"instrumental orchestral track, energy level 5 out of 11",5.9,-28.543880365101405,-0.0700865685939788,6.4,0.2478464841842651
corpus/mgs__orchestral_L5_num__s2.wav,mgs,orchestral_L5_num,2,orchestral,5,numeric,instrumental orchestral track,energy level 5 out of 11,"instrumental orchestral track, energy level 5 out of 11",4.1,-15.786760996865146,-0.0218286290764808,4.4,0.0443194881081581
corpus/mgs__orchestral_L5_num__s3.wav,mgs,orchestral_L5_num,3,orchestral,5,numeric,instrumental orchestral track,energy level 5 out of 11,"instrumental orchestral track, energy level 5 out of 11",4.5,-24.795305403779462,0.1355199813842773,6.0,0.290829986333847
corpus/mgs__orchestral_L5_num__s4.wav,mgs,orchestral_L5_num,4,orchestral,5,numeric,instrumental orchestral track,energy level 5 out of 11,"instrumental orchestral track, energy level 5 out of 11",6.0,-27.27390583310102,0.1395519077777862,6.5,0.3204148411750793
corpus/mgs__orchestral_L5_num__s5.wav,mgs,orchestral_L5_num,5,orchestral,5,numeric,instrumental orchestral track,energy level 5 out of 11,"instrumental orchestral track, energy level 5 out of 11",5.2,-23.393090891920643,0.0772599279880523,6.0,0.2324269413948059
corpus/mgs__orchestral_L5_verb__s0.wav,mgs,orchestral_L5_verb,0,orchestral,5,verbal,instrumental orchestral track,moderate energy,"instrumental orchestral track, moderate energy",3.7,-24.405395257389763,-0.0542597770690918,4.1,0.0108945965766906
corpus/mgs__orchestral_L5_verb__s1.wav,mgs,orchestral_L5_verb,1,orchestral,5,verbal,instrumental orchestral track,moderate energy,"instrumental orchestral track, moderate energy",5.2,-19.596623941444165,0.3872240781784057,6.0,0.420360803604126
corpus/mgs__orchestral_L5_verb__s2.wav,mgs,orchestral_L5_verb,2,orchestral,5,verbal,instrumental orchestral track,moderate energy,"instrumental orchestral track, moderate energy",4.1,-23.660876962192663,0.1168893426656723,5.2,0.2932804822921753
corpus/mgs__orchestral_L5_verb__s3.wav,mgs,orchestral_L5_verb,3,orchestral,5,verbal,instrumental orchestral track,moderate energy,"instrumental orchestral track, moderate energy",3.7,-25.397739342361906,0.0598023831844329,4.1,0.2124588936567306
corpus/mgs__orchestral_L5_verb__s4.wav,mgs,orchestral_L5_verb,4,orchestral,5,verbal,instrumental orchestral track,moderate energy,"instrumental orchestral track, moderate energy",3.7,-25.47737918033884,-0.1054620221257209,4.5,0.0925096869468689
corpus/mgs__orchestral_L5_verb__s5.wav,mgs,orchestral_L5_verb,5,orchestral,5,verbal,instrumental orchestral track,moderate energy,"instrumental orchestral track, moderate energy",3.7,-31.60276576409094,-0.0974143892526626,4.0,0.0854152515530586
corpus/mgs__orchestral_L7_num__s0.wav,mgs,orchestral_L7_num,0,orchestral,7,numeric,instrumental orchestral track,energy level 7 out of 11,"instrumental orchestral track, energy level 7 out of 11",4.4,-28.53431627422699,0.0580461174249649,6.0,0.3405739665031433
corpus/mgs__orchestral_L7_num__s1.wav,mgs,orchestral_L7_num,1,orchestral,7,numeric,instrumental orchestral track,energy level 7 out of 11,"instrumental orchestral track, energy level 7 out of 11",5.2,-14.337693490849984,0.1153486967086792,5.2,0.1144051477313041
corpus/mgs__orchestral_L7_num__s2.wav,mgs,orchestral_L7_num,2,orchestral,7,numeric,instrumental orchestral track,energy level 7 out of 11,"instrumental orchestral track, energy level 7 out of 11",5.9,-25.298349949274463,0.1982441246509552,6.5,0.2823824882507324
corpus/mgs__orchestral_L7_num__s3.wav,mgs,orchestral_L7_num,3,orchestral,7,numeric,instrumental orchestral track,energy level 7 out of 11,"instrumental orchestral track, energy level 7 out of 11",5.9,-30.008065446669427,0.1161684542894363,6.4,0.3533897995948791
corpus/mgs__orchestral_L7_num__s4.wav,mgs,orchestral_L7_num,4,orchestral,7,numeric,instrumental orchestral track,energy level 7 out of 11,"instrumental orchestral track, energy level 7 out of 11",3.7,-26.613534570904505,0.0360178500413894,4.2,0.2152898162603378
corpus/mgs__orchestral_L7_num__s5.wav,mgs,orchestral_L7_num,5,orchestral,7,numeric,instrumental orchestral track,energy level 7 out of 11,"instrumental orchestral track, energy level 7 out of 11",5.2,-26.43066671001853,0.0254151076078414,6.4,0.2888365685939789
corpus/mgs__orchestral_L7_verb__s0.wav,mgs,orchestral_L7_verb,0,orchestral,7,verbal,instrumental orchestral track,energetic,"instrumental orchestral track, energetic",6.2,-21.629331597233865,0.23126782476902,6.5,0.3974747359752655
corpus/mgs__orchestral_L7_verb__s1.wav,mgs,orchestral_L7_verb,1,orchestral,7,verbal,instrumental orchestral track,energetic,"instrumental orchestral track, energetic",6.4,-22.0054615924814,0.3288629651069641,6.5,0.4202097654342651
corpus/mgs__orchestral_L7_verb__s2.wav,mgs,orchestral_L7_verb,2,orchestral,7,verbal,instrumental orchestral track,energetic,"instrumental orchestral track, energetic",6.0,-28.11015550043996,0.1776398420333862,6.0,-0.2335512489080429
corpus/mgs__orchestral_L7_verb__s3.wav,mgs,orchestral_L7_verb,3,orchestral,7,verbal,instrumental orchestral track,energetic,"instrumental orchestral track, energetic",3.7,-24.03415726952112,0.3244513273239136,4.2,0.3120352923870086
corpus/mgs__orchestral_L7_verb__s4.wav,mgs,orchestral_L7_verb,4,orchestral,7,verbal,instrumental orchestral track,energetic,"instrumental orchestral track, energetic",5.2,-22.72160119333393,0.2252078652381897,6.2,0.2955872118473053
corpus/mgs__orchestral_L7_verb__s5.wav,mgs,orchestral_L7_verb,5,orchestral,7,verbal,instrumental orchestral track,energetic,"instrumental orchestral track, energetic",6.5,-21.392014812206003,0.3203394711017608,6.5,0.3294239938259125
corpus/mgs__orchestral_L9_num__s0.wav,mgs,orchestral_L9_num,0,orchestral,9,numeric,instrumental orchestral track,energy level 9 out of 11,"instrumental orchestral track, energy level 9 out of 11",6.0,-18.57400960200996,0.2760352194309234,6.4,0.2861906886100769
corpus/mgs__orchestral_L9_num__s1.wav,mgs,orchestral_L9_num,1,orchestral,9,numeric,instrumental orchestral track,energy level 9 out of 11,"instrumental orchestral track, energy level 9 out of 11",6.5,-31.952400015527804,0.2375533580780029,6.5,0.5320394039154053
corpus/mgs__orchestral_L9_num__s2.wav,mgs,orchestral_L9_num,2,orchestral,9,numeric,instrumental orchestral track,energy level 9 out of 11,"instrumental orchestral track, energy level 9 out of 11",4.2,-20.0741116360312,0.0837492123246193,4.5,0.0910261496901512
corpus/mgs__orchestral_L9_num__s3.wav,mgs,orchestral_L9_num,3,orchestral,9,numeric,instrumental orchestral track,energy level 9 out of 11,"instrumental orchestral track, energy level 9 out of 11",5.5,-29.65337828893081,0.033278040587902,6.4,0.1920779645442962
corpus/mgs__orchestral_L9_num__s4.wav,mgs,orchestral_L9_num,4,orchestral,9,numeric,instrumental orchestral track,energy level 9 out of 11,"instrumental orchestral track, energy level 9 out of 11",6.2,-21.50677923275565,0.1872791945934295,6.5,0.2575729489326477
corpus/mgs__orchestral_L9_num__s5.wav,mgs,orchestral_L9_num,5,orchestral,9,numeric,instrumental orchestral track,energy level 9 out of 11,"instrumental orchestral track, energy level 9 out of 11",3.7,-23.571595475546776,0.0081804543733596,4.4,0.0837135761976242
corpus/mgs__orchestral_L9_verb__s0.wav,mgs,orchestral_L9_verb,0,orchestral,9,verbal,instrumental orchestral track,extremely intense,"instrumental orchestral track, extremely intense",5.9,-27.62899661634252,0.1865822970867157,6.5,0.322212278842926
corpus/mgs__orchestral_L9_verb__s1.wav,mgs,orchestral_L9_verb,1,orchestral,9,verbal,instrumental orchestral track,extremely intense,"instrumental orchestral track, extremely intense",6.5,-30.967611528081417,0.2681958973407745,6.5,0.4600124359130859
corpus/mgs__orchestral_L9_verb__s2.wav,mgs,orchestral_L9_verb,2,orchestral,9,verbal,instrumental orchestral track,extremely intense,"instrumental orchestral track, extremely intense",4.1,-26.22151875614564,0.082688495516777,5.5,0.3573496639728546
corpus/mgs__orchestral_L9_verb__s3.wav,mgs,orchestral_L9_verb,3,orchestral,9,verbal,instrumental orchestral track,extremely intense,"instrumental orchestral track, extremely intense",3.8,-32.643783364168016,0.006378099322319,4.5,0.2713852524757385
corpus/mgs__orchestral_L9_verb__s4.wav,mgs,orchestral_L9_verb,4,orchestral,9,verbal,instrumental orchestral track,extremely intense,"instrumental orchestral track, extremely intense",3.8,-17.8688699025934,0.2843615412712097,4.4,0.3801249563694
corpus/mgs__orchestral_L9_verb__s5.wav,mgs,orchestral_L9_verb,5,orchestral,9,verbal,instrumental orchestral track,extremely intense,"instrumental orchestral track, extremely intense",4.2,-25.6532926613262,-0.0455351322889328,5.2,0.2200912833213806
corpus/mgs__rock_L1_num__s0.wav,mgs,rock_L1_num,0,rock,1,numeric,instrumental rock track,energy level 1 out of 11,"instrumental rock track, energy level 1 out of 11",6.5,-17.4532147895353,0.5025673508644104,6.5,0.5313525199890137
corpus/mgs__rock_L1_num__s1.wav,mgs,rock_L1_num,1,rock,1,numeric,instrumental rock track,energy level 1 out of 11,"instrumental rock track, energy level 1 out of 11",6.5,-13.819387204476746,0.2725179493427276,6.5,0.2754990756511688
corpus/mgs__rock_L1_num__s2.wav,mgs,rock_L1_num,2,rock,1,numeric,instrumental rock track,energy level 1 out of 11,"instrumental rock track, energy level 1 out of 11",6.5,-14.77964238746708,0.477952629327774,6.5,0.4773336946964264
corpus/mgs__rock_L1_num__s3.wav,mgs,rock_L1_num,3,rock,1,numeric,instrumental rock track,energy level 1 out of 11,"instrumental rock track, energy level 1 out of 11",6.0,-28.27946340976728,0.1659726500511169,6.5,0.3024961948394775
corpus/mgs__rock_L1_num__s4.wav,mgs,rock_L1_num,4,rock,1,numeric,instrumental rock track,energy level 1 out of 11,"instrumental rock track, energy level 1 out of 11",6.5,-17.4532147895353,0.4732364416122436,6.5,0.557404637336731
corpus/mgs__rock_L1_num__s5.wav,mgs,rock_L1_num,5,rock,1,numeric,instrumental rock track,energy level 1 out of 11,"instrumental rock track, energy level 1 out of 11",6.5,-13.819387204476746,0.4521318972110748,6.5,0.2266124784946441
corpus/mgs__rock_L1_verb__s0.wav,mgs,rock_L1_verb,0,rock,1,verbal,instrumental rock track,very calm,"instrumental rock track, very calm",6.5,-15.6585471812105,0.323203295469284,6.5,0.3877363204956054
corpus/mgs__rock_L1_verb__s1.wav,mgs,rock_L1_verb,1,rock,1,verbal,instrumental rock track,very calm,"instrumental rock track, very calm",6.0,-22.50878393101007,0.1737200766801834,6.4,0.2290419489145279
corpus/mgs__rock_L1_verb__s2.wav,mgs,rock_L1_verb,2,rock,1,verbal,instrumental rock track,very calm,"instrumental rock track, very calm",6.4,-21.872176087624744,0.2048796415328979,6.5,0.3330800831317901
corpus/mgs__rock_L1_verb__s3.wav,mgs,rock_L1_verb,3,rock,1,verbal,instrumental rock track,very calm,"instrumental rock track, very calm",4.1,-21.34695239582825,0.1812961995601654,4.5,0.2713374197483063
corpus/mgs__rock_L1_verb__s4.wav,mgs,rock_L1_verb,4,rock,1,verbal,instrumental rock track,very calm,"instrumental rock track, very calm",3.7,-22.142852918623845,-0.0462743490934371,3.7,-0.0207412987947464
corpus/mgs__rock_L1_verb__s5.wav,mgs,rock_L1_verb,5,rock,1,verbal,instrumental rock track,very calm,"instrumental rock track, very calm",5.5,-18.263382350146937,0.2865416407585144,6.0,0.3281164467334747
corpus/mgs__rock_L3_num__s0.wav,mgs,rock_L3_num,0,rock,3,numeric,instrumental rock track,energy level 3 out of 11,"instrumental rock track, energy level 3 out of 11",6.5,-12.45503943654233,0.4936979115009308,6.5,0.620466947555542
corpus/mgs__rock_L3_num__s1.wav,mgs,rock_L3_num,1,rock,3,numeric,instrumental rock track,energy level 3 out of 11,"instrumental rock track, energy level 3 out of 11",6.5,-23.57839414108517,0.4179620146751404,6.5,0.5303342342376709
corpus/mgs__rock_L3_num__s2.wav,mgs,rock_L3_num,2,rock,3,numeric,instrumental rock track,energy level 3 out of 11,"instrumental rock track, energy level 3 out of 11",6.5,-18.253480665392903,0.6070495843887329,6.5,0.6331623196601868
corpus/mgs__rock_L3_num__s3.wav,mgs,rock_L3_num,3,rock,3,numeric,instrumental rock track,energy level 3 out of 11,"instrumental rock track, energy level 3 out of 11",6.5,-15.40371575053051,0.3637381792068481,6.5,0.3767966628074646
corpus/mgs__rock_L3_num__s4.wav,mgs,rock_L3_num,4,rock,3,numeric,instrumental rock track,energy level 3 out of 11,"instrumental rock track, energy level 3 out of 11",6.5,-20.047736114845403,0.5313295722007751,6.5,0.5219831466674805
corpus/mgs__rock_L3_num__s5.wav,mgs,rock_L3_num,5,rock,3,numeric,instrumental rock track,energy level 3 out of 11,"instrumental rock track, energy level 3 out of 11",6.5,-17.957332704391902,0.0610289759933948,6.5,0.1388213038444519
corpus/mgs__rock_L3_verb__s0.wav,mgs,rock_L3_verb,0,rock,3,verbal,instrumental rock track,calm,"instrumental rock track, calm",6.2,-12.644776879160665,0.2263499200344085,6.0,0.3035863935947418
corpus/mgs__rock_L3_verb__s1.wav,mgs,rock_L3_verb,1,rock,3,verbal,instrumental rock track,calm,"instrumental rock track, calm",6.5,-23.291393893545784,0.4750875234603882,6.5,0.5709571838378906
corpus/mgs__rock_L3_verb__s2.wav,mgs,rock_L3_verb,2,rock,3,verbal,instrumental rock track,calm,"instrumental rock track, calm",6.2,-20.06738335448177,0.0979224145412445,6.4,0.1603831797838211
corpus/mgs__rock_L3_verb__s3.wav,mgs,rock_L3_verb,3,rock,3,verbal,instrumental rock track,calm,"instrumental rock track, calm",6.2,-15.877212182554016,0.1602049767971038,6.4,0.1733398139476776
corpus/mgs__rock_L3_verb__s4.wav,mgs,rock_L3_verb,4,rock,3,verbal,instrumental rock track,calm,"instrumental rock track, calm",6.4,-14.18578126053853,0.6500508785247803,6.4,0.3520574271678924
corpus/mgs__rock_L3_verb__s5.wav,mgs,rock_L3_verb,5,rock,3,verbal,instrumental rock track,calm,"instrumental rock track, calm",5.5,-14.97209331840579,0.2546515762805938,5.9,0.1422054469585418
corpus/mgs__rock_L5_num__s0.wav,mgs,rock_L5_num,0,rock,5,numeric,instrumental rock track,energy level 5 out of 11,"instrumental rock track, energy level 5 out of 11",6.5,-10.805886180342547,0.3504981696605682,6.5,0.4145934879779815
corpus/mgs__rock_L5_num__s1.wav,mgs,rock_L5_num,1,rock,5,numeric,instrumental rock track,energy level 5 out of 11,"instrumental rock track, energy level 5 out of 11",6.5,-19.799645647128457,0.4415811002254486,6.5,0.4663008749485016
corpus/mgs__rock_L5_num__s2.wav,mgs,rock_L5_num,2,rock,5,numeric,instrumental rock track,energy level 5 out of 11,"instrumental rock track, energy level 5 out of 11",6.5,-21.770591139475663,0.5440642237663269,6.5,0.4990129172801971
corpus/mgs__rock_L5_num__s3.wav,mgs,rock_L5_num,3,rock,5,numeric,instrumental rock track,energy level 5 out of 11,"instrumental rock track, energy level 5 out of 11",6.5,-14.884466705113988,0.4764660000801086,6.5,0.4780571162700653
corpus/mgs__rock_L5_num__s4.wav,mgs,rock_L5_num,4,rock,5,numeric,instrumental rock track,energy level 5 out of 11,"instrumental rock track, energy level 5 out of 11",6.5,-20.79956037751854,0.4166059792041778,6.5,0.520029604434967
corpus/mgs__rock_L5_num__s5.wav,mgs,rock_L5_num,5,rock,5,numeric,instrumental rock track,energy level 5 out of 11,"instrumental rock track, energy level 5 out of 11",6.5,-15.614357734426912,0.4493257105350494,6.5,0.5880747437477112
corpus/mgs__rock_L5_verb__s0.wav,mgs,rock_L5_verb,0,rock,5,verbal,instrumental rock track,moderate energy,"instrumental rock track, moderate energy",6.5,-19.22900022625793,0.4386890828609466,6.5,0.4756363034248352
corpus/mgs__rock_L5_verb__s1.wav,mgs,rock_L5_verb,1,rock,5,verbal,instrumental rock track,moderate energy,"instrumental rock track, moderate energy",6.5,-10.77983014994827,0.512586772441864,6.4,0.4571759104728699
corpus/mgs__rock_L5_verb__s2.wav,mgs,rock_L5_verb,2,rock,5,verbal,instrumental rock track,moderate energy,"instrumental rock track, moderate energy",5.5,-16.500209836907416,0.4583035707473755,6.0,0.4963200688362121
corpus/mgs__rock_L5_verb__s3.wav,mgs,rock_L5_verb,3,rock,5,verbal,instrumental rock track,moderate energy,"instrumental rock track, moderate energy",6.5,-22.930451816444723,0.4434760212898254,6.5,0.3575381934642792
corpus/mgs__rock_L5_verb__s4.wav,mgs,rock_L5_verb,4,rock,5,verbal,instrumental rock track,moderate energy,"instrumental rock track, moderate energy",6.5,-21.27092841153438,-0.1430359631776809,6.5,0.3668633997440338
corpus/mgs__rock_L5_verb__s5.wav,mgs,rock_L5_verb,5,rock,5,verbal,instrumental rock track,moderate energy,"instrumental rock track, moderate energy",6.5,-21.13246129406141,0.5169431567192078,6.5,0.5705337524414062
corpus/mgs__rock_L7_num__s0.wav,mgs,rock_L7_num,0,rock,7,numeric,instrumental rock track,energy level 7 out of 11,"instrumental rock track, energy level 7 out of 11",6.0,-11.710400107527972,0.5024367570877075,5.2,0.4892018735408783
corpus/mgs__rock_L7_num__s1.wav,mgs,rock_L7_num,1,rock,7,numeric,instrumental rock track,energy level 7 out of 11,"instrumental rock track, energy level 7 out of 11",6.5,-15.891111995867805,0.4259358644485473,6.5,0.3408859968185425
corpus/mgs__rock_L7_num__s2.wav,mgs,rock_L7_num,2,rock,7,numeric,instrumental rock track,energy level 7 out of 11,"instrumental rock track, energy level 7 out of 11",6.5,-21.489300495900164,0.479557454586029,6.5,0.5568991899490356
corpus/mgs__rock_L7_num__s3.wav,mgs,rock_L7_num,3,rock,7,numeric,instrumental rock track,energy level 7 out of 11,"instrumental rock track, energy level 7 out of 11",6.4,-20.92676638443326,0.4892287254333496,6.5,0.3566631972789764
corpus/mgs__rock_L7_num__s4.wav,mgs,rock_L7_num,4,rock,7,numeric,instrumental rock track,energy level 7 out of 11,"instrumental rock track, energy level 7 out of 11",6.4,-14.45962283609996,0.3877709507942199,6.4,0.2935939431190491
corpus/mgs__rock_L7_num__s5.wav,mgs,rock_L7_num,5,rock,7,numeric,instrumental rock track,energy level 7 out of 11,"instrumental rock track, energy level 7 out of 11",6.5,-13.92103668089899,0.5781790614128113,6.5,0.5629631876945496
corpus/mgs__rock_L7_verb__s0.wav,mgs,rock_L7_verb,0,rock,7,verbal,instrumental rock track,energetic,"instrumental rock track, energetic",6.4,-23.18871537808017,0.4221071898937225,6.5,0.6125166416168213
corpus/mgs__rock_L7_verb__s1.wav,mgs,rock_L7_verb,1,rock,7,verbal,instrumental rock track,energetic,"instrumental rock track, energetic",6.5,-9.096312070118271,0.4727945923805237,6.5,0.3644810914993286
corpus/mgs__rock_L7_verb__s2.wav,mgs,rock_L7_verb,2,rock,7,verbal,instrumental rock track,energetic,"instrumental rock track, energetic",6.5,-12.845396787424376,0.4089069366455078,6.5,0.3961339592933655
corpus/mgs__rock_L7_verb__s3.wav,mgs,rock_L7_verb,3,rock,7,verbal,instrumental rock track,energetic,"instrumental rock track, energetic",6.5,-7.465681804633068,0.5294693112373352,6.5,0.3703625798225403
corpus/mgs__rock_L7_verb__s4.wav,mgs,rock_L7_verb,4,rock,7,verbal,instrumental rock track,energetic,"instrumental rock track, energetic",6.5,-18.66389383643531,0.4448406994342804,6.5,0.4827426075935364
corpus/mgs__rock_L7_verb__s5.wav,mgs,rock_L7_verb,5,rock,7,verbal,instrumental rock track,energetic,"instrumental rock track, energetic",6.5,-13.943833223561477,0.5326392650604248,6.5,0.6455795168876648
corpus/mgs__rock_L9_num__s0.wav,mgs,rock_L9_num,0,rock,9,numeric,instrumental rock track,energy level 9 out of 11,"instrumental rock track, energy level 9 out of 11",6.5,-21.67303483461043,0.5503717660903931,6.5,0.5938820838928223
corpus/mgs__rock_L9_num__s1.wav,mgs,rock_L9_num,1,rock,9,numeric,instrumental rock track,energy level 9 out of 11,"instrumental rock track, energy level 9 out of 11",6.5,-10.59443592734471,0.5457636713981628,6.5,0.5694167613983154
corpus/mgs__rock_L9_num__s2.wav,mgs,rock_L9_num,2,rock,9,numeric,instrumental rock track,energy level 9 out of 11,"instrumental rock track, energy level 9 out of 11",6.5,-19.056127760035714,0.5614741444587708,6.5,0.568080723285675
corpus/mgs__rock_L9_num__s3.wav,mgs,rock_L9_num,3,rock,9,numeric,instrumental rock track,energy level 9 out of 11,"instrumental rock track, energy level 9 out of 11",6.5,-17.75834541673825,0.3788484334945678,6.5,0.3923503160476684
corpus/mgs__rock_L9_num__s4.wav,mgs,rock_L9_num,4,rock,9,numeric,instrumental rock track,energy level 9 out of 11,"instrumental rock track, energy level 9 out of 11",6.5,-17.999121022174613,0.4836587905883789,6.5,0.520632803440094
corpus/mgs__rock_L9_num__s5.wav,mgs,rock_L9_num,5,rock,9,numeric,instrumental rock track,energy level 9 out of 11,"instrumental rock track, energy level 9 out of 11",6.5,-14.762263336022649,0.2740867137908935,6.5,0.5054170489311218
corpus/mgs__rock_L9_verb__s0.wav,mgs,rock_L9_verb,0,rock,9,verbal,instrumental rock track,extremely intense,"instrumental rock track, extremely intense",6.5,-22.10199529241633,0.2313764989376068,6.5,0.6297956109046936
corpus/mgs__rock_L9_verb__s1.wav,mgs,rock_L9_verb,1,rock,9,verbal,instrumental rock track,extremely intense,"instrumental rock track, extremely intense",6.5,-12.840712023285292,0.5909102559089661,6.5,0.5668870210647583
corpus/mgs__rock_L9_verb__s2.wav,mgs,rock_L9_verb,2,rock,9,verbal,instrumental rock track,extremely intense,"instrumental rock track, extremely intense",6.5,-12.40968685098813,0.6561673283576965,6.5,0.6506104469299316
corpus/mgs__rock_L9_verb__s3.wav,mgs,rock_L9_verb,3,rock,9,verbal,instrumental rock track,extremely intense,"instrumental rock track, extremely intense",6.5,-18.934120102079,0.4913675785064697,6.5,0.5672685503959656
corpus/mgs__rock_L9_verb__s4.wav,mgs,rock_L9_verb,4,rock,9,verbal,instrumental rock track,extremely intense,"instrumental rock track, extremely intense",3.8,-16.521351115545468,-0.0062293484807014,4.0,0.0742245838046073
corpus/mgs__rock_L9_verb__s5.wav,mgs,rock_L9_verb,5,rock,9,verbal,instrumental rock track,extremely intense,"instrumental rock track, extremely intense",6.4,-26.78597580484461,0.4308813214302063,6.5,0.5988306999206543
corpus/sa3s__edm_L1_num__s0.wav,sa3s,edm_L1_num,0,edm,1,numeric,instrumental electronic dance track,energy level 1 out of 11,"instrumental electronic dance track, energy level 1 out of 11",6.5,-14.105986985208778,0.2588557302951813,6.5,0.2606526613235473
corpus/sa3s__edm_L1_num__s1.wav,sa3s,edm_L1_num,1,edm,1,numeric,instrumental electronic dance track,energy level 1 out of 11,"instrumental electronic dance track, energy level 1 out of 11",6.0,-18.535278057666847,0.1929255127906799,6.4,0.2498188316822052
corpus/sa3s__edm_L1_num__s2.wav,sa3s,edm_L1_num,2,edm,1,numeric,instrumental electronic dance track,energy level 1 out of 11,"instrumental electronic dance track, energy level 1 out of 11",6.5,-13.412771400770604,0.3019516468048095,6.5,0.3090755045413971
corpus/sa3s__edm_L1_num__s3.wav,sa3s,edm_L1_num,3,edm,1,numeric,instrumental electronic dance track,energy level 1 out of 11,"instrumental electronic dance track, energy level 1 out of 11",6.5,-13.40496390563723,0.295741319656372,6.5,0.3160120546817779
corpus/sa3s__edm_L1_num__s4.wav,sa3s,edm_L1_num,4,edm,1,numeric,instrumental electronic dance track,energy level 1 out of 11,"instrumental electronic dance track, energy level 1 out of 11",5.2,-19.24960287421217,0.2330440282821655,6.0,0.2706711590290069
corpus/sa3s__edm_L1_num__s5.wav,sa3s,edm_L1_num,5,edm,1,numeric,instrumental electronic dance track,energy level 1 out of 11,"instrumental electronic dance track, energy level 1 out of 11",6.4,-18.08866707238331,0.1619191616773605,6.5,0.2656091153621673
corpus/sa3s__edm_L1_verb__s0.wav,sa3s,edm_L1_verb,0,edm,1,verbal,instrumental electronic dance track,very calm,"instrumental electronic dance track, very calm",5.2,-21.69615154787483,0.0565971285104751,6.0,0.1098544597625732
corpus/sa3s__edm_L1_verb__s1.wav,sa3s,edm_L1_verb,1,edm,1,verbal,instrumental electronic dance track,very calm,"instrumental electronic dance track, very calm",4.1,-19.719052526410803,0.0020845383405685,5.2,0.0887190252542495
corpus/sa3s__edm_L1_verb__s2.wav,sa3s,edm_L1_verb,2,edm,1,verbal,instrumental electronic dance track,very calm,"instrumental electronic dance track, very calm",6.0,-21.2418119751339,0.0816249400377273,6.4,0.170483723282814
corpus/sa3s__edm_L1_verb__s3.wav,sa3s,edm_L1_verb,3,edm,1,verbal,instrumental electronic dance track,very calm,"instrumental electronic dance track, very calm",5.2,-19.13374253934716,-0.0121506452560424,6.0,0.0435859262943267
corpus/sa3s__edm_L1_verb__s4.wav,sa3s,edm_L1_verb,4,edm,1,verbal,instrumental electronic dance track,very calm,"instrumental electronic dance track, very calm",4.5,-17.213698056960617,0.0490972399711608,5.2,0.1113907322287559
corpus/sa3s__edm_L1_verb__s5.wav,sa3s,edm_L1_verb,5,edm,1,verbal,instrumental electronic dance track,very calm,"instrumental electronic dance track, very calm",4.2,-18.27860586793776,0.0268791168928146,5.2,0.039529412984848
corpus/sa3s__edm_L3_num__s0.wav,sa3s,edm_L3_num,0,edm,3,numeric,instrumental electronic dance track,energy level 3 out of 11,"instrumental electronic dance track, energy level 3 out of 11",6.5,-16.604960833499366,0.3385728597640991,6.5,0.3947787582874298
corpus/sa3s__edm_L3_num__s1.wav,sa3s,edm_L3_num,1,edm,3,numeric,instrumental electronic dance track,energy level 3 out of 11,"instrumental electronic dance track, energy level 3 out of 11",6.4,-17.148022993023858,0.2329105585813522,6.5,0.3084021210670471
corpus/sa3s__edm_L3_num__s2.wav,sa3s,edm_L3_num,2,edm,3,numeric,instrumental electronic dance track,energy level 3 out of 11,"instrumental electronic dance track, energy level 3 out of 11",6.5,-16.844222650460225,0.3030731976032257,6.5,0.3406078815460205
corpus/sa3s__edm_L3_num__s3.wav,sa3s,edm_L3_num,3,edm,3,numeric,instrumental electronic dance track,energy level 3 out of 11,"instrumental electronic dance track, energy level 3 out of 11",6.5,-14.4052164089717,0.3181503117084503,6.5,0.3472399711608886
corpus/sa3s__edm_L3_num__s4.wav,sa3s,edm_L3_num,4,edm,3,numeric,instrumental electronic dance track,energy level 3 out of 11,"instrumental electronic dance track, energy level 3 out of 11",6.5,-16.971489515949134,0.2606379091739654,6.5,0.3581679463386535
corpus/sa3s__edm_L3_num__s5.wav,sa3s,edm_L3_num,5,edm,3,numeric,instrumental electronic dance track,energy level 3 out of 11,"instrumental electronic dance track, energy level 3 out of 11",6.5,-12.681209859800736,0.3157634437084198,6.5,0.2810063660144806
corpus/sa3s__edm_L3_verb__s0.wav,sa3s,edm_L3_verb,0,edm,3,verbal,instrumental electronic dance track,calm,"instrumental electronic dance track, calm",5.9,-18.03353793974761,0.0775741636753082,6.2,0.1742670536041259
corpus/sa3s__edm_L3_verb__s1.wav,sa3s,edm_L3_verb,1,edm,3,verbal,instrumental electronic dance track,calm,"instrumental electronic dance track, calm",5.2,-18.465411274561983,0.0660382211208343,6.0,0.0863256156444549
corpus/sa3s__edm_L3_verb__s2.wav,sa3s,edm_L3_verb,2,edm,3,verbal,instrumental electronic dance track,calm,"instrumental electronic dance track, calm",6.2,-17.97421718865952,0.0777593404054641,6.4,0.1932704448699951
corpus/sa3s__edm_L3_verb__s3.wav,sa3s,edm_L3_verb,3,edm,3,verbal,instrumental electronic dance track,calm,"instrumental electronic dance track, calm",6.0,-19.46597924163216,0.1026779562234878,6.4,0.1373717337846756
corpus/sa3s__edm_L3_verb__s4.wav,sa3s,edm_L3_verb,4,edm,3,verbal,instrumental electronic dance track,calm,"instrumental electronic dance track, calm",5.5,-17.092308433436894,0.0674043148756027,6.0,0.0476694703102111
corpus/sa3s__edm_L3_verb__s5.wav,sa3s,edm_L3_verb,5,edm,3,verbal,instrumental electronic dance track,calm,"instrumental electronic dance track, calm",6.0,-18.80398561428582,0.1617110073566436,6.4,0.1989673525094986
corpus/sa3s__edm_L5_num__s0.wav,sa3s,edm_L5_num,0,edm,5,numeric,instrumental electronic dance track,energy level 5 out of 11,"instrumental electronic dance track, energy level 5 out of 11",6.5,-16.78814902515175,0.3318114876747131,6.5,0.3551546335220337
corpus/sa3s__edm_L5_num__s1.wav,sa3s,edm_L5_num,1,edm,5,numeric,instrumental electronic dance track,energy level 5 out of 11,"instrumental electronic dance track, energy level 5 out of 11",6.5,-17.05419918137419,0.2968614101409912,6.5,0.3296510577201843
corpus/sa3s__edm_L5_num__s2.wav,sa3s,edm_L5_num,2,edm,5,numeric,instrumental electronic dance track,energy level 5 out of 11,"instrumental electronic dance track, energy level 5 out of 11",6.4,-16.856874957053737,0.2256122827529907,6.5,0.2008593082427978
corpus/sa3s__edm_L5_num__s3.wav,sa3s,edm_L5_num,3,edm,5,numeric,instrumental electronic dance track,energy level 5 out of 11,"instrumental electronic dance track, energy level 5 out of 11",6.0,-20.892050222547,0.2699199914932251,6.5,0.3377457857131958
corpus/sa3s__edm_L5_num__s4.wav,sa3s,edm_L5_num,4,edm,5,numeric,instrumental electronic dance track,energy level 5 out of 11,"instrumental electronic dance track, energy level 5 out of 11",6.5,-16.993362337872448,0.2874247431755066,6.5,0.3105029761791229
corpus/sa3s__edm_L5_num__s5.wav,sa3s,edm_L5_num,5,edm,5,numeric,instrumental electronic dance track,energy level 5 out of 11,"instrumental electronic dance track, energy level 5 out of 11",6.5,-15.63011451037124,0.438061773777008,6.5,0.4161546230316162
corpus/sa3s__edm_L5_verb__s0.wav,sa3s,edm_L5_verb,0,edm,5,verbal,instrumental electronic dance track,moderate energy,"instrumental electronic dance track, moderate energy",6.4,-19.687690990384883,0.2294332534074783,6.5,0.3511743545532226
corpus/sa3s__edm_L5_verb__s1.wav,sa3s,edm_L5_verb,1,edm,5,verbal,instrumental electronic dance track,moderate energy,"instrumental electronic dance track, moderate energy",6.5,-20.840810522797536,0.2547896206378937,6.5,0.2597989439964294
corpus/sa3s__edm_L5_verb__s2.wav,sa3s,edm_L5_verb,2,edm,5,verbal,instrumental electronic dance track,moderate energy,"instrumental electronic dance track, moderate energy",6.5,-14.512168060710374,0.2944744527339935,6.5,0.3293667435646057
corpus/sa3s__edm_L5_verb__s3.wav,sa3s,edm_L5_verb,3,edm,5,verbal,instrumental electronic dance track,moderate energy,"instrumental electronic dance track, moderate energy",6.5,-13.739878890030989,0.2761601209640503,6.5,0.2979245781898498
corpus/sa3s__edm_L5_verb__s4.wav,sa3s,edm_L5_verb,4,edm,5,verbal,instrumental electronic dance track,moderate energy,"instrumental electronic dance track, moderate energy",6.5,-14.004184770414726,0.3142419457435608,6.5,0.2851965725421905
corpus/sa3s__edm_L5_verb__s5.wav,sa3s,edm_L5_verb,5,edm,5,verbal,instrumental electronic dance track,moderate energy,"instrumental electronic dance track, moderate energy",6.4,-19.31611951381005,0.2618027627468109,6.5,0.3022749722003937
corpus/sa3s__edm_L7_num__s0.wav,sa3s,edm_L7_num,0,edm,7,numeric,instrumental electronic dance track,energy level 7 out of 11,"instrumental electronic dance track, energy level 7 out of 11",6.5,-17.359352351619947,0.3447538018226623,6.5,0.3714145720005035
corpus/sa3s__edm_L7_num__s1.wav,sa3s,edm_L7_num,1,edm,7,numeric,instrumental electronic dance track,energy level 7 out of 11,"instrumental electronic dance track, energy level 7 out of 11",6.5,-17.10115336602727,0.4045260548591614,6.5,0.4219133257865906
corpus/sa3s__edm_L7_num__s2.wav,sa3s,edm_L7_num,2,edm,7,numeric,instrumental electronic dance track,energy level 7 out of 11,"instrumental electronic dance track, energy level 7 out of 11",6.5,-14.254450569357603,0.2824317514896393,6.5,0.2723518311977386
corpus/sa3s__edm_L7_num__s3.wav,sa3s,edm_L7_num,3,edm,7,numeric,instrumental electronic dance track,energy level 7 out of 11,"instrumental electronic dance track, energy level 7 out of 11",6.5,-18.4928569989181,0.3054970800876617,6.5,0.3404279351234436
corpus/sa3s__edm_L7_num__s4.wav,sa3s,edm_L7_num,4,edm,7,numeric,instrumental electronic dance track,energy level 7 out of 11,"instrumental electronic dance track, energy level 7 out of 11",6.5,-18.94325291921664,0.2322457581758499,6.5,0.3867080509662628
corpus/sa3s__edm_L7_num__s5.wav,sa3s,edm_L7_num,5,edm,7,numeric,instrumental electronic dance track,energy level 7 out of 11,"instrumental electronic dance track, energy level 7 out of 11",6.2,-17.205251028279285,0.2380831390619278,6.5,0.2268255352973938
corpus/sa3s__edm_L7_verb__s0.wav,sa3s,edm_L7_verb,0,edm,7,verbal,instrumental electronic dance track,energetic,"instrumental electronic dance track, energetic",6.4,-17.39630093724448,0.2364782691001892,6.5,0.2873143553733825
corpus/sa3s__edm_L7_verb__s1.wav,sa3s,edm_L7_verb,1,edm,7,verbal,instrumental electronic dance track,energetic,"instrumental electronic dance track, energetic",6.5,-16.262524627312448,0.2784472405910492,6.5,0.2989130616188049
corpus/sa3s__edm_L7_verb__s2.wav,sa3s,edm_L7_verb,2,edm,7,verbal,instrumental electronic dance track,energetic,"instrumental electronic dance track, energetic",6.5,-17.23872234702102,0.2016730606555938,6.5,0.259931743144989
corpus/sa3s__edm_L7_verb__s3.wav,sa3s,edm_L7_verb,3,edm,7,verbal,instrumental electronic dance track,energetic,"instrumental electronic dance track, energetic",6.5,-14.89892276278925,0.25338014960289,6.5,0.2089151740074157
corpus/sa3s__edm_L7_verb__s4.wav,sa3s,edm_L7_verb,4,edm,7,verbal,instrumental electronic dance track,energetic,"instrumental electronic dance track, energetic",6.4,-18.031698370542305,0.2733168005943298,6.5,0.289868950843811
corpus/sa3s__edm_L7_verb__s5.wav,sa3s,edm_L7_verb,5,edm,7,verbal,instrumental electronic dance track,energetic,"instrumental electronic dance track, energetic",6.4,-19.21018515501178,0.1697471886873245,6.5,0.2825356423854828
corpus/sa3s__edm_L9_num__s0.wav,sa3s,edm_L9_num,0,edm,9,numeric,instrumental electronic dance track,energy level 9 out of 11,"instrumental electronic dance track, energy level 9 out of 11",6.0,-18.42137742760865,0.1961818933486938,6.4,0.2885745167732239
corpus/sa3s__edm_L9_num__s1.wav,sa3s,edm_L9_num,1,edm,9,numeric,instrumental electronic dance track,energy level 9 out of 11,"instrumental electronic dance track, energy level 9 out of 11",6.5,-16.383905625088214,0.3657005429267883,6.5,0.4154625833034515
corpus/sa3s__edm_L9_num__s2.wav,sa3s,edm_L9_num,2,edm,9,numeric,instrumental electronic dance track,energy level 9 out of 11,"instrumental electronic dance track, energy level 9 out of 11",6.4,-19.54052418696014,0.3007197976112366,6.5,0.3228805959224701
corpus/sa3s__edm_L9_num__s3.wav,sa3s,edm_L9_num,3,edm,9,numeric,instrumental electronic dance track,energy level 9 out of 11,"instrumental electronic dance track, energy level 9 out of 11",6.4,-17.185813057876853,0.2418689429759979,6.5,0.2678317725658417
corpus/sa3s__edm_L9_num__s4.wav,sa3s,edm_L9_num,4,edm,9,numeric,instrumental electronic dance track,energy level 9 out of 11,"instrumental electronic dance track, energy level 9 out of 11",6.4,-16.671110101248065,0.2724566459655761,6.5,0.2991490364074707
corpus/sa3s__edm_L9_num__s5.wav,sa3s,edm_L9_num,5,edm,9,numeric,instrumental electronic dance track,energy level 9 out of 11,"instrumental electronic dance track, energy level 9 out of 11",6.4,-16.52897151542292,0.3223865330219269,6.5,0.2814891338348388
corpus/sa3s__edm_L9_verb__s0.wav,sa3s,edm_L9_verb,0,edm,9,verbal,instrumental electronic dance track,extremely intense,"instrumental electronic dance track, extremely intense",6.4,-14.960467037633151,0.3241392076015472,6.5,0.3140230774879455
corpus/sa3s__edm_L9_verb__s1.wav,sa3s,edm_L9_verb,1,edm,9,verbal,instrumental electronic dance track,extremely intense,"instrumental electronic dance track, extremely intense",6.2,-19.650755412396745,0.2335259616374969,6.5,0.2881174683570862
corpus/sa3s__edm_L9_verb__s2.wav,sa3s,edm_L9_verb,2,edm,9,verbal,instrumental electronic dance track,extremely intense,"instrumental electronic dance track, extremely intense",6.5,-16.10233319384233,0.2299449741840362,6.5,0.3012155294418335
corpus/sa3s__edm_L9_verb__s3.wav,sa3s,edm_L9_verb,3,edm,9,verbal,instrumental electronic dance track,extremely intense,"instrumental electronic dance track, extremely intense",6.4,-19.028978255933385,0.3823912441730499,6.5,0.4874327778816223
corpus/sa3s__edm_L9_verb__s4.wav,sa3s,edm_L9_verb,4,edm,9,verbal,instrumental electronic dance track,extremely intense,"instrumental electronic dance track, extremely intense",6.5,-15.201872921252088,0.2388601750135421,6.5,0.2637728154659271
corpus/sa3s__edm_L9_verb__s5.wav,sa3s,edm_L9_verb,5,edm,9,verbal,instrumental electronic dance track,extremely intense,"instrumental electronic dance track, extremely intense",6.5,-17.97492331280201,0.194901242852211,6.5,0.2497009187936782
corpus/sa3s__folk_L1_num__s0.wav,sa3s,folk_L1_num,0,folk,1,numeric,instrumental acoustic folk track,energy level 1 out of 11,"instrumental acoustic folk track, energy level 1 out of 11",3.7,-20.371235136959207,0.1207631826400756,4.1,0.1272761821746826
corpus/sa3s__folk_L1_num__s1.wav,sa3s,folk_L1_num,1,folk,1,numeric,instrumental acoustic folk track,energy level 1 out of 11,"instrumental acoustic folk track, energy level 1 out of 11",3.7,-18.27558315536191,0.0317188054323196,3.7,0.1612923592329025
corpus/sa3s__folk_L1_num__s2.wav,sa3s,folk_L1_num,2,folk,1,numeric,instrumental acoustic folk track,energy level 1 out of 11,"instrumental acoustic folk track, energy level 1 out of 11",4.1,-20.71577606926022,0.074403315782547,4.5,0.2109864354133606
corpus/sa3s__folk_L1_num__s3.wav,sa3s,folk_L1_num,3,folk,1,numeric,instrumental acoustic folk track,energy level 1 out of 11,"instrumental acoustic folk track, energy level 1 out of 11",4.1,-17.885514311249096,0.1137065291404724,4.5,0.1570412963628769
corpus/sa3s__folk_L1_num__s4.wav,sa3s,folk_L1_num,4,folk,1,numeric,instrumental acoustic folk track,energy level 1 out of 11,"instrumental acoustic folk track, energy level 1 out of 11",4.1,-18.65875228216727,0.2662214636802673,4.5,0.2715358138084411
corpus/sa3s__folk_L1_num__s5.wav,sa3s,folk_L1_num,5,folk,1,numeric,instrumental acoustic folk track,energy level 1 out of 11,"instrumental acoustic folk track, energy level 1 out of 11",3.7,-21.632814930424807,0.1220942139625549,4.2,0.1743538379669189
corpus/sa3s__folk_L1_verb__s0.wav,sa3s,folk_L1_verb,0,folk,1,verbal,instrumental acoustic folk track,very calm,"instrumental acoustic folk track, very calm",3.7,-20.30422446224008,-0.0159943401813507,3.8,0.0960746705532074
corpus/sa3s__folk_L1_verb__s1.wav,sa3s,folk_L1_verb,1,folk,1,verbal,instrumental acoustic folk track,very calm,"instrumental acoustic folk track, very calm",3.7,-22.5394246529474,0.0406234115362167,4.4,0.1602659672498703
corpus/sa3s__folk_L1_verb__s2.wav,sa3s,folk_L1_verb,2,folk,1,verbal,instrumental acoustic folk track,very calm,"instrumental acoustic folk track, very calm",4.1,-19.01523313490516,0.0728776454925537,4.5,0.1599937826395034
corpus/sa3s__folk_L1_verb__s3.wav,sa3s,folk_L1_verb,3,folk,1,verbal,instrumental acoustic folk track,very calm,"instrumental acoustic folk track, very calm",3.7,-20.38139940667273,0.0601651668548584,4.1,0.1201128512620925
corpus/sa3s__folk_L1_verb__s4.wav,sa3s,folk_L1_verb,4,folk,1,verbal,instrumental acoustic folk track,very calm,"instrumental acoustic folk track, very calm",4.1,-18.82637485313917,0.0658373832702636,4.5,0.0937260240316391
corpus/sa3s__folk_L1_verb__s5.wav,sa3s,folk_L1_verb,5,folk,1,verbal,instrumental acoustic folk track,very calm,"instrumental acoustic folk track, very calm",4.4,-23.12512611233233,0.0373874604701995,5.5,0.2080617845058441
corpus/sa3s__folk_L3_num__s0.wav,sa3s,folk_L3_num,0,folk,3,numeric,instrumental acoustic folk track,energy level 3 out of 11,"instrumental acoustic folk track, energy level 3 out of 11",4.1,-19.24385450158067,0.1091042459011077,4.5,0.1757665872573852
corpus/sa3s__folk_L3_num__s1.wav,sa3s,folk_L3_num,1,folk,3,numeric,instrumental acoustic folk track,energy level 3 out of 11,"instrumental acoustic folk track, energy level 3 out of 11",4.1,-20.044502282969823,0.0180194154381752,4.5,0.0927598625421524
corpus/sa3s__folk_L3_num__s2.wav,sa3s,folk_L3_num,2,folk,3,numeric,instrumental acoustic folk track,energy level 3 out of 11,"instrumental acoustic folk track, energy level 3 out of 11",5.5,-18.177612481722097,0.2009739577770233,6.0,0.2165610790252685
corpus/sa3s__folk_L3_num__s3.wav,sa3s,folk_L3_num,3,folk,3,numeric,instrumental acoustic folk track,energy level 3 out of 11,"instrumental acoustic folk track, energy level 3 out of 11",4.5,-27.91682319933143,0.1210690885782241,6.0,0.2854160368442535
corpus/sa3s__folk_L3_num__s4.wav,sa3s,folk_L3_num,4,folk,3,numeric,instrumental acoustic folk track,energy level 3 out of 11,"instrumental acoustic folk track, energy level 3 out of 11",3.7,-23.45248161131536,0.0304236859083175,4.1,0.1764462292194366
corpus/sa3s__folk_L3_num__s5.wav,sa3s,folk_L3_num,5,folk,3,numeric,instrumental acoustic folk track,energy level 3 out of 11,"instrumental acoustic folk track, energy level 3 out of 11",4.1,-16.300299190655416,0.1814475655555725,4.4,0.2208546549081802
corpus/sa3s__folk_L3_verb__s0.wav,sa3s,folk_L3_verb,0,folk,3,verbal,instrumental acoustic folk track,calm,"instrumental acoustic folk track, calm",4.1,-17.020523235412533,0.0354776084423065,4.5,0.1259705573320388
corpus/sa3s__folk_L3_verb__s1.wav,sa3s,folk_L3_verb,1,folk,3,verbal,instrumental acoustic folk track,calm,"instrumental acoustic folk track, calm",3.7,-19.044464768665705,-0.0024500489234924,3.8,0.0823224782943725
corpus/sa3s__folk_L3_verb__s2.wav,sa3s,folk_L3_verb,2,folk,3,verbal,instrumental acoustic folk track,calm,"instrumental acoustic folk track, calm",4.1,-19.864962514519288,0.0292471945285797,4.4,0.1550787687301635
corpus/sa3s__folk_L3_verb__s3.wav,sa3s,folk_L3_verb,3,folk,3,verbal,instrumental acoustic folk track,calm,"instrumental acoustic folk track, calm",4.4,-16.71207225213415,-0.0755185037851333,5.2,0.0957441478967666
corpus/sa3s__folk_L3_verb__s4.wav,sa3s,folk_L3_verb,4,folk,3,verbal,instrumental acoustic folk track,calm,"instrumental acoustic folk track, calm",3.8,-19.84850629176,0.029481366276741,4.4,0.1373868137598037
corpus/sa3s__folk_L3_verb__s5.wav,sa3s,folk_L3_verb,5,folk,3,verbal,instrumental acoustic folk track,calm,"instrumental acoustic folk track, calm",4.1,-20.384954921983788,0.0985246822237968,4.5,0.2027497291564941
corpus/sa3s__folk_L5_num__s0.wav,sa3s,folk_L5_num,0,folk,5,numeric,instrumental acoustic folk track,energy level 5 out of 11,"instrumental acoustic folk track, energy level 5 out of 11",4.1,-18.028109233156574,0.1483266055583953,4.4,0.1745771318674087
corpus/sa3s__folk_L5_num__s1.wav,sa3s,folk_L5_num,1,folk,5,numeric,instrumental acoustic folk track,energy level 5 out of 11,"instrumental acoustic folk track, energy level 5 out of 11",4.1,-20.196666874283885,0.2268482148647308,4.5,0.2804812788963318
corpus/sa3s__folk_L5_num__s2.wav,sa3s,folk_L5_num,2,folk,5,numeric,instrumental acoustic folk track,energy level 5 out of 11,"instrumental acoustic folk track, energy level 5 out of 11",3.7,-22.195332861094947,0.046508103609085,4.1,0.1519699990749359
corpus/sa3s__folk_L5_num__s3.wav,sa3s,folk_L5_num,3,folk,5,numeric,instrumental acoustic folk track,energy level 5 out of 11,"instrumental acoustic folk track, energy level 5 out of 11",3.7,-18.497770724399786,0.1009522527456283,4.1,0.1309700757265091
corpus/sa3s__folk_L5_num__s4.wav,sa3s,folk_L5_num,4,folk,5,numeric,instrumental acoustic folk track,energy level 5 out of 11,"instrumental acoustic folk track, energy level 5 out of 11",4.0,-20.628862155162285,0.1381187587976455,4.4,0.1757549494504928
corpus/sa3s__folk_L5_num__s5.wav,sa3s,folk_L5_num,5,folk,5,numeric,instrumental acoustic folk track,energy level 5 out of 11,"instrumental acoustic folk track, energy level 5 out of 11",3.8,-21.33056941983605,0.0609615296125412,4.4,0.19094318151474
corpus/sa3s__folk_L5_verb__s0.wav,sa3s,folk_L5_verb,0,folk,5,verbal,instrumental acoustic folk track,moderate energy,"instrumental acoustic folk track, moderate energy",5.2,-19.997861868249203,0.2388672679662704,6.0,0.2916204333305359
corpus/sa3s__folk_L5_verb__s1.wav,sa3s,folk_L5_verb,1,folk,5,verbal,instrumental acoustic folk track,moderate energy,"instrumental acoustic folk track, moderate energy",5.2,-15.77214715233172,0.2747090458869934,5.2,0.2844678461551666
corpus/sa3s__folk_L5_verb__s2.wav,sa3s,folk_L5_verb,2,folk,5,verbal,instrumental acoustic folk track,moderate energy,"instrumental acoustic folk track, moderate energy",6.0,-18.08556875989952,0.2985055148601532,6.4,0.273765504360199
corpus/sa3s__folk_L5_verb__s3.wav,sa3s,folk_L5_verb,3,folk,5,verbal,instrumental acoustic folk track,moderate energy,"instrumental acoustic folk track, moderate energy",4.1,-17.88935123472236,0.1548931449651718,4.5,0.1839862018823623
corpus/sa3s__folk_L5_verb__s4.wav,sa3s,folk_L5_verb,4,folk,5,verbal,instrumental acoustic folk track,moderate energy,"instrumental acoustic folk track, moderate energy",5.5,-16.81418616139166,0.2154662758111953,6.0,0.24182690680027
corpus/sa3s__folk_L5_verb__s5.wav,sa3s,folk_L5_verb,5,folk,5,verbal,instrumental acoustic folk track,moderate energy,"instrumental acoustic folk track, moderate energy",3.8,-17.3084376318552,0.1518169492483139,4.1,0.1925252825021743
corpus/sa3s__folk_L7_num__s0.wav,sa3s,folk_L7_num,0,folk,7,numeric,instrumental acoustic folk track,energy level 7 out of 11,"instrumental acoustic folk track, energy level 7 out of 11",4.2,-20.136945983201965,0.0670520216226577,5.2,0.1235463768243789
corpus/sa3s__folk_L7_num__s1.wav,sa3s,folk_L7_num,1,folk,7,numeric,instrumental acoustic folk track,energy level 7 out of 11,"instrumental acoustic folk track, energy level 7 out of 11",4.2,-21.66373260409232,0.0930159091949462,5.2,0.1551366150379181
corpus/sa3s__folk_L7_num__s2.wav,sa3s,folk_L7_num,2,folk,7,numeric,instrumental acoustic folk track,energy level 7 out of 11,"instrumental acoustic folk track, energy level 7 out of 11",4.4,-22.292823846065644,0.1661720275878906,5.5,0.2371045649051666
corpus/sa3s__folk_L7_num__s3.wav,sa3s,folk_L7_num,3,folk,7,numeric,instrumental acoustic folk track,energy level 7 out of 11,"instrumental acoustic folk track, energy level 7 out of 11",4.1,-20.24677545388054,0.1216552406549453,5.2,0.1676793545484542
corpus/sa3s__folk_L7_num__s4.wav,sa3s,folk_L7_num,4,folk,7,numeric,instrumental acoustic folk track,energy level 7 out of 11,"instrumental acoustic folk track, energy level 7 out of 11",4.1,-21.354044081768546,0.0560930371284484,4.5,0.1179957389831543
corpus/sa3s__folk_L7_num__s5.wav,sa3s,folk_L7_num,5,folk,7,numeric,instrumental acoustic folk track,energy level 7 out of 11,"instrumental acoustic folk track, energy level 7 out of 11",4.5,-18.785038055815107,0.2256435006856918,5.5,0.2802950739860534
corpus/sa3s__folk_L7_verb__s0.wav,sa3s,folk_L7_verb,0,folk,7,verbal,instrumental acoustic folk track,energetic,"instrumental acoustic folk track, energetic",5.9,-17.64332590810629,0.1434817463159561,6.2,0.2409262657165527
corpus/sa3s__folk_L7_verb__s1.wav,sa3s,folk_L7_verb,1,folk,7,verbal,instrumental acoustic folk track,energetic,"instrumental acoustic folk track, energetic",6.0,-18.175187391907084,0.2892778217792511,6.2,0.1910344064235687
corpus/sa3s__folk_L7_verb__s2.wav,sa3s,folk_L7_verb,2,folk,7,verbal,instrumental acoustic folk track,energetic,"instrumental acoustic folk track, energetic",5.2,-19.24669204539803,0.2211015224456787,6.0,0.2612360119819641
corpus/sa3s__folk_L7_verb__s3.wav,sa3s,folk_L7_verb,3,folk,7,verbal,instrumental acoustic folk track,energetic,"instrumental acoustic folk track, energetic",5.2,-21.073491672752603,0.1983017474412918,6.0,0.2357397973537445
corpus/sa3s__folk_L7_verb__s4.wav,sa3s,folk_L7_verb,4,folk,7,verbal,instrumental acoustic folk track,energetic,"instrumental acoustic folk track, energetic",4.5,-18.61654647965128,0.2116371095180511,5.5,0.2327566891908645
corpus/sa3s__folk_L7_verb__s5.wav,sa3s,folk_L7_verb,5,folk,7,verbal,instrumental acoustic folk track,energetic,"instrumental acoustic folk track, energetic",6.0,-17.800408926731116,0.2934367060661316,6.4,0.2907195687294006
corpus/sa3s__folk_L9_num__s0.wav,sa3s,folk_L9_num,0,folk,9,numeric,instrumental acoustic folk track,energy level 9 out of 11,"instrumental acoustic folk track, energy level 9 out of 11",4.1,-17.718031541473252,0.1938515752553939,4.5,0.1917115896940231
corpus/sa3s__folk_L9_num__s1.wav,sa3s,folk_L9_num,1,folk,9,numeric,instrumental acoustic folk track,energy level 9 out of 11,"instrumental acoustic folk track, energy level 9 out of 11",3.7,-25.363187558048622,0.1361954808235168,4.1,0.2416804432868957
corpus/sa3s__folk_L9_num__s2.wav,sa3s,folk_L9_num,2,folk,9,numeric,instrumental acoustic folk track,energy level 9 out of 11,"instrumental acoustic folk track, energy level 9 out of 11",4.0,-21.457560129766424,0.1226750016212463,4.5,0.2078181505203247
corpus/sa3s__folk_L9_num__s3.wav,sa3s,folk_L9_num,3,folk,9,numeric,instrumental acoustic folk track,energy level 9 out of 11,"instrumental acoustic folk track, energy level 9 out of 11",6.0,-20.344359756496345,0.2526723146438598,6.4,0.2925196290016174
corpus/sa3s__folk_L9_num__s4.wav,sa3s,folk_L9_num,4,folk,9,numeric,instrumental acoustic folk track,energy level 9 out of 11,"instrumental acoustic folk track, energy level 9 out of 11",4.1,-18.478361254129258,0.1169482767581939,4.4,0.1691861152648925
corpus/sa3s__folk_L9_num__s5.wav,sa3s,folk_L9_num,5,folk,9,numeric,instrumental acoustic folk track,energy level 9 out of 11,"instrumental acoustic folk track, energy level 9 out of 11",4.1,-16.08260560191103,0.1836425065994262,4.5,0.1603442579507827
corpus/sa3s__folk_L9_verb__s0.wav,sa3s,folk_L9_verb,0,folk,9,verbal,instrumental acoustic folk track,extremely intense,"instrumental acoustic folk track, extremely intense",4.2,-22.77748664855632,0.0860446989536285,5.2,0.1655495464801788
corpus/sa3s__folk_L9_verb__s1.wav,sa3s,folk_L9_verb,1,folk,9,verbal,instrumental acoustic folk track,extremely intense,"instrumental acoustic folk track, extremely intense",4.1,-18.69094763619471,0.1440997570753097,4.5,0.2081719934940338
corpus/sa3s__folk_L9_verb__s2.wav,sa3s,folk_L9_verb,2,folk,9,verbal,instrumental acoustic folk track,extremely intense,"instrumental acoustic folk track, extremely intense",4.5,-21.3870353779585,0.0904262214899063,5.5,0.1710266917943954
corpus/sa3s__folk_L9_verb__s3.wav,sa3s,folk_L9_verb,3,folk,9,verbal,instrumental acoustic folk track,extremely intense,"instrumental acoustic folk track, extremely intense",3.7,-22.14004862786943,0.1332530379295349,4.4,0.2078172266483307
corpus/sa3s__folk_L9_verb__s4.wav,sa3s,folk_L9_verb,4,folk,9,verbal,instrumental acoustic folk track,extremely intense,"instrumental acoustic folk track, extremely intense",4.5,-22.54484266137123,0.1128253936767578,5.9,0.2394844889640808
corpus/sa3s__folk_L9_verb__s5.wav,sa3s,folk_L9_verb,5,folk,9,verbal,instrumental acoustic folk track,extremely intense,"instrumental acoustic folk track, extremely intense",4.4,-17.67388349438069,0.1593939214944839,5.2,0.2192431837320327
corpus/sa3s__hiphop_L1_num__s0.wav,sa3s,hiphop_L1_num,0,hiphop,1,numeric,instrumental hip-hop track,energy level 1 out of 11,"instrumental hip-hop track, energy level 1 out of 11",6.0,-17.883881855682898,0.15956811606884,6.2,0.0882050544023513
corpus/sa3s__hiphop_L1_num__s1.wav,sa3s,hiphop_L1_num,1,hiphop,1,numeric,instrumental hip-hop track,energy level 1 out of 11,"instrumental hip-hop track, energy level 1 out of 11",5.5,-18.03645837682004,0.0537142157554626,6.0,0.1379008889198303
corpus/sa3s__hiphop_L1_num__s2.wav,sa3s,hiphop_L1_num,2,hiphop,1,numeric,instrumental hip-hop track,energy level 1 out of 11,"instrumental hip-hop track, energy level 1 out of 11",5.2,-16.69459192038306,0.1096187382936477,5.2,0.1537782251834869
corpus/sa3s__hiphop_L1_num__s3.wav,sa3s,hiphop_L1_num,3,hiphop,1,numeric,instrumental hip-hop track,energy level 1 out of 11,"instrumental hip-hop track, energy level 1 out of 11",6.0,-15.422756042083131,0.1704784929752349,6.2,0.1540048718452453
corpus/sa3s__hiphop_L1_num__s4.wav,sa3s,hiphop_L1_num,4,hiphop,1,numeric,instrumental hip-hop track,energy level 1 out of 11,"instrumental hip-hop track, energy level 1 out of 11",5.5,-17.474678986554263,0.0236154347658157,6.0,0.0709939301013946
corpus/sa3s__hiphop_L1_num__s5.wav,sa3s,hiphop_L1_num,5,hiphop,1,numeric,instrumental hip-hop track,energy level 1 out of 11,"instrumental hip-hop track, energy level 1 out of 11",6.5,-17.087915492511623,0.2252120822668075,6.5,0.2159372270107269
corpus/sa3s__hiphop_L1_verb__s0.wav,sa3s,hiphop_L1_verb,0,hiphop,1,verbal,instrumental hip-hop track,very calm,"instrumental hip-hop track, very calm",6.4,-19.896358868548965,-0.0155660808086395,6.5,0.0811809450387954
corpus/sa3s__hiphop_L1_verb__s1.wav,sa3s,hiphop_L1_verb,1,hiphop,1,verbal,instrumental hip-hop track,very calm,"instrumental hip-hop track, very calm",5.2,-17.01443831587451,-0.005716323852539,5.9,0.0101210325956344
corpus/sa3s__hiphop_L1_verb__s2.wav,sa3s,hiphop_L1_verb,2,hiphop,1,verbal,instrumental hip-hop track,very calm,"instrumental hip-hop track, very calm",5.5,-17.938989464799622,-0.0349117368459701,6.0,-0.0049993395805358
corpus/sa3s__hiphop_L1_verb__s3.wav,sa3s,hiphop_L1_verb,3,hiphop,1,verbal,instrumental hip-hop track,very calm,"instrumental hip-hop track, very calm",4.1,-20.70219192863345,-0.0517992824316024,4.5,0.0122267007827758
corpus/sa3s__hiphop_L1_verb__s4.wav,sa3s,hiphop_L1_verb,4,hiphop,1,verbal,instrumental hip-hop track,very calm,"instrumental hip-hop track, very calm",6.0,-17.373486358770364,0.0352984368801116,6.2,0.0244864374399185
corpus/sa3s__hiphop_L1_verb__s5.wav,sa3s,hiphop_L1_verb,5,hiphop,1,verbal,instrumental hip-hop track,very calm,"instrumental hip-hop track, very calm",5.2,-16.96305380864367,0.0302581489086151,5.5,0.0043050199747085
corpus/sa3s__hiphop_L3_num__s0.wav,sa3s,hiphop_L3_num,0,hiphop,3,numeric,instrumental hip-hop track,energy level 3 out of 11,"instrumental hip-hop track, energy level 3 out of 11",6.0,-17.49309464091722,0.1819769442081451,6.2,0.1587757170200348
corpus/sa3s__hiphop_L3_num__s1.wav,sa3s,hiphop_L3_num,1,hiphop,3,numeric,instrumental hip-hop track,energy level 3 out of 11,"instrumental hip-hop track, energy level 3 out of 11",6.5,-15.411353082756662,0.1411075592041015,6.5,0.1702927649021148
corpus/sa3s__hiphop_L3_num__s2.wav,sa3s,hiphop_L3_num,2,hiphop,3,numeric,instrumental hip-hop track,energy level 3 out of 11,"instrumental hip-hop track, energy level 3 out of 11",6.2,-17.99862994983565,0.1295850872993469,6.4,0.2099664211273193
corpus/sa3s__hiphop_L3_num__s3.wav,sa3s,hiphop_L3_num,3,hiphop,3,numeric,instrumental hip-hop track,energy level 3 out of 11,"instrumental hip-hop track, energy level 3 out of 11",6.5,-13.748855024348847,0.1581377983093261,6.5,0.176714539527893
corpus/sa3s__hiphop_L3_num__s4.wav,sa3s,hiphop_L3_num,4,hiphop,3,numeric,instrumental hip-hop track,energy level 3 out of 11,"instrumental hip-hop track, energy level 3 out of 11",6.5,-15.802832990715396,0.1528695970773697,6.5,0.1392274498939514
corpus/sa3s__hiphop_L3_num__s5.wav,sa3s,hiphop_L3_num,5,hiphop,3,numeric,instrumental hip-hop track,energy level 3 out of 11,"instrumental hip-hop track, energy level 3 out of 11",6.2,-18.374459327783164,0.2188547402620315,6.4,0.2090723216533661
corpus/sa3s__hiphop_L3_verb__s0.wav,sa3s,hiphop_L3_verb,0,hiphop,3,verbal,instrumental hip-hop track,calm,"instrumental hip-hop track, calm",3.8,-18.62681028445765,-0.0936718583106994,4.1,-0.0713571459054946
corpus/sa3s__hiphop_L3_verb__s1.wav,sa3s,hiphop_L3_verb,1,hiphop,3,verbal,instrumental hip-hop track,calm,"instrumental hip-hop track, calm",5.2,-16.86992428117985,0.0143440812826156,5.2,0.0598023682832717
corpus/sa3s__hiphop_L3_verb__s2.wav,sa3s,hiphop_L3_verb,2,hiphop,3,verbal,instrumental hip-hop track,calm,"instrumental hip-hop track, calm",4.8,-15.1447722145014,0.0079364329576492,5.2,-0.0018022805452346
corpus/sa3s__hiphop_L3_verb__s3.wav,sa3s,hiphop_L3_verb,3,hiphop,3,verbal,instrumental hip-hop track,calm,"instrumental hip-hop track, calm",4.1,-19.80995519297161,0.0433011651039123,4.5,0.0998438000679016
corpus/sa3s__hiphop_L3_verb__s4.wav,sa3s,hiphop_L3_verb,4,hiphop,3,verbal,instrumental hip-hop track,calm,"instrumental hip-hop track, calm",4.2,-17.79800765918294,-0.0190454125404357,4.5,0.02820286154747
corpus/sa3s__hiphop_L3_verb__s5.wav,sa3s,hiphop_L3_verb,5,hiphop,3,verbal,instrumental hip-hop track,calm,"instrumental hip-hop track, calm",4.5,-21.8968745013117,-0.0198065638542175,5.5,0.0285083055496215
corpus/sa3s__hiphop_L5_num__s0.wav,sa3s,hiphop_L5_num,0,hiphop,5,numeric,instrumental hip-hop track,energy level 5 out of 11,"instrumental hip-hop track, energy level 5 out of 11",6.4,-17.29342784651761,0.1450022757053375,6.5,0.2585924565792084
corpus/sa3s__hiphop_L5_num__s1.wav,sa3s,hiphop_L5_num,1,hiphop,5,numeric,instrumental hip-hop track,energy level 5 out of 11,"instrumental hip-hop track, energy level 5 out of 11",6.0,-16.272657692955587,0.1106302440166473,6.2,0.0622921139001846
corpus/sa3s__hiphop_L5_num__s2.wav,sa3s,hiphop_L5_num,2,hiphop,5,numeric,instrumental hip-hop track,energy level 5 out of 11,"instrumental hip-hop track, energy level 5 out of 11",5.5,-17.88312249931759,0.1199413388967514,6.0,0.2029230892658233
corpus/sa3s__hiphop_L5_num__s3.wav,sa3s,hiphop_L5_num,3,hiphop,5,numeric,instrumental hip-hop track,energy level 5 out of 11,"instrumental hip-hop track, energy level 5 out of 11",6.0,-18.314729035122525,0.1814518868923187,6.4,0.2269980609416961
corpus/sa3s__hiphop_L5_num__s4.wav,sa3s,hiphop_L5_num,4,hiphop,5,numeric,instrumental hip-hop track,energy level 5 out of 11,"instrumental hip-hop track, energy level 5 out of 11",5.2,-16.731531159449545,0.0830757468938827,5.5,0.1235071867704391
corpus/sa3s__hiphop_L5_num__s5.wav,sa3s,hiphop_L5_num,5,hiphop,5,numeric,instrumental hip-hop track,energy level 5 out of 11,"instrumental hip-hop track, energy level 5 out of 11",6.0,-18.59774513987261,0.1500569283962249,6.4,0.1815668940544128
corpus/sa3s__hiphop_L5_verb__s0.wav,sa3s,hiphop_L5_verb,0,hiphop,5,verbal,instrumental hip-hop track,moderate energy,"instrumental hip-hop track, moderate energy",6.0,-16.02305508675425,0.2114177644252777,6.0,0.2594451606273651
corpus/sa3s__hiphop_L5_verb__s1.wav,sa3s,hiphop_L5_verb,1,hiphop,5,verbal,instrumental hip-hop track,moderate energy,"instrumental hip-hop track, moderate energy",6.2,-16.651616904762523,0.1394736468791961,6.4,0.1884675025939941
corpus/sa3s__hiphop_L5_verb__s2.wav,sa3s,hiphop_L5_verb,2,hiphop,5,verbal,instrumental hip-hop track,moderate energy,"instrumental hip-hop track, moderate energy",6.4,-14.02333820179361,0.2376531064510345,6.4,0.2239099889993667
corpus/sa3s__hiphop_L5_verb__s3.wav,sa3s,hiphop_L5_verb,3,hiphop,5,verbal,instrumental hip-hop track,moderate energy,"instrumental hip-hop track, moderate energy",6.0,-14.463360491303712,0.1578739583492279,6.2,0.145226240158081
corpus/sa3s__hiphop_L5_verb__s4.wav,sa3s,hiphop_L5_verb,4,hiphop,5,verbal,instrumental hip-hop track,moderate energy,"instrumental hip-hop track, moderate energy",5.9,-17.79893860903118,0.1346037983894348,6.0,0.1353777348995208
corpus/sa3s__hiphop_L5_verb__s5.wav,sa3s,hiphop_L5_verb,5,hiphop,5,verbal,instrumental hip-hop track,moderate energy,"instrumental hip-hop track, moderate energy",6.4,-13.793101202044308,0.2183773517608642,6.2,0.2754965424537658
corpus/sa3s__hiphop_L7_num__s0.wav,sa3s,hiphop_L7_num,0,hiphop,7,numeric,instrumental hip-hop track,energy level 7 out of 11,"instrumental hip-hop track, energy level 7 out of 11",6.2,-16.336546504739303,0.1858577728271484,6.4,0.2054738700389862
corpus/sa3s__hiphop_L7_num__s1.wav,sa3s,hiphop_L7_num,1,hiphop,7,numeric,instrumental hip-hop track,energy level 7 out of 11,"instrumental hip-hop track, energy level 7 out of 11",6.2,-14.795098324551944,0.1321542263031005,6.2,0.1418308168649673
corpus/sa3s__hiphop_L7_num__s2.wav,sa3s,hiphop_L7_num,2,hiphop,7,numeric,instrumental hip-hop track,energy level 7 out of 11,"instrumental hip-hop track, energy level 7 out of 11",6.0,-16.52341652871252,0.0818597823381424,6.0,0.1099424883723259
corpus/sa3s__hiphop_L7_num__s3.wav,sa3s,hiphop_L7_num,3,hiphop,7,numeric,instrumental hip-hop track,energy level 7 out of 11,"instrumental hip-hop track, energy level 7 out of 11",5.5,-16.69811338709264,0.0856432765722274,6.0,0.1190609484910965
corpus/sa3s__hiphop_L7_num__s4.wav,sa3s,hiphop_L7_num,4,hiphop,7,numeric,instrumental hip-hop track,energy level 7 out of 11,"instrumental hip-hop track, energy level 7 out of 11",6.0,-17.167197335752874,0.1257334202528,6.2,0.1916076689958572
corpus/sa3s__hiphop_L7_num__s5.wav,sa3s,hiphop_L7_num,5,hiphop,7,numeric,instrumental hip-hop track,energy level 7 out of 11,"instrumental hip-hop track, energy level 7 out of 11",6.0,-15.781395041940089,0.1170662492513656,6.2,0.1303273290395736
corpus/sa3s__hiphop_L7_verb__s0.wav,sa3s,hiphop_L7_verb,0,hiphop,7,verbal,instrumental hip-hop track,energetic,"instrumental hip-hop track, energetic",6.2,-17.541806503189502,0.0852792859077453,6.4,0.1457474529743194
corpus/sa3s__hiphop_L7_verb__s1.wav,sa3s,hiphop_L7_verb,1,hiphop,7,verbal,instrumental hip-hop track,energetic,"instrumental hip-hop track, energetic",6.0,-16.65063681299644,0.0833282396197319,6.0,0.138211578130722
corpus/sa3s__hiphop_L7_verb__s2.wav,sa3s,hiphop_L7_verb,2,hiphop,7,verbal,instrumental hip-hop track,energetic,"instrumental hip-hop track, energetic",5.2,-17.73366367596809,0.0983917862176895,5.9,0.1485604792833328
corpus/sa3s__hiphop_L7_verb__s3.wav,sa3s,hiphop_L7_verb,3,hiphop,7,verbal,instrumental hip-hop track,energetic,"instrumental hip-hop track, energetic",6.4,-17.194639482025348,0.0859366506338119,6.5,0.1321611702442169
corpus/sa3s__hiphop_L7_verb__s4.wav,sa3s,hiphop_L7_verb,4,hiphop,7,verbal,instrumental hip-hop track,energetic,"instrumental hip-hop track, energetic",6.5,-16.451357868275,0.3119964897632599,6.5,0.2978393137454986
corpus/sa3s__hiphop_L7_verb__s5.wav,sa3s,hiphop_L7_verb,5,hiphop,7,verbal,instrumental hip-hop track,energetic,"instrumental hip-hop track, energetic",5.5,-18.95011450052565,0.1754565238952636,6.2,0.1776297241449356
corpus/sa3s__hiphop_L9_num__s0.wav,sa3s,hiphop_L9_num,0,hiphop,9,numeric,instrumental hip-hop track,energy level 9 out of 11,"instrumental hip-hop track, energy level 9 out of 11",6.0,-14.139849064514976,0.1567885726690292,6.0,0.133413091301918
corpus/sa3s__hiphop_L9_num__s1.wav,sa3s,hiphop_L9_num,1,hiphop,9,numeric,instrumental hip-hop track,energy level 9 out of 11,"instrumental hip-hop track, energy level 9 out of 11",6.5,-16.371367747680846,0.1176430583000183,6.5,0.1401246041059494
corpus/sa3s__hiphop_L9_num__s2.wav,sa3s,hiphop_L9_num,2,hiphop,9,numeric,instrumental hip-hop track,energy level 9 out of 11,"instrumental hip-hop track, energy level 9 out of 11",6.4,-17.626292651397556,0.1903867274522781,6.5,0.1704121679067611
corpus/sa3s__hiphop_L9_num__s3.wav,sa3s,hiphop_L9_num,3,hiphop,9,numeric,instrumental hip-hop track,energy level 9 out of 11,"instrumental hip-hop track, energy level 9 out of 11",6.4,-18.421948533280915,0.1314384639263153,6.5,0.1280726492404937
corpus/sa3s__hiphop_L9_num__s4.wav,sa3s,hiphop_L9_num,4,hiphop,9,numeric,instrumental hip-hop track,energy level 9 out of 11,"instrumental hip-hop track, energy level 9 out of 11",6.5,-14.791590655236188,0.1587382853031158,6.5,0.1402859687805175
corpus/sa3s__hiphop_L9_num__s5.wav,sa3s,hiphop_L9_num,5,hiphop,9,numeric,instrumental hip-hop track,energy level 9 out of 11,"instrumental hip-hop track, energy level 9 out of 11",6.2,-15.99986436876356,0.0702153593301773,6.4,0.0852545499801635
corpus/sa3s__hiphop_L9_verb__s0.wav,sa3s,hiphop_L9_verb,0,hiphop,9,verbal,instrumental hip-hop track,extremely intense,"instrumental hip-hop track, extremely intense",6.0,-21.3179627403474,0.1363583207130432,6.4,0.197853609919548
corpus/sa3s__hiphop_L9_verb__s1.wav,sa3s,hiphop_L9_verb,1,hiphop,9,verbal,instrumental hip-hop track,extremely intense,"instrumental hip-hop track, extremely intense",6.4,-15.519461098436652,0.2009712904691696,6.4,0.1979675740003585
corpus/sa3s__hiphop_L9_verb__s2.wav,sa3s,hiphop_L9_verb,2,hiphop,9,verbal,instrumental hip-hop track,extremely intense,"instrumental hip-hop track, extremely intense",5.5,-14.41621107180263,0.1122792959213256,5.5,0.116625502705574
corpus/sa3s__hiphop_L9_verb__s3.wav,sa3s,hiphop_L9_verb,3,hiphop,9,verbal,instrumental hip-hop track,extremely intense,"instrumental hip-hop track, extremely intense",6.4,-14.258182539360469,0.2073767185211181,6.4,0.1768489480018615
corpus/sa3s__hiphop_L9_verb__s4.wav,sa3s,hiphop_L9_verb,4,hiphop,9,verbal,instrumental hip-hop track,extremely intense,"instrumental hip-hop track, extremely intense",6.0,-17.249542693223212,0.275117814540863,6.4,0.3072413206100464
corpus/sa3s__hiphop_L9_verb__s5.wav,sa3s,hiphop_L9_verb,5,hiphop,9,verbal,instrumental hip-hop track,extremely intense,"instrumental hip-hop track, extremely intense",6.0,-13.460377002371803,0.1386175453662872,5.9,0.1717856675386428
corpus/sa3s__orchestral_L1_num__s0.wav,sa3s,orchestral_L1_num,0,orchestral,1,numeric,instrumental orchestral track,energy level 1 out of 11,"instrumental orchestral track, energy level 1 out of 11",6.4,-15.664524627905802,0.4863739311695099,6.4,0.4909384250640869
corpus/sa3s__orchestral_L1_num__s1.wav,sa3s,orchestral_L1_num,1,orchestral,1,numeric,instrumental orchestral track,energy level 1 out of 11,"instrumental orchestral track, energy level 1 out of 11",5.5,-19.21036115762453,0.4584152400493622,6.2,0.464404284954071
corpus/sa3s__orchestral_L1_num__s2.wav,sa3s,orchestral_L1_num,2,orchestral,1,numeric,instrumental orchestral track,energy level 1 out of 11,"instrumental orchestral track, energy level 1 out of 11",6.2,-14.304864261830572,0.4471526443958282,6.2,0.3276516497135162
corpus/sa3s__orchestral_L1_num__s3.wav,sa3s,orchestral_L1_num,3,orchestral,1,numeric,instrumental orchestral track,energy level 1 out of 11,"instrumental orchestral track, energy level 1 out of 11",6.2,-15.864202698005087,0.3994262516498565,6.4,0.4144131243228912
corpus/sa3s__orchestral_L1_num__s4.wav,sa3s,orchestral_L1_num,4,orchestral,1,numeric,instrumental orchestral track,energy level 1 out of 11,"instrumental orchestral track, energy level 1 out of 11",6.2,-13.919487953141708,0.4555397629737854,6.0,0.4490497410297394
corpus/sa3s__orchestral_L1_num__s5.wav,sa3s,orchestral_L1_num,5,orchestral,1,numeric,instrumental orchestral track,energy level 1 out of 11,"instrumental orchestral track, energy level 1 out of 11",6.0,-19.57619171046231,0.4678319990634918,6.4,0.4976027905941009
corpus/sa3s__orchestral_L1_verb__s0.wav,sa3s,orchestral_L1_verb,0,orchestral,1,verbal,instrumental orchestral track,very calm,"instrumental orchestral track, very calm",3.8,-20.320628677634733,-0.0583743900060653,4.4,0.0284114480018615
corpus/sa3s__orchestral_L1_verb__s1.wav,sa3s,orchestral_L1_verb,1,orchestral,1,verbal,instrumental orchestral track,very calm,"instrumental orchestral track, very calm",4.4,-17.324919433698696,0.3281385600566864,4.8,0.3885233998298645
corpus/sa3s__orchestral_L1_verb__s2.wav,sa3s,orchestral_L1_verb,2,orchestral,1,verbal,instrumental orchestral track,very calm,"instrumental orchestral track, very calm",4.5,-18.250627367815085,0.2822802364826202,5.5,0.3564280271530151
corpus/sa3s__orchestral_L1_verb__s3.wav,sa3s,orchestral_L1_verb,3,orchestral,1,verbal,instrumental orchestral track,very calm,"instrumental orchestral track, very calm",3.8,-18.02589950399836,-0.0197327882051467,4.1,0.0233548730611801
corpus/sa3s__orchestral_L1_verb__s4.wav,sa3s,orchestral_L1_verb,4,orchestral,1,verbal,instrumental orchestral track,very calm,"instrumental orchestral track, very calm",4.1,-22.765996635956725,0.2200789004564285,5.2,0.2344686388969421
corpus/sa3s__orchestral_L1_verb__s5.wav,sa3s,orchestral_L1_verb,5,orchestral,1,verbal,instrumental orchestral track,very calm,"instrumental orchestral track, very calm",3.7,-20.11656298544719,-0.0629678517580032,4.2,0.0551863610744476
corpus/sa3s__orchestral_L3_num__s0.wav,sa3s,orchestral_L3_num,0,orchestral,3,numeric,instrumental orchestral track,energy level 3 out of 11,"instrumental orchestral track, energy level 3 out of 11",6.2,-14.634231465460934,0.4753108620643616,6.4,0.4679359793663025
corpus/sa3s__orchestral_L3_num__s1.wav,sa3s,orchestral_L3_num,1,orchestral,3,numeric,instrumental orchestral track,energy level 3 out of 11,"instrumental orchestral track, energy level 3 out of 11",6.0,-15.828919993490643,0.3977987170219421,6.2,0.4999890625476837
corpus/sa3s__orchestral_L3_num__s2.wav,sa3s,orchestral_L3_num,2,orchestral,3,numeric,instrumental orchestral track,energy level 3 out of 11,"instrumental orchestral track, energy level 3 out of 11",6.0,-15.79940735740656,0.4059673845767975,6.2,0.4421218931674957
corpus/sa3s__orchestral_L3_num__s3.wav,sa3s,orchestral_L3_num,3,orchestral,3,numeric,instrumental orchestral track,energy level 3 out of 11,"instrumental orchestral track, energy level 3 out of 11",6.0,-16.670267921743736,0.4797912538051605,6.4,0.4323659539222717
corpus/sa3s__orchestral_L3_num__s4.wav,sa3s,orchestral_L3_num,4,orchestral,3,numeric,instrumental orchestral track,energy level 3 out of 11,"instrumental orchestral track, energy level 3 out of 11",5.9,-15.30062304516894,0.4239107668399811,6.0,0.4364365041255951
corpus/sa3s__orchestral_L3_num__s5.wav,sa3s,orchestral_L3_num,5,orchestral,3,numeric,instrumental orchestral track,energy level 3 out of 11,"instrumental orchestral track, energy level 3 out of 11",5.9,-19.257280778146924,0.5821924209594727,6.4,0.5825076103210449
corpus/sa3s__orchestral_L3_verb__s0.wav,sa3s,orchestral_L3_verb,0,orchestral,3,verbal,instrumental orchestral track,calm,"instrumental orchestral track, calm",3.8,-22.33603692099901,-0.0160727947950363,4.1,0.1956496983766555
corpus/sa3s__orchestral_L3_verb__s1.wav,sa3s,orchestral_L3_verb,1,orchestral,3,verbal,instrumental orchestral track,calm,"instrumental orchestral track, calm",5.2,-16.80280716250714,0.4292294979095459,5.5,0.3824738562107086
corpus/sa3s__orchestral_L3_verb__s2.wav,sa3s,orchestral_L3_verb,2,orchestral,3,verbal,instrumental orchestral track,calm,"instrumental orchestral track, calm",3.7,-24.0519470708554,-0.0945132970809936,4.1,0.0431176126003265
corpus/sa3s__orchestral_L3_verb__s3.wav,sa3s,orchestral_L3_verb,3,orchestral,3,verbal,instrumental orchestral track,calm,"instrumental orchestral track, calm",3.7,-24.25167342099905,-0.1868698894977569,3.7,-0.0812974348664283
corpus/sa3s__orchestral_L3_verb__s4.wav,sa3s,orchestral_L3_verb,4,orchestral,3,verbal,instrumental orchestral track,calm,"instrumental orchestral track, calm",4.1,-19.847451567328545,0.267092764377594,4.5,0.3778970539569855
corpus/sa3s__orchestral_L3_verb__s5.wav,sa3s,orchestral_L3_verb,5,orchestral,3,verbal,instrumental orchestral track,calm,"instrumental orchestral track, calm",4.5,-16.336199268239245,0.178715318441391,4.5,0.3596265912055969
corpus/sa3s__orchestral_L5_num__s0.wav,sa3s,orchestral_L5_num,0,orchestral,5,numeric,instrumental orchestral track,energy level 5 out of 11,"instrumental orchestral track, energy level 5 out of 11",6.5,-15.956093895978064,0.4306148290634155,6.5,0.4418892562389374
corpus/sa3s__orchestral_L5_num__s1.wav,sa3s,orchestral_L5_num,1,orchestral,5,numeric,instrumental orchestral track,energy level 5 out of 11,"instrumental orchestral track, energy level 5 out of 11",4.5,-19.083832301324414,0.4146718382835388,5.5,0.467107355594635
corpus/sa3s__orchestral_L5_num__s2.wav,sa3s,orchestral_L5_num,2,orchestral,5,numeric,instrumental orchestral track,energy level 5 out of 11,"instrumental orchestral track, energy level 5 out of 11",5.9,-20.269807727876515,0.4246057271957397,6.4,0.4675329923629761
corpus/sa3s__orchestral_L5_num__s3.wav,sa3s,orchestral_L5_num,3,orchestral,5,numeric,instrumental orchestral track,energy level 5 out of 11,"instrumental orchestral track, energy level 5 out of 11",6.0,-15.126308859650589,0.4430793523788452,6.2,0.4847227931022644
corpus/sa3s__orchestral_L5_num__s4.wav,sa3s,orchestral_L5_num,4,orchestral,5,numeric,instrumental orchestral track,energy level 5 out of 11,"instrumental orchestral track, energy level 5 out of 11",6.2,-14.963755193146126,0.3993507921695709,6.4,0.3948809504508972
corpus/sa3s__orchestral_L5_num__s5.wav,sa3s,orchestral_L5_num,5,orchestral,5,numeric,instrumental orchestral track,energy level 5 out of 11,"instrumental orchestral track, energy level 5 out of 11",6.0,-14.626901784494896,0.458488792181015,6.0,0.4725561141967773
corpus/sa3s__orchestral_L5_verb__s0.wav,sa3s,orchestral_L5_verb,0,orchestral,5,verbal,instrumental orchestral track,moderate energy,"instrumental orchestral track, moderate energy",6.2,-14.122362812145036,0.4216107726097107,6.2,0.4329900741577148
corpus/sa3s__orchestral_L5_verb__s1.wav,sa3s,orchestral_L5_verb,1,orchestral,5,verbal,instrumental orchestral track,moderate energy,"instrumental orchestral track, moderate energy",5.5,-17.121213825619957,0.3861846625804901,6.0,0.3735495209693908
corpus/sa3s__orchestral_L5_verb__s2.wav,sa3s,orchestral_L5_verb,2,orchestral,5,verbal,instrumental orchestral track,moderate energy,"instrumental orchestral track, moderate energy",4.5,-17.83208504188298,0.0963215082883834,5.5,0.1354690343141555
corpus/sa3s__orchestral_L5_verb__s3.wav,sa3s,orchestral_L5_verb,3,orchestral,5,verbal,instrumental orchestral track,moderate energy,"instrumental orchestral track, moderate energy",6.0,-15.18602098884423,0.4789814352989197,6.2,0.4806170761585235
corpus/sa3s__orchestral_L5_verb__s4.wav,sa3s,orchestral_L5_verb,4,orchestral,5,verbal,instrumental orchestral track,moderate energy,"instrumental orchestral track, moderate energy",5.2,-15.827087568368391,0.3708396255970001,5.5,0.350026935338974
corpus/sa3s__orchestral_L5_verb__s5.wav,sa3s,orchestral_L5_verb,5,orchestral,5,verbal,instrumental orchestral track,moderate energy,"instrumental orchestral track, moderate energy",6.0,-14.08137015470735,0.425890564918518,6.0,0.4119145572185516
corpus/sa3s__orchestral_L7_num__s0.wav,sa3s,orchestral_L7_num,0,orchestral,7,numeric,instrumental orchestral track,energy level 7 out of 11,"instrumental orchestral track, energy level 7 out of 11",6.0,-15.033378826219232,0.4388274252414703,6.0,0.4509103298187256
corpus/sa3s__orchestral_L7_num__s1.wav,sa3s,orchestral_L7_num,1,orchestral,7,numeric,instrumental orchestral track,energy level 7 out of 11,"instrumental orchestral track, energy level 7 out of 11",4.4,-19.93052823593542,0.2763277888298034,5.2,0.3614226877689361
corpus/sa3s__orchestral_L7_num__s2.wav,sa3s,orchestral_L7_num,2,orchestral,7,numeric,instrumental orchestral track,energy level 7 out of 11,"instrumental orchestral track, energy level 7 out of 11",6.2,-13.891903435727714,0.4479138255119324,6.1,0.4396665692329407
corpus/sa3s__orchestral_L7_num__s3.wav,sa3s,orchestral_L7_num,3,orchestral,7,numeric,instrumental orchestral track,energy level 7 out of 11,"instrumental orchestral track, energy level 7 out of 11",5.5,-15.41628638852284,0.423308253288269,5.9,0.4198718667030334
corpus/sa3s__orchestral_L7_num__s4.wav,sa3s,orchestral_L7_num,4,orchestral,7,numeric,instrumental orchestral track,energy level 7 out of 11,"instrumental orchestral track, energy level 7 out of 11",6.0,-16.728087710034043,0.4272556602954864,6.2,0.4316922724246979
corpus/sa3s__orchestral_L7_num__s5.wav,sa3s,orchestral_L7_num,5,orchestral,7,numeric,instrumental orchestral track,energy level 7 out of 11,"instrumental orchestral track, energy level 7 out of 11",6.0,-16.429373123073525,0.4822849631309509,6.4,0.5013262629508972
corpus/sa3s__orchestral_L7_verb__s0.wav,sa3s,orchestral_L7_verb,0,orchestral,7,verbal,instrumental orchestral track,energetic,"instrumental orchestral track, energetic",5.5,-16.066263727442585,0.4365524351596832,6.0,0.3870661854743957
corpus/sa3s__orchestral_L7_verb__s1.wav,sa3s,orchestral_L7_verb,1,orchestral,7,verbal,instrumental orchestral track,energetic,"instrumental orchestral track, energetic",6.0,-13.352892233753282,0.2897411584854126,5.5,0.4271013736724853
corpus/sa3s__orchestral_L7_verb__s2.wav,sa3s,orchestral_L7_verb,2,orchestral,7,verbal,instrumental orchestral track,energetic,"instrumental orchestral track, energetic",6.2,-13.498054222198258,0.4707444310188293,6.0,0.4688364863395691
corpus/sa3s__orchestral_L7_verb__s3.wav,sa3s,orchestral_L7_verb,3,orchestral,7,verbal,instrumental orchestral track,energetic,"instrumental orchestral track, energetic",6.4,-14.870303623982176,0.5378677248954773,6.4,0.5334621667861938
corpus/sa3s__orchestral_L7_verb__s4.wav,sa3s,orchestral_L7_verb,4,orchestral,7,verbal,instrumental orchestral track,energetic,"instrumental orchestral track, energetic",6.2,-14.696150997258128,0.4890841245651245,6.4,0.4662121832370758
corpus/sa3s__orchestral_L7_verb__s5.wav,sa3s,orchestral_L7_verb,5,orchestral,7,verbal,instrumental orchestral track,energetic,"instrumental orchestral track, energetic",5.9,-17.64485702633654,0.5036757588386536,6.0,0.5098368525505066
corpus/sa3s__orchestral_L9_num__s0.wav,sa3s,orchestral_L9_num,0,orchestral,9,numeric,instrumental orchestral track,energy level 9 out of 11,"instrumental orchestral track, energy level 9 out of 11",6.2,-15.167001993448851,0.5016770362854004,6.4,0.4998504519462585
corpus/sa3s__orchestral_L9_num__s1.wav,sa3s,orchestral_L9_num,1,orchestral,9,numeric,instrumental orchestral track,energy level 9 out of 11,"instrumental orchestral track, energy level 9 out of 11",6.4,-13.624000071143662,0.5024753212928772,6.2,0.4792254269123077
corpus/sa3s__orchestral_L9_num__s2.wav,sa3s,orchestral_L9_num,2,orchestral,9,numeric,instrumental orchestral track,energy level 9 out of 11,"instrumental orchestral track, energy level 9 out of 11",6.4,-13.399817844599475,0.5385380387306213,6.2,0.541126012802124
corpus/sa3s__orchestral_L9_num__s3.wav,sa3s,orchestral_L9_num,3,orchestral,9,numeric,instrumental orchestral track,energy level 9 out of 11,"instrumental orchestral track, energy level 9 out of 11",5.5,-16.069891548070693,0.3929510712623596,6.0,0.4208211004734039
corpus/sa3s__orchestral_L9_num__s4.wav,sa3s,orchestral_L9_num,4,orchestral,9,numeric,instrumental orchestral track,energy level 9 out of 11,"instrumental orchestral track, energy level 9 out of 11",6.0,-17.179177200081643,0.4625582695007324,6.4,0.4602547883987427
corpus/sa3s__orchestral_L9_num__s5.wav,sa3s,orchestral_L9_num,5,orchestral,9,numeric,instrumental orchestral track,energy level 9 out of 11,"instrumental orchestral track, energy level 9 out of 11",6.2,-15.487136367269462,0.4518055319786072,6.4,0.4847941100597381
corpus/sa3s__orchestral_L9_verb__s0.wav,sa3s,orchestral_L9_verb,0,orchestral,9,verbal,instrumental orchestral track,extremely intense,"instrumental orchestral track, extremely intense",5.2,-20.508591628438182,0.4805955290794372,6.0,0.5063006281852722
corpus/sa3s__orchestral_L9_verb__s1.wav,sa3s,orchestral_L9_verb,1,orchestral,9,verbal,instrumental orchestral track,extremely intense,"instrumental orchestral track, extremely intense",4.5,-22.80189705262017,0.4429651200771332,6.0,0.4497512280941009
corpus/sa3s__orchestral_L9_verb__s2.wav,sa3s,orchestral_L9_verb,2,orchestral,9,verbal,instrumental orchestral track,extremely intense,"instrumental orchestral track, extremely intense",6.0,-16.549222571938834,0.4355703592300415,6.2,0.4990680813789367
corpus/sa3s__orchestral_L9_verb__s3.wav,sa3s,orchestral_L9_verb,3,orchestral,9,verbal,instrumental orchestral track,extremely intense,"instrumental orchestral track, extremely intense",6.0,-18.43686461042608,0.4563001990318298,6.4,0.4811221659183502
corpus/sa3s__orchestral_L9_verb__s4.wav,sa3s,orchestral_L9_verb,4,orchestral,9,verbal,instrumental orchestral track,extremely intense,"instrumental orchestral track, extremely intense",6.0,-15.667657926216192,0.4483236372470855,6.2,0.4552457332611084
corpus/sa3s__orchestral_L9_verb__s5.wav,sa3s,orchestral_L9_verb,5,orchestral,9,verbal,instrumental orchestral track,extremely intense,"instrumental orchestral track, extremely intense",6.5,-12.198455842236354,0.4938866198062897,6.4,0.570610523223877
corpus/sa3s__rock_L1_num__s0.wav,sa3s,rock_L1_num,0,rock,1,numeric,instrumental rock track,energy level 1 out of 11,"instrumental rock track, energy level 1 out of 11",6.5,-14.358150280642109,0.5074997544288635,6.5,0.5129901766777039
corpus/sa3s__rock_L1_num__s1.wav,sa3s,rock_L1_num,1,rock,1,numeric,instrumental rock track,energy level 1 out of 11,"instrumental rock track, energy level 1 out of 11",6.5,-12.85482441608164,0.5386744141578674,6.5,0.5556890964508057
corpus/sa3s__rock_L1_num__s2.wav,sa3s,rock_L1_num,2,rock,1,numeric,instrumental rock track,energy level 1 out of 11,"instrumental rock track, energy level 1 out of 11",6.5,-13.828483608557406,0.5454139709472656,6.5,0.5390477180480957
corpus/sa3s__rock_L1_num__s3.wav,sa3s,rock_L1_num,3,rock,1,numeric,instrumental rock track,energy level 1 out of 11,"instrumental rock track, energy level 1 out of 11",6.5,-13.079768892290437,0.5341420769691467,6.5,0.528738796710968
corpus/sa3s__rock_L1_num__s4.wav,sa3s,rock_L1_num,4,rock,1,numeric,instrumental rock track,energy level 1 out of 11,"instrumental rock track, energy level 1 out of 11",6.5,-12.04085633226963,0.5343114137649536,6.5,0.5166792869567871
corpus/sa3s__rock_L1_num__s5.wav,sa3s,rock_L1_num,5,rock,1,numeric,instrumental rock track,energy level 1 out of 11,"instrumental rock track, energy level 1 out of 11",6.5,-12.968014063930662,0.5416485071182251,6.5,0.5341513752937317
corpus/sa3s__rock_L1_verb__s0.wav,sa3s,rock_L1_verb,0,rock,1,verbal,instrumental rock track,very calm,"instrumental rock track, very calm",6.5,-15.87237434371763,0.5421866178512573,6.5,0.5320656895637512
corpus/sa3s__rock_L1_verb__s1.wav,sa3s,rock_L1_verb,1,rock,1,verbal,instrumental rock track,very calm,"instrumental rock track, very calm",6.5,-20.04415665498037,0.4587935507297516,6.5,0.4778828024864197
corpus/sa3s__rock_L1_verb__s2.wav,sa3s,rock_L1_verb,2,rock,1,verbal,instrumental rock track,very calm,"instrumental rock track, very calm",6.4,-14.47966520829779,0.4832765758037567,6.5,0.4932093024253845
corpus/sa3s__rock_L1_verb__s3.wav,sa3s,rock_L1_verb,3,rock,1,verbal,instrumental rock track,very calm,"instrumental rock track, very calm",6.5,-15.143818935963168,0.4692244529724121,6.5,0.455881655216217
corpus/sa3s__rock_L1_verb__s4.wav,sa3s,rock_L1_verb,4,rock,1,verbal,instrumental rock track,very calm,"instrumental rock track, very calm",6.5,-16.592602164254828,0.4846976399421692,6.5,0.5076088309288025
corpus/sa3s__rock_L1_verb__s5.wav,sa3s,rock_L1_verb,5,rock,1,verbal,instrumental rock track,very calm,"instrumental rock track, very calm",6.5,-17.31510415314346,0.5236296653747559,6.5,0.4994347393512726
corpus/sa3s__rock_L3_num__s0.wav,sa3s,rock_L3_num,0,rock,3,numeric,instrumental rock track,energy level 3 out of 11,"instrumental rock track, energy level 3 out of 11",6.5,-14.687562335550767,0.4973390102386474,6.5,0.4976421892642975
corpus/sa3s__rock_L3_num__s1.wav,sa3s,rock_L3_num,1,rock,3,numeric,instrumental rock track,energy level 3 out of 11,"instrumental rock track, energy level 3 out of 11",6.5,-14.184342086666623,0.5073227882385254,6.5,0.5146963000297546
corpus/sa3s__rock_L3_num__s2.wav,sa3s,rock_L3_num,2,rock,3,numeric,instrumental rock track,energy level 3 out of 11,"instrumental rock track, energy level 3 out of 11",6.5,-14.913296580308396,0.5284494161605835,6.5,0.5183325409889221
corpus/sa3s__rock_L3_num__s3.wav,sa3s,rock_L3_num,3,rock,3,numeric,instrumental rock track,energy level 3 out of 11,"instrumental rock track, energy level 3 out of 11",6.5,-14.281251404693473,0.5065388083457947,6.5,0.5096219778060913
corpus/sa3s__rock_L3_num__s4.wav,sa3s,rock_L3_num,4,rock,3,numeric,instrumental rock track,energy level 3 out of 11,"instrumental rock track, energy level 3 out of 11",6.5,-13.340153405499423,0.5266770720481873,6.5,0.5421744585037231
corpus/sa3s__rock_L3_num__s5.wav,sa3s,rock_L3_num,5,rock,3,numeric,instrumental rock track,energy level 3 out of 11,"instrumental rock track, energy level 3 out of 11",6.5,-15.066284023844586,0.5432549118995667,6.5,0.5450857877731323
corpus/sa3s__rock_L3_verb__s0.wav,sa3s,rock_L3_verb,0,rock,3,verbal,instrumental rock track,calm,"instrumental rock track, calm",4.8,-22.792680289548738,0.3792951703071594,6.0,0.4241591989994049
corpus/sa3s__rock_L3_verb__s1.wav,sa3s,rock_L3_verb,1,rock,3,verbal,instrumental rock track,calm,"instrumental rock track, calm",6.0,-12.647538258748748,0.4414255321025848,5.9,0.4426552057266235
corpus/sa3s__rock_L3_verb__s2.wav,sa3s,rock_L3_verb,2,rock,3,verbal,instrumental rock track,calm,"instrumental rock track, calm",6.4,-19.13063590943925,0.5010586977005005,6.5,0.507580041885376
corpus/sa3s__rock_L3_verb__s3.wav,sa3s,rock_L3_verb,3,rock,3,verbal,instrumental rock track,calm,"instrumental rock track, calm",6.2,-19.13682221254369,0.4748648703098297,6.5,0.4451959133148193
corpus/sa3s__rock_L3_verb__s4.wav,sa3s,rock_L3_verb,4,rock,3,verbal,instrumental rock track,calm,"instrumental rock track, calm",6.5,-14.725935873403376,0.5024914145469666,6.5,0.482624888420105
corpus/sa3s__rock_L3_verb__s5.wav,sa3s,rock_L3_verb,5,rock,3,verbal,instrumental rock track,calm,"instrumental rock track, calm",6.5,-16.669355430215415,0.4078494012355804,6.5,0.569338858127594
corpus/sa3s__rock_L5_num__s0.wav,sa3s,rock_L5_num,0,rock,5,numeric,instrumental rock track,energy level 5 out of 11,"instrumental rock track, energy level 5 out of 11",6.5,-15.611639058134724,0.4780601263046264,6.5,0.5255733132362366
corpus/sa3s__rock_L5_num__s1.wav,sa3s,rock_L5_num,1,rock,5,numeric,instrumental rock track,energy level 5 out of 11,"instrumental rock track, energy level 5 out of 11",6.5,-14.17925653003896,0.4702150225639343,6.5,0.5345857739448547
corpus/sa3s__rock_L5_num__s2.wav,sa3s,rock_L5_num,2,rock,5,numeric,instrumental rock track,energy level 5 out of 11,"instrumental rock track, energy level 5 out of 11",6.5,-12.581467023058874,0.5041016936302185,6.5,0.5059822797775269
corpus/sa3s__rock_L5_num__s3.wav,sa3s,rock_L5_num,3,rock,5,numeric,instrumental rock track,energy level 5 out of 11,"instrumental rock track, energy level 5 out of 11",6.5,-13.397107911791045,0.5112261772155762,6.5,0.5371732711791992
corpus/sa3s__rock_L5_num__s4.wav,sa3s,rock_L5_num,4,rock,5,numeric,instrumental rock track,energy level 5 out of 11,"instrumental rock track, energy level 5 out of 11",6.5,-12.612476477064922,0.5390225052833557,6.5,0.539921224117279
corpus/sa3s__rock_L5_num__s5.wav,sa3s,rock_L5_num,5,rock,5,numeric,instrumental rock track,energy level 5 out of 11,"instrumental rock track, energy level 5 out of 11",6.5,-13.145201088730024,0.5343226790428162,6.5,0.5162186622619629
corpus/sa3s__rock_L5_verb__s0.wav,sa3s,rock_L5_verb,0,rock,5,verbal,instrumental rock track,moderate energy,"instrumental rock track, moderate energy",6.2,-15.301564553763104,0.5405234694480896,6.4,0.5278626084327698
corpus/sa3s__rock_L5_verb__s1.wav,sa3s,rock_L5_verb,1,rock,5,verbal,instrumental rock track,moderate energy,"instrumental rock track, moderate energy",6.5,-14.1850279847178,0.5412148833274841,6.5,0.5451067686080933
corpus/sa3s__rock_L5_verb__s2.wav,sa3s,rock_L5_verb,2,rock,5,verbal,instrumental rock track,moderate energy,"instrumental rock track, moderate energy",6.5,-14.95976137037396,0.5547657608985901,6.5,0.553109884262085
corpus/sa3s__rock_L5_verb__s3.wav,sa3s,rock_L5_verb,3,rock,5,verbal,instrumental rock track,moderate energy,"instrumental rock track, moderate energy",6.5,-14.569271849516133,0.5461549758911133,6.5,0.5521407127380371
corpus/sa3s__rock_L5_verb__s4.wav,sa3s,rock_L5_verb,4,rock,5,verbal,instrumental rock track,moderate energy,"instrumental rock track, moderate energy",6.5,-13.81122330494994,0.5033093690872192,6.5,0.5029429793357849
corpus/sa3s__rock_L5_verb__s5.wav,sa3s,rock_L5_verb,5,rock,5,verbal,instrumental rock track,moderate energy,"instrumental rock track, moderate energy",6.5,-13.108852200833176,0.483911395072937,6.5,0.4777634441852569
corpus/sa3s__rock_L7_num__s0.wav,sa3s,rock_L7_num,0,rock,7,numeric,instrumental rock track,energy level 7 out of 11,"instrumental rock track, energy level 7 out of 11",6.5,-12.43488062079033,0.5203247666358948,6.5,0.5119190216064453
corpus/sa3s__rock_L7_num__s1.wav,sa3s,rock_L7_num,1,rock,7,numeric,instrumental rock track,energy level 7 out of 11,"instrumental rock track, energy level 7 out of 11",6.5,-13.294492579152095,0.5508597493171692,6.5,0.5343084335327148
corpus/sa3s__rock_L7_num__s2.wav,sa3s,rock_L7_num,2,rock,7,numeric,instrumental rock track,energy level 7 out of 11,"instrumental rock track, energy level 7 out of 11",6.5,-15.57014185391594,0.5219914317131042,6.5,0.5318058729171753
corpus/sa3s__rock_L7_num__s3.wav,sa3s,rock_L7_num,3,rock,7,numeric,instrumental rock track,energy level 7 out of 11,"instrumental rock track, energy level 7 out of 11",6.5,-12.392824344748908,0.5284078121185303,6.5,0.5348854064941406
corpus/sa3s__rock_L7_num__s4.wav,sa3s,rock_L7_num,4,rock,7,numeric,instrumental rock track,energy level 7 out of 11,"instrumental rock track, energy level 7 out of 11",6.5,-13.33372018796526,0.5135031938552856,6.5,0.521822452545166
corpus/sa3s__rock_L7_num__s5.wav,sa3s,rock_L7_num,5,rock,7,numeric,instrumental rock track,energy level 7 out of 11,"instrumental rock track, energy level 7 out of 11",6.5,-13.55216719018348,0.5191634297370911,6.5,0.4840162694454193
corpus/sa3s__rock_L7_verb__s0.wav,sa3s,rock_L7_verb,0,rock,7,verbal,instrumental rock track,energetic,"instrumental rock track, energetic",6.5,-15.402605323435614,0.5328922271728516,6.5,0.5170924067497253
corpus/sa3s__rock_L7_verb__s1.wav,sa3s,rock_L7_verb,1,rock,7,verbal,instrumental rock track,energetic,"instrumental rock track, energetic",6.5,-13.767600304842947,0.549068808555603,6.5,0.5377007722854614
corpus/sa3s__rock_L7_verb__s2.wav,sa3s,rock_L7_verb,2,rock,7,verbal,instrumental rock track,energetic,"instrumental rock track, energetic",6.5,-18.43507235847066,0.5234910845756531,6.5,0.5319435000419617
corpus/sa3s__rock_L7_verb__s3.wav,sa3s,rock_L7_verb,3,rock,7,verbal,instrumental rock track,energetic,"instrumental rock track, energetic",6.5,-16.567682712070944,0.5325532555580139,6.5,0.5524924993515015
corpus/sa3s__rock_L7_verb__s4.wav,sa3s,rock_L7_verb,4,rock,7,verbal,instrumental rock track,energetic,"instrumental rock track, energetic",6.5,-12.785274786237448,0.5742340087890625,6.5,0.5425329804420471
corpus/sa3s__rock_L7_verb__s5.wav,sa3s,rock_L7_verb,5,rock,7,verbal,instrumental rock track,energetic,"instrumental rock track, energetic",6.5,-13.310857141626894,0.5412622094154358,6.5,0.546776533126831
corpus/sa3s__rock_L9_num__s0.wav,sa3s,rock_L9_num,0,rock,9,numeric,instrumental rock track,energy level 9 out of 11,"instrumental rock track, energy level 9 out of 11",6.5,-14.89250012332311,0.4979581236839294,6.5,0.5091008543968201
corpus/sa3s__rock_L9_num__s1.wav,sa3s,rock_L9_num,1,rock,9,numeric,instrumental rock track,energy level 9 out of 11,"instrumental rock track, energy level 9 out of 11",6.5,-13.383588212808425,0.5325964689254761,6.5,0.5516799688339233
corpus/sa3s__rock_L9_num__s2.wav,sa3s,rock_L9_num,2,rock,9,numeric,instrumental rock track,energy level 9 out of 11,"instrumental rock track, energy level 9 out of 11",6.5,-14.361840325527806,0.5620588064193726,6.5,0.5585915446281433
corpus/sa3s__rock_L9_num__s3.wav,sa3s,rock_L9_num,3,rock,9,numeric,instrumental rock track,energy level 9 out of 11,"instrumental rock track, energy level 9 out of 11",6.5,-14.720914371084186,0.5027828812599182,6.5,0.5128909945487976
corpus/sa3s__rock_L9_num__s4.wav,sa3s,rock_L9_num,4,rock,9,numeric,instrumental rock track,energy level 9 out of 11,"instrumental rock track, energy level 9 out of 11",6.5,-13.968032511689286,0.5033533573150635,6.5,0.5052465796470642
corpus/sa3s__rock_L9_num__s5.wav,sa3s,rock_L9_num,5,rock,9,numeric,instrumental rock track,energy level 9 out of 11,"instrumental rock track, energy level 9 out of 11",6.5,-14.817746924194507,0.4786191582679748,6.5,0.484014481306076
corpus/sa3s__rock_L9_verb__s0.wav,sa3s,rock_L9_verb,0,rock,9,verbal,instrumental rock track,extremely intense,"instrumental rock track, extremely intense",6.5,-14.694655276604031,0.58186274766922,6.5,0.551276683807373
corpus/sa3s__rock_L9_verb__s1.wav,sa3s,rock_L9_verb,1,rock,9,verbal,instrumental rock track,extremely intense,"instrumental rock track, extremely intense",6.5,-17.78771371034403,0.543277382850647,6.5,0.5453009605407715
corpus/sa3s__rock_L9_verb__s2.wav,sa3s,rock_L9_verb,2,rock,9,verbal,instrumental rock track,extremely intense,"instrumental rock track, extremely intense",6.5,-15.51839526693944,0.5613043308258057,6.5,0.5320203900337219
corpus/sa3s__rock_L9_verb__s3.wav,sa3s,rock_L9_verb,3,rock,9,verbal,instrumental rock track,extremely intense,"instrumental rock track, extremely intense",6.5,-14.04397338659104,0.5474110841751099,6.5,0.5626794695854187
corpus/sa3s__rock_L9_verb__s4.wav,sa3s,rock_L9_verb,4,rock,9,verbal,instrumental rock track,extremely intense,"instrumental rock track, extremely intense",6.5,-16.628289976788103,0.549298882484436,6.5,0.5197505950927734
corpus/sa3s__rock_L9_verb__s5.wav,sa3s,rock_L9_verb,5,rock,9,verbal,instrumental rock track,extremely intense,"instrumental rock track, extremely intense",6.5,-16.824428778337314,0.6106427311897278,6.5,0.6081053018569946
corpus/sao__edm_L1_num__s0.wav,sao,edm_L1_num,0,edm,1,numeric,instrumental electronic dance track,energy level 1 out of 11,"instrumental electronic dance track, energy level 1 out of 11",6.5,-10.180657323206871,0.3710488080978393,6.5,0.3262265920639038
corpus/sao__edm_L1_num__s1.wav,sao,edm_L1_num,1,edm,1,numeric,instrumental electronic dance track,energy level 1 out of 11,"instrumental electronic dance track, energy level 1 out of 11",6.5,-12.586163592692122,0.346358060836792,6.5,0.3319123387336731
corpus/sao__edm_L1_num__s2.wav,sao,edm_L1_num,2,edm,1,numeric,instrumental electronic dance track,energy level 1 out of 11,"instrumental electronic dance track, energy level 1 out of 11",6.5,-10.619090835992388,0.3608855605125427,6.5,0.3269094824790954
corpus/sao__edm_L1_num__s3.wav,sao,edm_L1_num,3,edm,1,numeric,instrumental electronic dance track,energy level 1 out of 11,"instrumental electronic dance track, energy level 1 out of 11",6.5,-13.124812721557449,0.3453131914138794,6.5,0.3278193771839142
corpus/sao__edm_L1_num__s4.wav,sao,edm_L1_num,4,edm,1,numeric,instrumental electronic dance track,energy level 1 out of 11,"instrumental electronic dance track, energy level 1 out of 11",6.5,-10.02516992044036,0.3134781718254089,6.4,0.238668292760849
corpus/sao__edm_L1_num__s5.wav,sao,edm_L1_num,5,edm,1,numeric,instrumental electronic dance track,energy level 1 out of 11,"instrumental electronic dance track, energy level 1 out of 11",6.5,-12.702423647133438,0.3201695680618286,6.5,0.2691356539726257
corpus/sao__edm_L1_verb__s0.wav,sao,edm_L1_verb,0,edm,1,verbal,instrumental electronic dance track,very calm,"instrumental electronic dance track, very calm",5.2,-15.205519836544063,0.1403210014104843,5.5,0.1559530645608902
corpus/sao__edm_L1_verb__s1.wav,sao,edm_L1_verb,1,edm,1,verbal,instrumental electronic dance track,very calm,"instrumental electronic dance track, very calm",5.2,-15.511247415826707,0.1250976771116256,5.5,0.1760720461606979
corpus/sao__edm_L1_verb__s2.wav,sao,edm_L1_verb,2,edm,1,verbal,instrumental electronic dance track,very calm,"instrumental electronic dance track, very calm",6.4,-17.182240114896693,0.2004052251577377,6.5,0.2339662015438079
corpus/sao__edm_L1_verb__s3.wav,sao,edm_L1_verb,3,edm,1,verbal,instrumental electronic dance track,very calm,"instrumental electronic dance track, very calm",6.0,-14.536700215897351,0.1518100053071975,6.0,0.1529953628778457
corpus/sao__edm_L1_verb__s4.wav,sao,edm_L1_verb,4,edm,1,verbal,instrumental electronic dance track,very calm,"instrumental electronic dance track, very calm",6.5,-13.36747473402824,0.1803520172834396,6.5,0.1644914001226425
corpus/sao__edm_L1_verb__s5.wav,sao,edm_L1_verb,5,edm,1,verbal,instrumental electronic dance track,very calm,"instrumental electronic dance track, very calm",6.2,-15.336099220142076,0.205805629491806,6.4,0.2149402499198913
corpus/sao__edm_L3_num__s0.wav,sao,edm_L3_num,0,edm,3,numeric,instrumental electronic dance track,energy level 3 out of 11,"instrumental electronic dance track, energy level 3 out of 11",6.5,-12.03921757961092,0.2702795267105102,6.4,0.2432180196046829
corpus/sao__edm_L3_num__s1.wav,sao,edm_L3_num,1,edm,3,numeric,instrumental electronic dance track,energy level 3 out of 11,"instrumental electronic dance track, energy level 3 out of 11",6.5,-10.095886781354585,0.3490430116653442,6.5,0.2983352243900299
corpus/sao__edm_L3_num__s2.wav,sao,edm_L3_num,2,edm,3,numeric,instrumental electronic dance track,energy level 3 out of 11,"instrumental electronic dance track, energy level 3 out of 11",6.5,-8.369131429899396,0.3234154880046844,6.5,0.2379192560911178
corpus/sao__edm_L3_num__s3.wav,sao,edm_L3_num,3,edm,3,numeric,instrumental electronic dance track,energy level 3 out of 11,"instrumental electronic dance track, energy level 3 out of 11",6.5,-11.860138438349242,0.4472649395465851,6.5,0.4080178141593933
corpus/sao__edm_L3_num__s4.wav,sao,edm_L3_num,4,edm,3,numeric,instrumental electronic dance track,energy level 3 out of 11,"instrumental electronic dance track, energy level 3 out of 11",6.5,-10.670961032811498,0.4418999850749969,6.5,0.4494518339633941
corpus/sao__edm_L3_num__s5.wav,sao,edm_L3_num,5,edm,3,numeric,instrumental electronic dance track,energy level 3 out of 11,"instrumental electronic dance track, energy level 3 out of 11",6.5,-12.156821681816464,0.3461821973323822,6.5,0.2980549931526184
corpus/sao__edm_L3_verb__s0.wav,sao,edm_L3_verb,0,edm,3,verbal,instrumental electronic dance track,calm,"instrumental electronic dance track, calm",6.4,-15.609753336143564,0.1972499787807464,6.5,0.2175008505582809
corpus/sao__edm_L3_verb__s1.wav,sao,edm_L3_verb,1,edm,3,verbal,instrumental electronic dance track,calm,"instrumental electronic dance track, calm",6.2,-12.952617407925914,0.1715519875288009,6.0,0.0705835670232772
corpus/sao__edm_L3_verb__s2.wav,sao,edm_L3_verb,2,edm,3,verbal,instrumental electronic dance track,calm,"instrumental electronic dance track, calm",6.5,-13.80291692124174,0.1570057868957519,6.5,0.1294993609189987
corpus/sao__edm_L3_verb__s3.wav,sao,edm_L3_verb,3,edm,3,verbal,instrumental electronic dance track,calm,"instrumental electronic dance track, calm",6.4,-13.886151373237151,0.1998969912528991,6.4,0.2136057764291763
corpus/sao__edm_L3_verb__s4.wav,sao,edm_L3_verb,4,edm,3,verbal,instrumental electronic dance track,calm,"instrumental electronic dance track, calm",6.5,-11.93776855107592,0.3519875109195709,6.5,0.3288722932338714
corpus/sao__edm_L3_verb__s5.wav,sao,edm_L3_verb,5,edm,3,verbal,instrumental electronic dance track,calm,"instrumental electronic dance track, calm",6.5,-15.541053814443313,0.2253424525260925,6.5,0.1904053092002868
corpus/sao__edm_L5_num__s0.wav,sao,edm_L5_num,0,edm,5,numeric,instrumental electronic dance track,energy level 5 out of 11,"instrumental electronic dance track, energy level 5 out of 11",6.5,-12.876542997159374,0.315469890832901,6.5,0.3142603933811188
corpus/sao__edm_L5_num__s1.wav,sao,edm_L5_num,1,edm,5,numeric,instrumental electronic dance track,energy level 5 out of 11,"instrumental electronic dance track, energy level 5 out of 11",6.4,-12.404060317185811,0.2315399199724197,6.2,0.2246759682893753
corpus/sao__edm_L5_num__s2.wav,sao,edm_L5_num,2,edm,5,numeric,instrumental electronic dance track,energy level 5 out of 11,"instrumental electronic dance track, energy level 5 out of 11",6.5,-11.590265247555546,0.3117280602455139,6.5,0.2846075892448425
corpus/sao__edm_L5_num__s3.wav,sao,edm_L5_num,3,edm,5,numeric,instrumental electronic dance track,energy level 5 out of 11,"instrumental electronic dance track, energy level 5 out of 11",6.5,-11.947757868460291,0.2868563830852508,6.5,0.3133566975593567
corpus/sao__edm_L5_num__s4.wav,sao,edm_L5_num,4,edm,5,numeric,instrumental electronic dance track,energy level 5 out of 11,"instrumental electronic dance track, energy level 5 out of 11",6.5,-9.790194026304972,0.4355266690254211,6.5,0.3661986589431762
corpus/sao__edm_L5_num__s5.wav,sao,edm_L5_num,5,edm,5,numeric,instrumental electronic dance track,energy level 5 out of 11,"instrumental electronic dance track, energy level 5 out of 11",6.5,-11.07619586001075,0.3127169609069824,6.5,0.2788776159286499
corpus/sao__edm_L5_verb__s0.wav,sao,edm_L5_verb,0,edm,5,verbal,instrumental electronic dance track,moderate energy,"instrumental electronic dance track, moderate energy",6.5,-10.356024405157443,0.3989593386650085,6.5,0.2401782870292663
corpus/sao__edm_L5_verb__s1.wav,sao,edm_L5_verb,1,edm,5,verbal,instrumental electronic dance track,moderate energy,"instrumental electronic dance track, moderate energy",6.5,-15.059001916609374,0.2512051463127136,6.5,0.2768020629882812
corpus/sao__edm_L5_verb__s2.wav,sao,edm_L5_verb,2,edm,5,verbal,instrumental electronic dance track,moderate energy,"instrumental electronic dance track, moderate energy",6.5,-10.416059860910076,0.3608771562576294,6.5,0.2933359742164612
corpus/sao__edm_L5_verb__s3.wav,sao,edm_L5_verb,3,edm,5,verbal,instrumental electronic dance track,moderate energy,"instrumental electronic dance track, moderate energy",5.2,-15.853086665232189,0.2244781851768493,6.0,0.2346737682819366
corpus/sao__edm_L5_verb__s4.wav,sao,edm_L5_verb,4,edm,5,verbal,instrumental electronic dance track,moderate energy,"instrumental electronic dance track, moderate energy",6.5,-14.132878297413797,0.2412906438112259,6.5,0.2374629080295562
corpus/sao__edm_L5_verb__s5.wav,sao,edm_L5_verb,5,edm,5,verbal,instrumental electronic dance track,moderate energy,"instrumental electronic dance track, moderate energy",6.5,-11.528884728622224,0.2824772000312805,6.4,0.2415439635515213
corpus/sao__edm_L7_num__s0.wav,sao,edm_L7_num,0,edm,7,numeric,instrumental electronic dance track,energy level 7 out of 11,"instrumental electronic dance track, energy level 7 out of 11",6.5,-11.750132140760032,0.2880368828773498,6.5,0.2506872415542602
corpus/sao__edm_L7_num__s1.wav,sao,edm_L7_num,1,edm,7,numeric,instrumental electronic dance track,energy level 7 out of 11,"instrumental electronic dance track, energy level 7 out of 11",6.5,-10.7458137672791,0.401819497346878,6.5,0.3726957738399505
corpus/sao__edm_L7_num__s2.wav,sao,edm_L7_num,2,edm,7,numeric,instrumental electronic dance track,energy level 7 out of 11,"instrumental electronic dance track, energy level 7 out of 11",6.5,-12.813293593662406,0.2918416261672973,6.5,0.2838543653488159
corpus/sao__edm_L7_num__s3.wav,sao,edm_L7_num,3,edm,7,numeric,instrumental electronic dance track,energy level 7 out of 11,"instrumental electronic dance track, energy level 7 out of 11",6.5,-11.22892484794864,0.3909587860107422,6.5,0.3725860714912414
corpus/sao__edm_L7_num__s4.wav,sao,edm_L7_num,4,edm,7,numeric,instrumental electronic dance track,energy level 7 out of 11,"instrumental electronic dance track, energy level 7 out of 11",6.5,-12.209580981911104,0.4036807119846344,6.4,0.3840061128139496
corpus/sao__edm_L7_num__s5.wav,sao,edm_L7_num,5,edm,7,numeric,instrumental electronic dance track,energy level 7 out of 11,"instrumental electronic dance track, energy level 7 out of 11",6.5,-10.581115280138786,0.359724760055542,6.5,0.3552626967430115
corpus/sao__edm_L7_verb__s0.wav,sao,edm_L7_verb,0,edm,7,verbal,instrumental electronic dance track,energetic,"instrumental electronic dance track, energetic",6.5,-11.20277906684565,0.3391290009021759,6.5,0.3127978146076202
corpus/sao__edm_L7_verb__s1.wav,sao,edm_L7_verb,1,edm,7,verbal,instrumental electronic dance track,energetic,"instrumental electronic dance track, energetic",6.5,-14.329188607633858,0.3500598967075348,6.5,0.3335969448089599
corpus/sao__edm_L7_verb__s2.wav,sao,edm_L7_verb,2,edm,7,verbal,instrumental electronic dance track,energetic,"instrumental electronic dance track, energetic",6.5,-11.262760361634076,0.4384858310222626,6.5,0.297607958316803
corpus/sao__edm_L7_verb__s3.wav,sao,edm_L7_verb,3,edm,7,verbal,instrumental electronic dance track,energetic,"instrumental electronic dance track, energetic",6.5,-11.381604247858986,0.3932075202465057,6.5,0.3296351432800293
corpus/sao__edm_L7_verb__s4.wav,sao,edm_L7_verb,4,edm,7,verbal,instrumental electronic dance track,energetic,"instrumental electronic dance track, energetic",6.5,-11.219873412128624,0.3722472190856933,6.5,0.3587099313735962
corpus/sao__edm_L7_verb__s5.wav,sao,edm_L7_verb,5,edm,7,verbal,instrumental electronic dance track,energetic,"instrumental electronic dance track, energetic",6.5,-11.526467549822774,0.3035488724708557,6.2,0.2495040595531463
corpus/sao__edm_L9_num__s0.wav,sao,edm_L9_num,0,edm,9,numeric,instrumental electronic dance track,energy level 9 out of 11,"instrumental electronic dance track, energy level 9 out of 11",6.5,-12.530993771466248,0.3079913556575775,6.5,0.2803132534027099
corpus/sao__edm_L9_num__s1.wav,sao,edm_L9_num,1,edm,9,numeric,instrumental electronic dance track,energy level 9 out of 11,"instrumental electronic dance track, energy level 9 out of 11",6.5,-9.59565007762625,0.4245133996009826,6.5,0.4899437129497528
corpus/sao__edm_L9_num__s2.wav,sao,edm_L9_num,2,edm,9,numeric,instrumental electronic dance track,energy level 9 out of 11,"instrumental electronic dance track, energy level 9 out of 11",6.5,-12.086075955086669,0.2984656989574432,6.5,0.2884939312934875
corpus/sao__edm_L9_num__s3.wav,sao,edm_L9_num,3,edm,9,numeric,instrumental electronic dance track,energy level 9 out of 11,"instrumental electronic dance track, energy level 9 out of 11",6.5,-9.466299676875252,0.3072625398635864,6.5,0.181410938501358
corpus/sao__edm_L9_num__s4.wav,sao,edm_L9_num,4,edm,9,numeric,instrumental electronic dance track,energy level 9 out of 11,"instrumental electronic dance track, energy level 9 out of 11",6.5,-11.126550414315869,0.2948755621910095,6.4,0.2606083750724792
corpus/sao__edm_L9_num__s5.wav,sao,edm_L9_num,5,edm,9,numeric,instrumental electronic dance track,energy level 9 out of 11,"instrumental electronic dance track, energy level 9 out of 11",6.5,-10.26438827177075,0.3069358468055725,6.5,0.2712084949016571
corpus/sao__edm_L9_verb__s0.wav,sao,edm_L9_verb,0,edm,9,verbal,instrumental electronic dance track,extremely intense,"instrumental electronic dance track, extremely intense",6.5,-10.983999226142688,0.4700019061565399,6.5,0.4368276000022888
corpus/sao__edm_L9_verb__s1.wav,sao,edm_L9_verb,1,edm,9,verbal,instrumental electronic dance track,extremely intense,"instrumental electronic dance track, extremely intense",6.5,-8.683660735248688,0.3746657371520996,6.5,0.3435483872890472
corpus/sao__edm_L9_verb__s2.wav,sao,edm_L9_verb,2,edm,9,verbal,instrumental electronic dance track,extremely intense,"instrumental electronic dance track, extremely intense",6.5,-7.797261876018003,0.4222957491874695,6.5,0.3287506401538849
corpus/sao__edm_L9_verb__s3.wav,sao,edm_L9_verb,3,edm,9,verbal,instrumental electronic dance track,extremely intense,"instrumental electronic dance track, extremely intense",6.5,-9.944496587196747,0.3606102168560028,6.5,0.3282913267612457
corpus/sao__edm_L9_verb__s4.wav,sao,edm_L9_verb,4,edm,9,verbal,instrumental electronic dance track,extremely intense,"instrumental electronic dance track, extremely intense",6.5,-7.28772112319887,0.3869921565055847,6.5,0.2745966911315918
corpus/sao__edm_L9_verb__s5.wav,sao,edm_L9_verb,5,edm,9,verbal,instrumental electronic dance track,extremely intense,"instrumental electronic dance track, extremely intense",6.5,-9.722571761486137,0.3395138680934906,6.5,0.3128029704093933
corpus/sao__folk_L1_num__s0.wav,sao,folk_L1_num,0,folk,1,numeric,instrumental acoustic folk track,energy level 1 out of 11,"instrumental acoustic folk track, energy level 1 out of 11",4.5,-21.45905153169522,0.2260012924671173,6.0,0.2756550312042236
corpus/sao__folk_L1_num__s1.wav,sao,folk_L1_num,1,folk,1,numeric,instrumental acoustic folk track,energy level 1 out of 11,"instrumental acoustic folk track, energy level 1 out of 11",5.2,-20.64721166141894,0.2496090084314346,6.0,0.3037082552909851
corpus/sao__folk_L1_num__s2.wav,sao,folk_L1_num,2,folk,1,numeric,instrumental acoustic folk track,energy level 1 out of 11,"instrumental acoustic folk track, energy level 1 out of 11",4.5,-19.455111743704013,0.206203743815422,5.5,0.239631101489067
corpus/sao__folk_L1_num__s3.wav,sao,folk_L1_num,3,folk,1,numeric,instrumental acoustic folk track,energy level 1 out of 11,"instrumental acoustic folk track, energy level 1 out of 11",4.1,-24.41966626128781,0.1556016355752945,5.5,0.2606769204139709
corpus/sao__folk_L1_num__s4.wav,sao,folk_L1_num,4,folk,1,numeric,instrumental acoustic folk track,energy level 1 out of 11,"instrumental acoustic folk track, energy level 1 out of 11",5.2,-19.25053313629337,0.2523171603679657,6.0,0.327283501625061
corpus/sao__folk_L1_num__s5.wav,sao,folk_L1_num,5,folk,1,numeric,instrumental acoustic folk track,energy level 1 out of 11,"instrumental acoustic folk track, energy level 1 out of 11",5.2,-17.082320204607182,0.3023673892021179,5.9,0.3120880424976349
corpus/sao__folk_L1_verb__s0.wav,sao,folk_L1_verb,0,folk,1,verbal,instrumental acoustic folk track,very calm,"instrumental acoustic folk track, very calm",3.8,-27.4701915988542,0.0437454581260681,5.2,0.1936241388320922
corpus/sao__folk_L1_verb__s1.wav,sao,folk_L1_verb,1,folk,1,verbal,instrumental acoustic folk track,very calm,"instrumental acoustic folk track, very calm",4.0,-27.251228826566003,0.032207041978836,5.2,0.1464311182498932
corpus/sao__folk_L1_verb__s2.wav,sao,folk_L1_verb,2,folk,1,verbal,instrumental acoustic folk track,very calm,"instrumental acoustic folk track, very calm",4.1,-25.75277058291173,0.0052387714385986,5.2,0.1971917301416397
corpus/sao__folk_L1_verb__s3.wav,sao,folk_L1_verb,3,folk,1,verbal,instrumental acoustic folk track,very calm,"instrumental acoustic folk track, very calm",3.7,-25.97344912620724,-0.0024447441101074,4.5,0.167691558599472
corpus/sao__folk_L1_verb__s4.wav,sao,folk_L1_verb,4,folk,1,verbal,instrumental acoustic folk track,very calm,"instrumental acoustic folk track, very calm",3.8,-23.329651726833475,0.0032529532909393,4.5,0.1356790214776992
corpus/sao__folk_L1_verb__s5.wav,sao,folk_L1_verb,5,folk,1,verbal,instrumental acoustic folk track,very calm,"instrumental acoustic folk track, very calm",3.8,-25.41005199996604,0.0565219968557357,5.2,0.1867820024490356
corpus/sao__folk_L3_num__s0.wav,sao,folk_L3_num,0,folk,3,numeric,instrumental acoustic folk track,energy level 3 out of 11,"instrumental acoustic folk track, energy level 3 out of 11",5.2,-20.222054409723125,0.2273240089416504,6.0,0.289066344499588
corpus/sao__folk_L3_num__s1.wav,sao,folk_L3_num,1,folk,3,numeric,instrumental acoustic folk track,energy level 3 out of 11,"instrumental acoustic folk track, energy level 3 out of 11",4.4,-19.78447010931661,0.2559658885002136,5.2,0.3025137186050415
corpus/sao__folk_L3_num__s2.wav,sao,folk_L3_num,2,folk,3,numeric,instrumental acoustic folk track,energy level 3 out of 11,"instrumental acoustic folk track, energy level 3 out of 11",5.2,-16.08522206049071,0.210993617773056,5.9,0.2702366411685943
corpus/sao__folk_L3_num__s3.wav,sao,folk_L3_num,3,folk,3,numeric,instrumental acoustic folk track,energy level 3 out of 11,"instrumental acoustic folk track, energy level 3 out of 11",5.2,-18.947243794918226,0.1762328743934631,6.0,0.260270357131958
corpus/sao__folk_L3_num__s4.wav,sao,folk_L3_num,4,folk,3,numeric,instrumental acoustic folk track,energy level 3 out of 11,"instrumental acoustic folk track, energy level 3 out of 11",6.0,-17.70544810451672,0.2701051533222198,6.2,0.2798098623752594
corpus/sao__folk_L3_num__s5.wav,sao,folk_L3_num,5,folk,3,numeric,instrumental acoustic folk track,energy level 3 out of 11,"instrumental acoustic folk track, energy level 3 out of 11",5.2,-17.814631176657333,0.2598752677440643,6.0,0.2262732237577438
corpus/sao__folk_L3_verb__s0.wav,sao,folk_L3_verb,0,folk,3,verbal,instrumental acoustic folk track,calm,"instrumental acoustic folk track, calm",4.5,-21.218287556530143,0.1660342961549759,5.5,0.2241541147232055
corpus/sao__folk_L3_verb__s1.wav,sao,folk_L3_verb,1,folk,3,verbal,instrumental acoustic folk track,calm,"instrumental acoustic folk track, calm",5.2,-24.87389090538545,0.181303471326828,6.2,0.2826647460460663
corpus/sao__folk_L3_verb__s2.wav,sao,folk_L3_verb,2,folk,3,verbal,instrumental acoustic folk track,calm,"instrumental acoustic folk track, calm",4.5,-22.073599728567903,0.1880532056093216,5.9,0.2493497729301452
corpus/sao__folk_L3_verb__s3.wav,sao,folk_L3_verb,3,folk,3,verbal,instrumental acoustic folk track,calm,"instrumental acoustic folk track, calm",4.2,-19.23160951838046,0.1342652738094329,5.2,0.1635766774415969
corpus/sao__folk_L3_verb__s4.wav,sao,folk_L3_verb,4,folk,3,verbal,instrumental acoustic folk track,calm,"instrumental acoustic folk track, calm",4.5,-24.331967956217543,0.1418824344873428,6.0,0.266730934381485
corpus/sao__folk_L3_verb__s5.wav,sao,folk_L3_verb,5,folk,3,verbal,instrumental acoustic folk track,calm,"instrumental acoustic folk track, calm",4.1,-24.484351902142382,0.144271045923233,5.2,0.228698581457138
corpus/sao__folk_L5_num__s0.wav,sao,folk_L5_num,0,folk,5,numeric,instrumental acoustic folk track,energy level 5 out of 11,"instrumental acoustic folk track, energy level 5 out of 11",5.2,-19.087309538009176,0.2246472686529159,5.9,0.2947424054145813
corpus/sao__folk_L5_num__s1.wav,sao,folk_L5_num,1,folk,5,numeric,instrumental acoustic folk track,energy level 5 out of 11,"instrumental acoustic folk track, energy level 5 out of 11",5.2,-17.318930157357425,0.2327070534229278,6.0,0.203896015882492
corpus/sao__folk_L5_num__s2.wav,sao,folk_L5_num,2,folk,5,numeric,instrumental acoustic folk track,energy level 5 out of 11,"instrumental acoustic folk track, energy level 5 out of 11",4.5,-19.3820387612244,0.2051715701818466,5.9,0.2527978718280792
corpus/sao__folk_L5_num__s3.wav,sao,folk_L5_num,3,folk,5,numeric,instrumental acoustic folk track,energy level 5 out of 11,"instrumental acoustic folk track, energy level 5 out of 11",6.0,-16.452443002868232,0.3056338727474212,6.4,0.3232228755950928
corpus/sao__folk_L5_num__s4.wav,sao,folk_L5_num,4,folk,5,numeric,instrumental acoustic folk track,energy level 5 out of 11,"instrumental acoustic folk track, energy level 5 out of 11",5.2,-18.5009987877494,0.283440887928009,5.9,0.3229986727237701
corpus/sao__folk_L5_num__s5.wav,sao,folk_L5_num,5,folk,5,numeric,instrumental acoustic folk track,energy level 5 out of 11,"instrumental acoustic folk track, energy level 5 out of 11",5.2,-20.31309672188381,0.2600633203983307,6.0,0.2820437252521515
corpus/sao__folk_L5_verb__s0.wav,sao,folk_L5_verb,0,folk,5,verbal,instrumental acoustic folk track,moderate energy,"instrumental acoustic folk track, moderate energy",5.5,-19.449517470180265,0.2374044060707092,6.2,0.3125786781311035
corpus/sao__folk_L5_verb__s1.wav,sao,folk_L5_verb,1,folk,5,verbal,instrumental acoustic folk track,moderate energy,"instrumental acoustic folk track, moderate energy",4.1,-22.17589910063293,0.1249249726533889,5.2,0.1977874487638473
corpus/sao__folk_L5_verb__s2.wav,sao,folk_L5_verb,2,folk,5,verbal,instrumental acoustic folk track,moderate energy,"instrumental acoustic folk track, moderate energy",3.8,-20.93190181110456,0.0513425767421722,4.5,0.1563234031200409
corpus/sao__folk_L5_verb__s3.wav,sao,folk_L5_verb,3,folk,5,verbal,instrumental acoustic folk track,moderate energy,"instrumental acoustic folk track, moderate energy",5.5,-22.41538305614431,0.2666015326976776,6.4,0.3024652302265167
corpus/sao__folk_L5_verb__s4.wav,sao,folk_L5_verb,4,folk,5,verbal,instrumental acoustic folk track,moderate energy,"instrumental acoustic folk track, moderate energy",4.1,-25.50702631585096,-0.0529566705226898,5.2,0.1865448653697967
corpus/sao__folk_L5_verb__s5.wav,sao,folk_L5_verb,5,folk,5,verbal,instrumental acoustic folk track,moderate energy,"instrumental acoustic folk track, moderate energy",5.2,-25.49855287418472,0.1848376989364624,6.4,0.3074896335601806
corpus/sao__folk_L7_num__s0.wav,sao,folk_L7_num,0,folk,7,numeric,instrumental acoustic folk track,energy level 7 out of 11,"instrumental acoustic folk track, energy level 7 out of 11",5.2,-19.021249792999424,0.2449133694171905,6.0,0.2719671428203583
corpus/sao__folk_L7_num__s1.wav,sao,folk_L7_num,1,folk,7,numeric,instrumental acoustic folk track,energy level 7 out of 11,"instrumental acoustic folk track, energy level 7 out of 11",5.2,-16.28230441453816,0.3279004991054535,5.5,0.3447797894477844
corpus/sao__folk_L7_num__s2.wav,sao,folk_L7_num,2,folk,7,numeric,instrumental acoustic folk track,energy level 7 out of 11,"instrumental acoustic folk track, energy level 7 out of 11",5.2,-19.770062100569348,0.2490946501493454,6.0,0.2958410680294037
corpus/sao__folk_L7_num__s3.wav,sao,folk_L7_num,3,folk,7,numeric,instrumental acoustic folk track,energy level 7 out of 11,"instrumental acoustic folk track, energy level 7 out of 11",5.2,-18.273958713161228,0.2593055367469787,6.0,0.2957787811756134
corpus/sao__folk_L7_num__s4.wav,sao,folk_L7_num,4,folk,7,numeric,instrumental acoustic folk track,energy level 7 out of 11,"instrumental acoustic folk track, energy level 7 out of 11",4.5,-18.13703047999669,0.2343996167182922,5.5,0.3142131268978119
corpus/sao__folk_L7_num__s5.wav,sao,folk_L7_num,5,folk,7,numeric,instrumental acoustic folk track,energy level 7 out of 11,"instrumental acoustic folk track, energy level 7 out of 11",4.2,-20.5224099128162,0.1013569831848144,5.2,0.1754911392927169
corpus/sao__folk_L7_verb__s0.wav,sao,folk_L7_verb,0,folk,7,verbal,instrumental acoustic folk track,energetic,"instrumental acoustic folk track, energetic",5.2,-23.01675451996321,0.2366262376308441,6.4,0.2833719849586487
corpus/sao__folk_L7_verb__s1.wav,sao,folk_L7_verb,1,folk,7,verbal,instrumental acoustic folk track,energetic,"instrumental acoustic folk track, energetic",5.2,-21.07609782108977,0.2018114328384399,6.0,0.2918177843093872
corpus/sao__folk_L7_verb__s2.wav,sao,folk_L7_verb,2,folk,7,verbal,instrumental acoustic folk track,energetic,"instrumental acoustic folk track, energetic",5.2,-23.06758506171288,0.2245597690343856,6.0,0.3017356395721435
corpus/sao__folk_L7_verb__s3.wav,sao,folk_L7_verb,3,folk,7,verbal,instrumental acoustic folk track,energetic,"instrumental acoustic folk track, energetic",6.0,-21.20167348284866,0.1813508421182632,6.4,0.2775940597057342
corpus/sao__folk_L7_verb__s4.wav,sao,folk_L7_verb,4,folk,7,verbal,instrumental acoustic folk track,energetic,"instrumental acoustic folk track, energetic",5.2,-21.34429163709954,0.2190141379833221,6.2,0.2880672514438629
corpus/sao__folk_L7_verb__s5.wav,sao,folk_L7_verb,5,folk,7,verbal,instrumental acoustic folk track,energetic,"instrumental acoustic folk track, energetic",5.2,-20.199635413665145,0.2303254902362823,6.0,0.3127442598342895
corpus/sao__folk_L9_num__s0.wav,sao,folk_L9_num,0,folk,9,numeric,instrumental acoustic folk track,energy level 9 out of 11,"instrumental acoustic folk track, energy level 9 out of 11",4.5,-20.615393379263807,0.2437630891799926,6.0,0.3235848844051361
corpus/sao__folk_L9_num__s1.wav,sao,folk_L9_num,1,folk,9,numeric,instrumental acoustic folk track,energy level 9 out of 11,"instrumental acoustic folk track, energy level 9 out of 11",5.2,-22.95993893470628,0.1999808102846145,6.0,0.2753105163574219
corpus/sao__folk_L9_num__s2.wav,sao,folk_L9_num,2,folk,9,numeric,instrumental acoustic folk track,energy level 9 out of 11,"instrumental acoustic folk track, energy level 9 out of 11",4.5,-21.671530118671274,0.235945776104927,5.9,0.2505995631217956
corpus/sao__folk_L9_num__s3.wav,sao,folk_L9_num,3,folk,9,numeric,instrumental acoustic folk track,energy level 9 out of 11,"instrumental acoustic folk track, energy level 9 out of 11",5.2,-22.62704472244356,0.3002596497535705,6.0,0.3726876378059387
corpus/sao__folk_L9_num__s4.wav,sao,folk_L9_num,4,folk,9,numeric,instrumental acoustic folk track,energy level 9 out of 11,"instrumental acoustic folk track, energy level 9 out of 11",6.0,-15.635313725638532,0.3330785632133484,6.2,0.3661233782768249
corpus/sao__folk_L9_num__s5.wav,sao,folk_L9_num,5,folk,9,numeric,instrumental acoustic folk track,energy level 9 out of 11,"instrumental acoustic folk track, energy level 9 out of 11",4.2,-18.40314957516513,0.1715793013572693,5.2,0.2201607078313827
corpus/sao__folk_L9_verb__s0.wav,sao,folk_L9_verb,0,folk,9,verbal,instrumental acoustic folk track,extremely intense,"instrumental acoustic folk track, extremely intense",5.9,-18.798172681342017,0.1887736469507217,6.2,0.3036881983280182
corpus/sao__folk_L9_verb__s1.wav,sao,folk_L9_verb,1,folk,9,verbal,instrumental acoustic folk track,extremely intense,"instrumental acoustic folk track, extremely intense",6.2,-16.940077281785133,0.3171951472759247,6.4,0.2973840534687042
corpus/sao__folk_L9_verb__s2.wav,sao,folk_L9_verb,2,folk,9,verbal,instrumental acoustic folk track,extremely intense,"instrumental acoustic folk track, extremely intense",6.0,-17.951673880743858,0.3346965312957763,6.4,0.3466475307941437
corpus/sao__folk_L9_verb__s3.wav,sao,folk_L9_verb,3,folk,9,verbal,instrumental acoustic folk track,extremely intense,"instrumental acoustic folk track, extremely intense",5.2,-22.06423846928957,0.2346703857183456,6.2,0.2872186303138733
corpus/sao__folk_L9_verb__s4.wav,sao,folk_L9_verb,4,folk,9,verbal,instrumental acoustic folk track,extremely intense,"instrumental acoustic folk track, extremely intense",5.2,-21.36381878103609,0.1753997653722763,6.0,0.2445354610681533
corpus/sao__folk_L9_verb__s5.wav,sao,folk_L9_verb,5,folk,9,verbal,instrumental acoustic folk track,extremely intense,"instrumental acoustic folk track, extremely intense",6.2,-18.54245722124505,0.3040084540843963,6.5,0.3638400733470917
corpus/sao__hiphop_L1_num__s0.wav,sao,hiphop_L1_num,0,hiphop,1,numeric,instrumental hip-hop track,energy level 1 out of 11,"instrumental hip-hop track, energy level 1 out of 11",6.5,-14.257698137119316,0.1561783403158188,6.5,0.1564892679452896
corpus/sao__hiphop_L1_num__s1.wav,sao,hiphop_L1_num,1,hiphop,1,numeric,instrumental hip-hop track,energy level 1 out of 11,"instrumental hip-hop track, energy level 1 out of 11",6.4,-17.733634955530604,0.1213029325008392,6.5,0.1110071092844009
corpus/sao__hiphop_L1_num__s2.wav,sao,hiphop_L1_num,2,hiphop,1,numeric,instrumental hip-hop track,energy level 1 out of 11,"instrumental hip-hop track, energy level 1 out of 11",6.5,-18.07543468167403,0.174391895532608,6.5,0.1323637664318084
corpus/sao__hiphop_L1_num__s3.wav,sao,hiphop_L1_num,3,hiphop,1,numeric,instrumental hip-hop track,energy level 1 out of 11,"instrumental hip-hop track, energy level 1 out of 11",6.5,-12.142959764348804,0.1316776871681213,6.5,0.2028697580099105
corpus/sao__hiphop_L1_num__s4.wav,sao,hiphop_L1_num,4,hiphop,1,numeric,instrumental hip-hop track,energy level 1 out of 11,"instrumental hip-hop track, energy level 1 out of 11",6.5,-13.88339420704806,0.2370754778385162,6.5,0.2305303066968917
corpus/sao__hiphop_L1_num__s5.wav,sao,hiphop_L1_num,5,hiphop,1,numeric,instrumental hip-hop track,energy level 1 out of 11,"instrumental hip-hop track, energy level 1 out of 11",6.5,-18.033633733184143,0.0913512706756591,6.5,0.1325606852769851
corpus/sao__hiphop_L1_verb__s0.wav,sao,hiphop_L1_verb,0,hiphop,1,verbal,instrumental hip-hop track,very calm,"instrumental hip-hop track, very calm",5.5,-20.13929181947746,0.0141713321208953,6.4,0.0696896463632583
corpus/sao__hiphop_L1_verb__s1.wav,sao,hiphop_L1_verb,1,hiphop,1,verbal,instrumental hip-hop track,very calm,"instrumental hip-hop track, very calm",6.0,-17.071862013246985,0.0547472536563873,6.2,0.1017873883247375
corpus/sao__hiphop_L1_verb__s2.wav,sao,hiphop_L1_verb,2,hiphop,1,verbal,instrumental hip-hop track,very calm,"instrumental hip-hop track, very calm",6.2,-18.830000024519755,0.0527826845645904,6.4,0.1336351931095123
corpus/sao__hiphop_L1_verb__s3.wav,sao,hiphop_L1_verb,3,hiphop,1,verbal,instrumental hip-hop track,very calm,"instrumental hip-hop track, very calm",6.0,-17.693609246244222,0.0623117834329605,6.2,0.0986469089984893
corpus/sao__hiphop_L1_verb__s4.wav,sao,hiphop_L1_verb,4,hiphop,1,verbal,instrumental hip-hop track,very calm,"instrumental hip-hop track, very calm",5.2,-18.47871161198508,0.0749217122793197,5.9,0.1192914992570877
corpus/sao__hiphop_L1_verb__s5.wav,sao,hiphop_L1_verb,5,hiphop,1,verbal,instrumental hip-hop track,very calm,"instrumental hip-hop track, very calm",4.5,-20.137608718551324,0.0546890795230865,5.5,0.1020350009202957
corpus/sao__hiphop_L3_num__s0.wav,sao,hiphop_L3_num,0,hiphop,3,numeric,instrumental hip-hop track,energy level 3 out of 11,"instrumental hip-hop track, energy level 3 out of 11",6.5,-14.434118832900944,0.209828183054924,6.5,0.2145920544862747
corpus/sao__hiphop_L3_num__s1.wav,sao,hiphop_L3_num,1,hiphop,3,numeric,instrumental hip-hop track,energy level 3 out of 11,"instrumental hip-hop track, energy level 3 out of 11",6.5,-14.613067269522746,0.2235886007547378,6.5,0.1911016702651977
corpus/sao__hiphop_L3_num__s2.wav,sao,hiphop_L3_num,2,hiphop,3,numeric,instrumental hip-hop track,energy level 3 out of 11,"instrumental hip-hop track, energy level 3 out of 11",6.5,-11.46433007585083,0.2575467228889465,6.5,0.2781732976436615
corpus/sao__hiphop_L3_num__s3.wav,sao,hiphop_L3_num,3,hiphop,3,numeric,instrumental hip-hop track,energy level 3 out of 11,"instrumental hip-hop track, energy level 3 out of 11",6.5,-14.712388541945236,0.2100976258516311,6.5,0.2407138645648956
corpus/sao__hiphop_L3_num__s4.wav,sao,hiphop_L3_num,4,hiphop,3,numeric,instrumental hip-hop track,energy level 3 out of 11,"instrumental hip-hop track, energy level 3 out of 11",6.5,-18.90580600238634,0.1581107676029205,6.5,0.1255900114774704
corpus/sao__hiphop_L3_num__s5.wav,sao,hiphop_L3_num,5,hiphop,3,numeric,instrumental hip-hop track,energy level 3 out of 11,"instrumental hip-hop track, energy level 3 out of 11",6.4,-15.72883653582195,0.2030850201845169,6.5,0.1711861342191696
corpus/sao__hiphop_L3_verb__s0.wav,sao,hiphop_L3_verb,0,hiphop,3,verbal,instrumental hip-hop track,calm,"instrumental hip-hop track, calm",5.5,-20.311057916001737,0.1869455277919769,6.4,0.2051037698984146
corpus/sao__hiphop_L3_verb__s1.wav,sao,hiphop_L3_verb,1,hiphop,3,verbal,instrumental hip-hop track,calm,"instrumental hip-hop track, calm",5.2,-21.876429733977115,0.0276070833206176,6.0,0.0509024113416671
corpus/sao__hiphop_L3_verb__s2.wav,sao,hiphop_L3_verb,2,hiphop,3,verbal,instrumental hip-hop track,calm,"instrumental hip-hop track, calm",6.4,-22.314782629764,0.0951138138771057,6.5,0.1704791933298111
corpus/sao__hiphop_L3_verb__s3.wav,sao,hiphop_L3_verb,3,hiphop,3,verbal,instrumental hip-hop track,calm,"instrumental hip-hop track, calm",6.2,-17.3068955960887,0.1037216484546661,6.4,0.1113752871751785
corpus/sao__hiphop_L3_verb__s4.wav,sao,hiphop_L3_verb,4,hiphop,3,verbal,instrumental hip-hop track,calm,"instrumental hip-hop track, calm",5.2,-23.284593009725107,0.0349476337432861,6.2,0.1362868547439575
corpus/sao__hiphop_L3_verb__s5.wav,sao,hiphop_L3_verb,5,hiphop,3,verbal,instrumental hip-hop track,calm,"instrumental hip-hop track, calm",6.0,-14.501368801475875,-0.0289565920829772,6.0,-0.0146938860416412
corpus/sao__hiphop_L5_num__s0.wav,sao,hiphop_L5_num,0,hiphop,5,numeric,instrumental hip-hop track,energy level 5 out of 11,"instrumental hip-hop track, energy level 5 out of 11",6.5,-16.739932206302015,0.0441040843725204,6.5,0.0606444627046585
corpus/sao__hiphop_L5_num__s1.wav,sao,hiphop_L5_num,1,hiphop,5,numeric,instrumental hip-hop track,energy level 5 out of 11,"instrumental hip-hop track, energy level 5 out of 11",6.5,-14.863669010722266,0.1476429551839828,6.5,0.1515078246593475
corpus/sao__hiphop_L5_num__s2.wav,sao,hiphop_L5_num,2,hiphop,5,numeric,instrumental hip-hop track,energy level 5 out of 11,"instrumental hip-hop track, energy level 5 out of 11",6.5,-16.81658318771257,0.2526350617408752,6.5,0.2928266525268554
corpus/sao__hiphop_L5_num__s3.wav,sao,hiphop_L5_num,3,hiphop,5,numeric,instrumental hip-hop track,energy level 5 out of 11,"instrumental hip-hop track, energy level 5 out of 11",6.4,-14.96206003752499,0.170060783624649,6.5,0.1935186982154846
corpus/sao__hiphop_L5_num__s4.wav,sao,hiphop_L5_num,4,hiphop,5,numeric,instrumental hip-hop track,energy level 5 out of 11,"instrumental hip-hop track, energy level 5 out of 11",6.5,-18.35205566735411,0.0744333714246749,6.5,0.1053127199411392
corpus/sao__hiphop_L5_num__s5.wav,sao,hiphop_L5_num,5,hiphop,5,numeric,instrumental hip-hop track,energy level 5 out of 11,"instrumental hip-hop track, energy level 5 out of 11",6.5,-15.065067591006,0.1681355834007263,6.5,0.2584426999092102
corpus/sao__hiphop_L5_verb__s0.wav,sao,hiphop_L5_verb,0,hiphop,5,verbal,instrumental hip-hop track,moderate energy,"instrumental hip-hop track, moderate energy",6.4,-15.491677495408938,0.0636441260576248,6.4,0.0683304518461227
corpus/sao__hiphop_L5_verb__s1.wav,sao,hiphop_L5_verb,1,hiphop,5,verbal,instrumental hip-hop track,moderate energy,"instrumental hip-hop track, moderate energy",6.5,-18.497796420892424,0.0630297064781189,6.5,0.0909254848957061
corpus/sao__hiphop_L5_verb__s2.wav,sao,hiphop_L5_verb,2,hiphop,5,verbal,instrumental hip-hop track,moderate energy,"instrumental hip-hop track, moderate energy",6.5,-19.738950845923068,0.2200219482183456,6.5,0.2418567538261413
corpus/sao__hiphop_L5_verb__s3.wav,sao,hiphop_L5_verb,3,hiphop,5,verbal,instrumental hip-hop track,moderate energy,"instrumental hip-hop track, moderate energy",6.4,-20.66670304008713,0.062427133321762,6.5,0.1821367889642715
corpus/sao__hiphop_L5_verb__s4.wav,sao,hiphop_L5_verb,4,hiphop,5,verbal,instrumental hip-hop track,moderate energy,"instrumental hip-hop track, moderate energy",6.4,-22.290509198088124,0.0914191901683807,6.5,0.1535758972167968
corpus/sao__hiphop_L5_verb__s5.wav,sao,hiphop_L5_verb,5,hiphop,5,verbal,instrumental hip-hop track,moderate energy,"instrumental hip-hop track, moderate energy",6.0,-19.176125955505704,0.0531750917434692,6.4,0.1269835084676742
corpus/sao__hiphop_L7_num__s0.wav,sao,hiphop_L7_num,0,hiphop,7,numeric,instrumental hip-hop track,energy level 7 out of 11,"instrumental hip-hop track, energy level 7 out of 11",6.5,-17.97098303752422,0.1622652560472488,6.5,0.2525648176670074
corpus/sao__hiphop_L7_num__s1.wav,sao,hiphop_L7_num,1,hiphop,7,numeric,instrumental hip-hop track,energy level 7 out of 11,"instrumental hip-hop track, energy level 7 out of 11",6.2,-14.040130276325971,0.1426422744989395,6.2,0.1263813972473144
corpus/sao__hiphop_L7_num__s2.wav,sao,hiphop_L7_num,2,hiphop,7,numeric,instrumental hip-hop track,energy level 7 out of 11,"instrumental hip-hop track, energy level 7 out of 11",6.5,-15.279314147172686,0.1077532917261123,6.5,0.119668036699295
corpus/sao__hiphop_L7_num__s3.wav,sao,hiphop_L7_num,3,hiphop,7,numeric,instrumental hip-hop track,energy level 7 out of 11,"instrumental hip-hop track, energy level 7 out of 11",6.4,-15.69055040013024,0.0857105553150177,6.5,0.1062759757041931
corpus/sao__hiphop_L7_num__s4.wav,sao,hiphop_L7_num,4,hiphop,7,numeric,instrumental hip-hop track,energy level 7 out of 11,"instrumental hip-hop track, energy level 7 out of 11",6.4,-13.96662254942994,0.151504099369049,6.4,0.1209776178002357
corpus/sao__hiphop_L7_num__s5.wav,sao,hiphop_L7_num,5,hiphop,7,numeric,instrumental hip-hop track,energy level 7 out of 11,"instrumental hip-hop track, energy level 7 out of 11",6.5,-17.43083313996295,0.1651774197816848,6.5,0.1802756637334823
corpus/sao__hiphop_L7_verb__s0.wav,sao,hiphop_L7_verb,0,hiphop,7,verbal,instrumental hip-hop track,energetic,"instrumental hip-hop track, energetic",6.2,-20.53675751037356,0.1182649582624435,6.5,0.2227614820003509
corpus/sao__hiphop_L7_verb__s1.wav,sao,hiphop_L7_verb,1,hiphop,7,verbal,instrumental hip-hop track,energetic,"instrumental hip-hop track, energetic",6.4,-23.33578721920274,0.1033837497234344,6.5,0.1641357094049453
corpus/sao__hiphop_L7_verb__s2.wav,sao,hiphop_L7_verb,2,hiphop,7,verbal,instrumental hip-hop track,energetic,"instrumental hip-hop track, energetic",6.5,-18.246387093168668,0.0668477863073349,6.5,0.1041095405817031
corpus/sao__hiphop_L7_verb__s3.wav,sao,hiphop_L7_verb,3,hiphop,7,verbal,instrumental hip-hop track,energetic,"instrumental hip-hop track, energetic",6.4,-18.61522772885797,0.1090334355831146,6.5,0.1685784459114074
corpus/sao__hiphop_L7_verb__s4.wav,sao,hiphop_L7_verb,4,hiphop,7,verbal,instrumental hip-hop track,energetic,"instrumental hip-hop track, energetic",6.4,-18.73108956816176,0.1855675727128982,6.5,0.1658556759357452
corpus/sao__hiphop_L7_verb__s5.wav,sao,hiphop_L7_verb,5,hiphop,7,verbal,instrumental hip-hop track,energetic,"instrumental hip-hop track, energetic",6.5,-17.756685664006806,0.1109347641468048,6.5,0.1048223376274108
corpus/sao__hiphop_L9_num__s0.wav,sao,hiphop_L9_num,0,hiphop,9,numeric,instrumental hip-hop track,energy level 9 out of 11,"instrumental hip-hop track, energy level 9 out of 11",6.5,-16.891165552662706,0.1449217796325683,6.5,0.200212076306343
corpus/sao__hiphop_L9_num__s1.wav,sao,hiphop_L9_num,1,hiphop,9,numeric,instrumental hip-hop track,energy level 9 out of 11,"instrumental hip-hop track, energy level 9 out of 11",6.5,-15.678015674343138,0.2006501257419586,6.5,0.1914069205522537
corpus/sao__hiphop_L9_num__s2.wav,sao,hiphop_L9_num,2,hiphop,9,numeric,instrumental hip-hop track,energy level 9 out of 11,"instrumental hip-hop track, energy level 9 out of 11",6.5,-14.754858213989335,0.1158679574728012,6.5,0.1124505549669265
corpus/sao__hiphop_L9_num__s3.wav,sao,hiphop_L9_num,3,hiphop,9,numeric,instrumental hip-hop track,energy level 9 out of 11,"instrumental hip-hop track, energy level 9 out of 11",6.2,-15.405605217746826,0.1581095457077026,6.4,0.1809886842966079
corpus/sao__hiphop_L9_num__s4.wav,sao,hiphop_L9_num,4,hiphop,9,numeric,instrumental hip-hop track,energy level 9 out of 11,"instrumental hip-hop track, energy level 9 out of 11",6.5,-14.884754328921645,0.2045943140983581,6.5,0.2018832862377166
corpus/sao__hiphop_L9_num__s5.wav,sao,hiphop_L9_num,5,hiphop,9,numeric,instrumental hip-hop track,energy level 9 out of 11,"instrumental hip-hop track, energy level 9 out of 11",6.5,-12.94640092291759,0.1774708032608032,6.5,0.1804532259702682
corpus/sao__hiphop_L9_verb__s0.wav,sao,hiphop_L9_verb,0,hiphop,9,verbal,instrumental hip-hop track,extremely intense,"instrumental hip-hop track, extremely intense",6.5,-13.26375761227922,0.5598604083061218,6.5,0.5596411228179932
corpus/sao__hiphop_L9_verb__s1.wav,sao,hiphop_L9_verb,1,hiphop,9,verbal,instrumental hip-hop track,extremely intense,"instrumental hip-hop track, extremely intense",6.5,-12.821969094393348,0.3562724888324737,6.5,0.310866117477417
corpus/sao__hiphop_L9_verb__s2.wav,sao,hiphop_L9_verb,2,hiphop,9,verbal,instrumental hip-hop track,extremely intense,"instrumental hip-hop track, extremely intense",6.5,-10.805230642839623,0.2569987773895263,6.5,0.2822742164134979
corpus/sao__hiphop_L9_verb__s3.wav,sao,hiphop_L9_verb,3,hiphop,9,verbal,instrumental hip-hop track,extremely intense,"instrumental hip-hop track, extremely intense",6.5,-12.360806451030674,0.2452452927827835,6.5,0.271794855594635
corpus/sao__hiphop_L9_verb__s4.wav,sao,hiphop_L9_verb,4,hiphop,9,verbal,instrumental hip-hop track,extremely intense,"instrumental hip-hop track, extremely intense",6.5,-12.136155434056011,0.4672193229198456,6.5,0.4789650738239288
corpus/sao__hiphop_L9_verb__s5.wav,sao,hiphop_L9_verb,5,hiphop,9,verbal,instrumental hip-hop track,extremely intense,"instrumental hip-hop track, extremely intense",6.5,-13.077504154336738,0.3105394244194031,6.5,0.2289259135723114
corpus/sao__orchestral_L1_num__s0.wav,sao,orchestral_L1_num,0,orchestral,1,numeric,instrumental orchestral track,energy level 1 out of 11,"instrumental orchestral track, energy level 1 out of 11",6.4,-16.19955001459311,0.1502909958362579,6.4,0.2827304601669311
corpus/sao__orchestral_L1_num__s1.wav,sao,orchestral_L1_num,1,orchestral,1,numeric,instrumental orchestral track,energy level 1 out of 11,"instrumental orchestral track, energy level 1 out of 11",6.4,-17.61971771187488,0.3527019023895263,6.4,0.3951018452644348
corpus/sao__orchestral_L1_num__s2.wav,sao,orchestral_L1_num,2,orchestral,1,numeric,instrumental orchestral track,energy level 1 out of 11,"instrumental orchestral track, energy level 1 out of 11",6.0,-18.85220131916887,0.3308724462985992,6.2,0.4048987925052643
corpus/sao__orchestral_L1_num__s3.wav,sao,orchestral_L1_num,3,orchestral,1,numeric,instrumental orchestral track,energy level 1 out of 11,"instrumental orchestral track, energy level 1 out of 11",5.2,-15.526349242298474,0.2708867788314819,5.5,0.286973088979721
corpus/sao__orchestral_L1_num__s4.wav,sao,orchestral_L1_num,4,orchestral,1,numeric,instrumental orchestral track,energy level 1 out of 11,"instrumental orchestral track, energy level 1 out of 11",5.9,-17.122319738076413,0.2917797267436981,6.0,0.3002097010612488
corpus/sao__orchestral_L1_num__s5.wav,sao,orchestral_L1_num,5,orchestral,1,numeric,instrumental orchestral track,energy level 1 out of 11,"instrumental orchestral track, energy level 1 out of 11",6.2,-19.71401107815641,0.2043082118034362,6.4,0.2278183698654174
corpus/sao__orchestral_L1_verb__s0.wav,sao,orchestral_L1_verb,0,orchestral,1,verbal,instrumental orchestral track,very calm,"instrumental orchestral track, very calm",4.1,-26.384581744735133,-0.0131211206316947,5.2,0.0415548086166381
corpus/sao__orchestral_L1_verb__s1.wav,sao,orchestral_L1_verb,1,orchestral,1,verbal,instrumental orchestral track,very calm,"instrumental orchestral track, very calm",5.2,-21.80373273448233,0.1320793330669403,6.0,0.1705897748470306
corpus/sao__orchestral_L1_verb__s2.wav,sao,orchestral_L1_verb,2,orchestral,1,verbal,instrumental orchestral track,very calm,"instrumental orchestral track, very calm",5.2,-17.95382958401268,0.1052373349666595,5.2,0.2624144852161407
corpus/sao__orchestral_L1_verb__s3.wav,sao,orchestral_L1_verb,3,orchestral,1,verbal,instrumental orchestral track,very calm,"instrumental orchestral track, very calm",3.7,-22.49137328439173,0.1023197770118713,4.4,0.2268857806921005
corpus/sao__orchestral_L1_verb__s4.wav,sao,orchestral_L1_verb,4,orchestral,1,verbal,instrumental orchestral track,very calm,"instrumental orchestral track, very calm",5.9,-18.56326564871364,0.3065393269062042,6.2,0.3034855127334595
corpus/sao__orchestral_L1_verb__s5.wav,sao,orchestral_L1_verb,5,orchestral,1,verbal,instrumental orchestral track,very calm,"instrumental orchestral track, very calm",4.5,-26.937387271296164,-0.0323098003864288,5.9,0.1313184052705764
corpus/sao__orchestral_L3_num__s0.wav,sao,orchestral_L3_num,0,orchestral,3,numeric,instrumental orchestral track,energy level 3 out of 11,"instrumental orchestral track, energy level 3 out of 11",5.2,-17.495302545563373,0.1858806312084198,5.2,0.2084709405899047
corpus/sao__orchestral_L3_num__s1.wav,sao,orchestral_L3_num,1,orchestral,3,numeric,instrumental orchestral track,energy level 3 out of 11,"instrumental orchestral track, energy level 3 out of 11",6.0,-16.529294627532764,0.2843357622623443,6.4,0.2262394726276397
corpus/sao__orchestral_L3_num__s2.wav,sao,orchestral_L3_num,2,orchestral,3,numeric,instrumental orchestral track,energy level 3 out of 11,"instrumental orchestral track, energy level 3 out of 11",6.0,-17.924366487409852,0.1814572960138321,6.2,0.2639225125312805
corpus/sao__orchestral_L3_num__s3.wav,sao,orchestral_L3_num,3,orchestral,3,numeric,instrumental orchestral track,energy level 3 out of 11,"instrumental orchestral track, energy level 3 out of 11",5.9,-20.4284042682325,0.1979790031909942,6.2,0.2902390956878662
corpus/sao__orchestral_L3_num__s4.wav,sao,orchestral_L3_num,4,orchestral,3,numeric,instrumental orchestral track,energy level 3 out of 11,"instrumental orchestral track, energy level 3 out of 11",6.0,-19.28673558371712,0.3062796890735626,6.2,0.1096419543027877
corpus/sao__orchestral_L3_num__s5.wav,sao,orchestral_L3_num,5,orchestral,3,numeric,instrumental orchestral track,energy level 3 out of 11,"instrumental orchestral track, energy level 3 out of 11",6.0,-16.602348959863395,0.2461981773376464,6.0,0.2010975778102874
corpus/sao__orchestral_L3_verb__s0.wav,sao,orchestral_L3_verb,0,orchestral,3,verbal,instrumental orchestral track,calm,"instrumental orchestral track, calm",5.5,-17.14978855785105,0.2388226836919784,6.0,0.2487338483333587
corpus/sao__orchestral_L3_verb__s1.wav,sao,orchestral_L3_verb,1,orchestral,3,verbal,instrumental orchestral track,calm,"instrumental orchestral track, calm",5.2,-21.068058732577523,-0.0059450939297676,6.0,0.0813441202044487
corpus/sao__orchestral_L3_verb__s2.wav,sao,orchestral_L3_verb,2,orchestral,3,verbal,instrumental orchestral track,calm,"instrumental orchestral track, calm",5.2,-21.43549072318529,0.1284021437168121,6.0,0.2010606825351715
corpus/sao__orchestral_L3_verb__s3.wav,sao,orchestral_L3_verb,3,orchestral,3,verbal,instrumental orchestral track,calm,"instrumental orchestral track, calm",4.8,-18.73687685009911,0.150764986872673,5.5,0.2103332281112671
corpus/sao__orchestral_L3_verb__s4.wav,sao,orchestral_L3_verb,4,orchestral,3,verbal,instrumental orchestral track,calm,"instrumental orchestral track, calm",5.2,-20.97331841168293,0.0549241453409194,6.0,0.1326788663864135
corpus/sao__orchestral_L3_verb__s5.wav,sao,orchestral_L3_verb,5,orchestral,3,verbal,instrumental orchestral track,calm,"instrumental orchestral track, calm",5.2,-14.679922489667016,0.1554470211267471,5.5,0.2189758419990539
corpus/sao__orchestral_L5_num__s0.wav,sao,orchestral_L5_num,0,orchestral,5,numeric,instrumental orchestral track,energy level 5 out of 11,"instrumental orchestral track, energy level 5 out of 11",6.0,-18.31554492512336,0.1651968955993652,6.4,0.2818164825439453
corpus/sao__orchestral_L5_num__s1.wav,sao,orchestral_L5_num,1,orchestral,5,numeric,instrumental orchestral track,energy level 5 out of 11,"instrumental orchestral track, energy level 5 out of 11",6.0,-19.07019465395984,0.3014713525772095,6.2,0.2742108106613159
corpus/sao__orchestral_L5_num__s2.wav,sao,orchestral_L5_num,2,orchestral,5,numeric,instrumental orchestral track,energy level 5 out of 11,"instrumental orchestral track, energy level 5 out of 11",4.4,-18.27577157637378,0.0831646546721458,4.5,0.2924093008041382
corpus/sao__orchestral_L5_num__s3.wav,sao,orchestral_L5_num,3,orchestral,5,numeric,instrumental orchestral track,energy level 5 out of 11,"instrumental orchestral track, energy level 5 out of 11",6.0,-17.681184598655957,0.3900800049304962,6.2,0.3328981399536133
corpus/sao__orchestral_L5_num__s4.wav,sao,orchestral_L5_num,4,orchestral,5,numeric,instrumental orchestral track,energy level 5 out of 11,"instrumental orchestral track, energy level 5 out of 11",5.2,-18.19233781933999,0.2436114400625229,5.5,0.1982945203781128
corpus/sao__orchestral_L5_num__s5.wav,sao,orchestral_L5_num,5,orchestral,5,numeric,instrumental orchestral track,energy level 5 out of 11,"instrumental orchestral track, energy level 5 out of 11",6.2,-16.838023305306724,0.2960190773010254,6.4,0.3261578977108001
corpus/sao__orchestral_L5_verb__s0.wav,sao,orchestral_L5_verb,0,orchestral,5,verbal,instrumental orchestral track,moderate energy,"instrumental orchestral track, moderate energy",5.5,-18.823191415986614,0.2026680707931518,6.0,0.2786662876605987
corpus/sao__orchestral_L5_verb__s1.wav,sao,orchestral_L5_verb,1,orchestral,5,verbal,instrumental orchestral track,moderate energy,"instrumental orchestral track, moderate energy",5.2,-17.981310382760263,0.1833107024431228,5.5,0.1744623780250549
corpus/sao__orchestral_L5_verb__s2.wav,sao,orchestral_L5_verb,2,orchestral,5,verbal,instrumental orchestral track,moderate energy,"instrumental orchestral track, moderate energy",5.2,-21.205514269322148,0.2258041501045227,6.0,0.3279319405555725
corpus/sao__orchestral_L5_verb__s3.wav,sao,orchestral_L5_verb,3,orchestral,5,verbal,instrumental orchestral track,moderate energy,"instrumental orchestral track, moderate energy",5.2,-20.001035738735712,0.2005106508731842,5.9,0.3108652830123901
corpus/sao__orchestral_L5_verb__s4.wav,sao,orchestral_L5_verb,4,orchestral,5,verbal,instrumental orchestral track,moderate energy,"instrumental orchestral track, moderate energy",5.2,-19.190231197793143,0.1657793223857879,5.9,0.2464761286973953
corpus/sao__orchestral_L5_verb__s5.wav,sao,orchestral_L5_verb,5,orchestral,5,verbal,instrumental orchestral track,moderate energy,"instrumental orchestral track, moderate energy",5.2,-20.98007648396889,0.2317152172327041,5.5,0.2728654146194458
corpus/sao__orchestral_L7_num__s0.wav,sao,orchestral_L7_num,0,orchestral,7,numeric,instrumental orchestral track,energy level 7 out of 11,"instrumental orchestral track, energy level 7 out of 11",6.0,-15.98570265669831,0.2588160037994385,6.2,0.3318791389465332
corpus/sao__orchestral_L7_num__s1.wav,sao,orchestral_L7_num,1,orchestral,7,numeric,instrumental orchestral track,energy level 7 out of 11,"instrumental orchestral track, energy level 7 out of 11",5.5,-19.4812540090134,0.3059073686599731,6.0,0.3520954847335815
corpus/sao__orchestral_L7_num__s2.wav,sao,orchestral_L7_num,2,orchestral,7,numeric,instrumental orchestral track,energy level 7 out of 11,"instrumental orchestral track, energy level 7 out of 11",6.0,-21.269397526653965,0.2170877903699875,6.4,0.3413142561912536
corpus/sao__orchestral_L7_num__s3.wav,sao,orchestral_L7_num,3,orchestral,7,numeric,instrumental orchestral track,energy level 7 out of 11,"instrumental orchestral track, energy level 7 out of 11",6.0,-16.732188390916665,0.2602218985557556,6.0,0.366793155670166
corpus/sao__orchestral_L7_num__s4.wav,sao,orchestral_L7_num,4,orchestral,7,numeric,instrumental orchestral track,energy level 7 out of 11,"instrumental orchestral track, energy level 7 out of 11",5.5,-17.186439483818944,0.1756556034088134,6.0,0.3660939335823059
corpus/sao__orchestral_L7_num__s5.wav,sao,orchestral_L7_num,5,orchestral,7,numeric,instrumental orchestral track,energy level 7 out of 11,"instrumental orchestral track, energy level 7 out of 11",6.0,-20.157826414842315,0.3066484928131103,6.4,0.3187460005283355
corpus/sao__orchestral_L7_verb__s0.wav,sao,orchestral_L7_verb,0,orchestral,7,verbal,instrumental orchestral track,energetic,"instrumental orchestral track, energetic",5.5,-17.263615531983838,0.2485670298337936,5.9,0.2772204875946045
corpus/sao__orchestral_L7_verb__s1.wav,sao,orchestral_L7_verb,1,orchestral,7,verbal,instrumental orchestral track,energetic,"instrumental orchestral track, energetic",5.5,-15.207014204331056,0.2270452678203582,5.5,0.1007310003042221
corpus/sao__orchestral_L7_verb__s2.wav,sao,orchestral_L7_verb,2,orchestral,7,verbal,instrumental orchestral track,energetic,"instrumental orchestral track, energetic",6.4,-15.92803569654323,0.2776044607162475,6.4,0.3110068440437317
corpus/sao__orchestral_L7_verb__s3.wav,sao,orchestral_L7_verb,3,orchestral,7,verbal,instrumental orchestral track,energetic,"instrumental orchestral track, energetic",5.9,-15.143049254306892,0.2083809375762939,6.0,0.2024924457073211
corpus/sao__orchestral_L7_verb__s4.wav,sao,orchestral_L7_verb,4,orchestral,7,verbal,instrumental orchestral track,energetic,"instrumental orchestral track, energetic",6.0,-15.924974327349297,0.3107985854148865,6.0,0.320733368396759
corpus/sao__orchestral_L7_verb__s5.wav,sao,orchestral_L7_verb,5,orchestral,7,verbal,instrumental orchestral track,energetic,"instrumental orchestral track, energetic",6.0,-19.595253705713617,0.313948392868042,6.4,0.3079497814178467
corpus/sao__orchestral_L9_num__s0.wav,sao,orchestral_L9_num,0,orchestral,9,numeric,instrumental orchestral track,energy level 9 out of 11,"instrumental orchestral track, energy level 9 out of 11",6.0,-20.11308251279825,0.2319614887237548,6.4,0.179885134100914
corpus/sao__orchestral_L9_num__s1.wav,sao,orchestral_L9_num,1,orchestral,9,numeric,instrumental orchestral track,energy level 9 out of 11,"instrumental orchestral track, energy level 9 out of 11",6.2,-17.85837930843328,0.1455149352550506,6.4,0.0270770713686943
corpus/sao__orchestral_L9_num__s2.wav,sao,orchestral_L9_num,2,orchestral,9,numeric,instrumental orchestral track,energy level 9 out of 11,"instrumental orchestral track, energy level 9 out of 11",5.2,-20.056529401235377,0.2398387640714645,6.0,0.2929966449737549
corpus/sao__orchestral_L9_num__s3.wav,sao,orchestral_L9_num,3,orchestral,9,numeric,instrumental orchestral track,energy level 9 out of 11,"instrumental orchestral track, energy level 9 out of 11",6.0,-18.2744332424882,0.0983190461993217,6.2,0.258297860622406
corpus/sao__orchestral_L9_num__s4.wav,sao,orchestral_L9_num,4,orchestral,9,numeric,instrumental orchestral track,energy level 9 out of 11,"instrumental orchestral track, energy level 9 out of 11",5.2,-18.34689866824592,0.2522726058959961,5.2,0.2521492540836334
corpus/sao__orchestral_L9_num__s5.wav,sao,orchestral_L9_num,5,orchestral,9,numeric,instrumental orchestral track,energy level 9 out of 11,"instrumental orchestral track, energy level 9 out of 11",6.4,-15.49576695235857,0.3087865710258484,6.4,0.3351452052593231
corpus/sao__orchestral_L9_verb__s0.wav,sao,orchestral_L9_verb,0,orchestral,9,verbal,instrumental orchestral track,extremely intense,"instrumental orchestral track, extremely intense",6.4,-16.26581090931054,0.1655278354883194,6.4,0.1582406908273697
corpus/sao__orchestral_L9_verb__s1.wav,sao,orchestral_L9_verb,1,orchestral,9,verbal,instrumental orchestral track,extremely intense,"instrumental orchestral track, extremely intense",6.5,-12.798035059987816,0.2092560827732086,6.5,0.2687681019306183
corpus/sao__orchestral_L9_verb__s2.wav,sao,orchestral_L9_verb,2,orchestral,9,verbal,instrumental orchestral track,extremely intense,"instrumental orchestral track, extremely intense",6.2,-15.289041239136184,0.2237688452005386,6.4,0.1932539790868759
corpus/sao__orchestral_L9_verb__s3.wav,sao,orchestral_L9_verb,3,orchestral,9,verbal,instrumental orchestral track,extremely intense,"instrumental orchestral track, extremely intense",6.4,-13.500785126433229,0.2584757208824157,6.4,0.1198059320449829
corpus/sao__orchestral_L9_verb__s4.wav,sao,orchestral_L9_verb,4,orchestral,9,verbal,instrumental orchestral track,extremely intense,"instrumental orchestral track, extremely intense",6.0,-15.937669350582263,0.2244272977113723,6.0,0.3205586969852447
corpus/sao__orchestral_L9_verb__s5.wav,sao,orchestral_L9_verb,5,orchestral,9,verbal,instrumental orchestral track,extremely intense,"instrumental orchestral track, extremely intense",6.5,-13.372199672605236,0.3926317095756531,6.5,0.1973161399364471
corpus/sao__rock_L1_num__s0.wav,sao,rock_L1_num,0,rock,1,numeric,instrumental rock track,energy level 1 out of 11,"instrumental rock track, energy level 1 out of 11",6.4,-21.28876815675469,0.5058562159538269,6.5,0.5454996824264526
corpus/sao__rock_L1_num__s1.wav,sao,rock_L1_num,1,rock,1,numeric,instrumental rock track,energy level 1 out of 11,"instrumental rock track, energy level 1 out of 11",6.5,-18.85172644474692,0.516660749912262,6.5,0.5896525979042053
corpus/sao__rock_L1_num__s2.wav,sao,rock_L1_num,2,rock,1,numeric,instrumental rock track,energy level 1 out of 11,"instrumental rock track, energy level 1 out of 11",6.2,-22.10684525147163,0.5472809672355652,6.5,0.5493329167366028
corpus/sao__rock_L1_num__s3.wav,sao,rock_L1_num,3,rock,1,numeric,instrumental rock track,energy level 1 out of 11,"instrumental rock track, energy level 1 out of 11",6.4,-22.01221501840612,0.4934860467910766,6.5,0.4785541594028473
corpus/sao__rock_L1_num__s4.wav,sao,rock_L1_num,4,rock,1,numeric,instrumental rock track,energy level 1 out of 11,"instrumental rock track, energy level 1 out of 11",6.5,-18.699701686900355,0.533484160900116,6.5,0.5741351842880249
corpus/sao__rock_L1_num__s5.wav,sao,rock_L1_num,5,rock,1,numeric,instrumental rock track,energy level 1 out of 11,"instrumental rock track, energy level 1 out of 11",6.5,-18.02307708957897,0.5483821034431458,6.5,0.5704869627952576
corpus/sao__rock_L1_verb__s0.wav,sao,rock_L1_verb,0,rock,1,verbal,instrumental rock track,very calm,"instrumental rock track, very calm",6.2,-17.248021371825242,0.5068585872650146,6.4,0.5655308961868286
corpus/sao__rock_L1_verb__s1.wav,sao,rock_L1_verb,1,rock,1,verbal,instrumental rock track,very calm,"instrumental rock track, very calm",4.5,-20.016549715062464,0.3797714114189148,5.5,0.4678725898265838
corpus/sao__rock_L1_verb__s2.wav,sao,rock_L1_verb,2,rock,1,verbal,instrumental rock track,very calm,"instrumental rock track, very calm",6.5,-14.551243944600447,0.4979346394538879,6.5,0.4894506633281708
corpus/sao__rock_L1_verb__s3.wav,sao,rock_L1_verb,3,rock,1,verbal,instrumental rock track,very calm,"instrumental rock track, very calm",5.9,-17.689316612726167,0.4084637761116028,6.2,0.401030421257019
corpus/sao__rock_L1_verb__s4.wav,sao,rock_L1_verb,4,rock,1,verbal,instrumental rock track,very calm,"instrumental rock track, very calm",6.4,-17.083356979637287,0.5072283148765564,6.5,0.5064087510108948
corpus/sao__rock_L1_verb__s5.wav,sao,rock_L1_verb,5,rock,1,verbal,instrumental rock track,very calm,"instrumental rock track, very calm",5.5,-18.59742603922469,0.3806646764278412,6.0,0.4052560031414032
corpus/sao__rock_L3_num__s0.wav,sao,rock_L3_num,0,rock,3,numeric,instrumental rock track,energy level 3 out of 11,"instrumental rock track, energy level 3 out of 11",6.5,-20.264170582063294,0.5666828751564026,6.5,0.5857521891593933
corpus/sao__rock_L3_num__s1.wav,sao,rock_L3_num,1,rock,3,numeric,instrumental rock track,energy level 3 out of 11,"instrumental rock track, energy level 3 out of 11",6.0,-19.10927850183113,0.5165076851844788,6.5,0.5804509520530701
corpus/sao__rock_L3_num__s2.wav,sao,rock_L3_num,2,rock,3,numeric,instrumental rock track,energy level 3 out of 11,"instrumental rock track, energy level 3 out of 11",6.4,-18.423959756542263,0.526155948638916,6.5,0.524341344833374
corpus/sao__rock_L3_num__s3.wav,sao,rock_L3_num,3,rock,3,numeric,instrumental rock track,energy level 3 out of 11,"instrumental rock track, energy level 3 out of 11",6.4,-18.34813628844522,0.5296705961227417,6.5,0.5044896602630615
corpus/sao__rock_L3_num__s4.wav,sao,rock_L3_num,4,rock,3,numeric,instrumental rock track,energy level 3 out of 11,"instrumental rock track, energy level 3 out of 11",6.4,-17.16520808277054,0.5692912340164185,6.5,0.5623168349266052
corpus/sao__rock_L3_num__s5.wav,sao,rock_L3_num,5,rock,3,numeric,instrumental rock track,energy level 3 out of 11,"instrumental rock track, energy level 3 out of 11",6.4,-19.745684124597474,0.5484312772750854,6.5,0.6052502393722534
corpus/sao__rock_L3_verb__s0.wav,sao,rock_L3_verb,0,rock,3,verbal,instrumental rock track,calm,"instrumental rock track, calm",6.0,-18.27978113465933,0.4931917786598205,6.4,0.5192795395851135
corpus/sao__rock_L3_verb__s1.wav,sao,rock_L3_verb,1,rock,3,verbal,instrumental rock track,calm,"instrumental rock track, calm",6.0,-17.703203978941005,0.4060621261596679,6.4,0.4921528398990631
corpus/sao__rock_L3_verb__s2.wav,sao,rock_L3_verb,2,rock,3,verbal,instrumental rock track,calm,"instrumental rock track, calm",6.4,-15.249309179563284,0.466230034828186,6.4,0.4643326997756958
corpus/sao__rock_L3_verb__s3.wav,sao,rock_L3_verb,3,rock,3,verbal,instrumental rock track,calm,"instrumental rock track, calm",6.0,-17.2170656533893,0.4808332324028015,6.4,0.4941812753677368
corpus/sao__rock_L3_verb__s4.wav,sao,rock_L3_verb,4,rock,3,verbal,instrumental rock track,calm,"instrumental rock track, calm",6.4,-15.453625124518622,0.4761885404586792,6.4,0.4541082382202148
corpus/sao__rock_L3_verb__s5.wav,sao,rock_L3_verb,5,rock,3,verbal,instrumental rock track,calm,"instrumental rock track, calm",6.5,-11.887788834193104,0.4906228482723236,6.4,0.4850335419178009
corpus/sao__rock_L5_num__s0.wav,sao,rock_L5_num,0,rock,5,numeric,instrumental rock track,energy level 5 out of 11,"instrumental rock track, energy level 5 out of 11",6.5,-14.0659721796097,0.5891643762588501,6.5,0.5983576774597168
corpus/sao__rock_L5_num__s1.wav,sao,rock_L5_num,1,rock,5,numeric,instrumental rock track,energy level 5 out of 11,"instrumental rock track, energy level 5 out of 11",6.5,-14.152834132509108,0.5685349702835083,6.5,0.575114369392395
corpus/sao__rock_L5_num__s2.wav,sao,rock_L5_num,2,rock,5,numeric,instrumental rock track,energy level 5 out of 11,"instrumental rock track, energy level 5 out of 11",6.5,-18.03722775292459,0.5399799346923828,6.5,0.536630392074585
corpus/sao__rock_L5_num__s3.wav,sao,rock_L5_num,3,rock,5,numeric,instrumental rock track,energy level 5 out of 11,"instrumental rock track, energy level 5 out of 11",6.5,-16.340916327325278,0.392149418592453,6.5,0.4320164918899536
corpus/sao__rock_L5_num__s4.wav,sao,rock_L5_num,4,rock,5,numeric,instrumental rock track,energy level 5 out of 11,"instrumental rock track, energy level 5 out of 11",6.5,-15.363133028629743,0.4203912615776062,6.5,0.3397225439548492
corpus/sao__rock_L5_num__s5.wav,sao,rock_L5_num,5,rock,5,numeric,instrumental rock track,energy level 5 out of 11,"instrumental rock track, energy level 5 out of 11",6.4,-17.146638798513013,0.5447874069213867,6.5,0.5798638463020325
corpus/sao__rock_L5_verb__s0.wav,sao,rock_L5_verb,0,rock,5,verbal,instrumental rock track,moderate energy,"instrumental rock track, moderate energy",6.5,-16.564745369963664,0.5934188961982727,6.5,0.5713030695915222
corpus/sao__rock_L5_verb__s1.wav,sao,rock_L5_verb,1,rock,5,verbal,instrumental rock track,moderate energy,"instrumental rock track, moderate energy",6.0,-24.738426964011857,0.4713941216468811,6.5,0.4965910315513611
corpus/sao__rock_L5_verb__s2.wav,sao,rock_L5_verb,2,rock,5,verbal,instrumental rock track,moderate energy,"instrumental rock track, moderate energy",6.2,-18.889204835915976,0.5094360709190369,6.5,0.5227966904640198
corpus/sao__rock_L5_verb__s3.wav,sao,rock_L5_verb,3,rock,5,verbal,instrumental rock track,moderate energy,"instrumental rock track, moderate energy",6.2,-16.497102244317816,0.4449514746665954,6.4,0.3512998819351196
corpus/sao__rock_L5_verb__s4.wav,sao,rock_L5_verb,4,rock,5,verbal,instrumental rock track,moderate energy,"instrumental rock track, moderate energy",6.0,-19.244634289105644,0.5064759850502014,6.5,0.5446295142173767
corpus/sao__rock_L5_verb__s5.wav,sao,rock_L5_verb,5,rock,5,verbal,instrumental rock track,moderate energy,"instrumental rock track, moderate energy",6.4,-18.12925713505688,0.5249212384223938,6.5,0.5243011713027954
corpus/sao__rock_L7_num__s0.wav,sao,rock_L7_num,0,rock,7,numeric,instrumental rock track,energy level 7 out of 11,"instrumental rock track, energy level 7 out of 11",6.4,-18.39460174206916,0.5755541324615479,6.5,0.5861679911613464
corpus/sao__rock_L7_num__s1.wav,sao,rock_L7_num,1,rock,7,numeric,instrumental rock track,energy level 7 out of 11,"instrumental rock track, energy level 7 out of 11",6.5,-18.56787143144542,0.5597915649414062,6.5,0.5725425481796265
corpus/sao__rock_L7_num__s2.wav,sao,rock_L7_num,2,rock,7,numeric,instrumental rock track,energy level 7 out of 11,"instrumental rock track, energy level 7 out of 11",6.0,-17.615742653388896,0.5847427248954773,6.4,0.5918163657188416
corpus/sao__rock_L7_num__s3.wav,sao,rock_L7_num,3,rock,7,numeric,instrumental rock track,energy level 7 out of 11,"instrumental rock track, energy level 7 out of 11",6.5,-16.735773056810856,0.6126581430435181,6.5,0.5924320220947266
corpus/sao__rock_L7_num__s4.wav,sao,rock_L7_num,4,rock,7,numeric,instrumental rock track,energy level 7 out of 11,"instrumental rock track, energy level 7 out of 11",6.4,-19.90286752051969,0.5184686183929443,6.5,0.5320375561714172
corpus/sao__rock_L7_num__s5.wav,sao,rock_L7_num,5,rock,7,numeric,instrumental rock track,energy level 7 out of 11,"instrumental rock track, energy level 7 out of 11",6.4,-16.231653896018045,0.5896729230880737,6.4,0.5649174451828003
corpus/sao__rock_L7_verb__s0.wav,sao,rock_L7_verb,0,rock,7,verbal,instrumental rock track,energetic,"instrumental rock track, energetic",6.2,-17.022288876394487,0.5004609823226929,6.4,0.5282888412475586
corpus/sao__rock_L7_verb__s1.wav,sao,rock_L7_verb,1,rock,7,verbal,instrumental rock track,energetic,"instrumental rock track, energetic",6.0,-16.288244971558292,0.4734162092208862,6.4,0.4780920743942261
corpus/sao__rock_L7_verb__s2.wav,sao,rock_L7_verb,2,rock,7,verbal,instrumental rock track,energetic,"instrumental rock track, energetic",6.5,-13.52123694691387,0.5785636901855469,6.5,0.5839866995811462
corpus/sao__rock_L7_verb__s3.wav,sao,rock_L7_verb,3,rock,7,verbal,instrumental rock track,energetic,"instrumental rock track, energetic",6.4,-18.93994277188005,0.4756946563720703,6.5,0.4877789914608001
corpus/sao__rock_L7_verb__s4.wav,sao,rock_L7_verb,4,rock,7,verbal,instrumental rock track,energetic,"instrumental rock track, energetic",6.5,-12.965987363190337,0.5146275758743286,6.5,0.3983276784420013
corpus/sao__rock_L7_verb__s5.wav,sao,rock_L7_verb,5,rock,7,verbal,instrumental rock track,energetic,"instrumental rock track, energetic",6.4,-14.740669252826208,0.4929825961589813,6.5,0.5179141759872437
corpus/sao__rock_L9_num__s0.wav,sao,rock_L9_num,0,rock,9,numeric,instrumental rock track,energy level 9 out of 11,"instrumental rock track, energy level 9 out of 11",6.5,-16.968021981922,0.5456365942955017,6.5,0.5532795786857605
corpus/sao__rock_L9_num__s1.wav,sao,rock_L9_num,1,rock,9,numeric,instrumental rock track,energy level 9 out of 11,"instrumental rock track, energy level 9 out of 11",6.5,-15.505286736331096,0.5382035970687866,6.5,0.5588851571083069
corpus/sao__rock_L9_num__s2.wav,sao,rock_L9_num,2,rock,9,numeric,instrumental rock track,energy level 9 out of 11,"instrumental rock track, energy level 9 out of 11",6.5,-17.061381536218395,0.5652227401733398,6.5,0.549989640712738
corpus/sao__rock_L9_num__s3.wav,sao,rock_L9_num,3,rock,9,numeric,instrumental rock track,energy level 9 out of 11,"instrumental rock track, energy level 9 out of 11",6.5,-18.996305048319776,0.5887805819511414,6.5,0.6090765595436096
corpus/sao__rock_L9_num__s4.wav,sao,rock_L9_num,4,rock,9,numeric,instrumental rock track,energy level 9 out of 11,"instrumental rock track, energy level 9 out of 11",6.4,-15.708352893997052,0.5671541094779968,6.5,0.55360347032547
corpus/sao__rock_L9_num__s5.wav,sao,rock_L9_num,5,rock,9,numeric,instrumental rock track,energy level 9 out of 11,"instrumental rock track, energy level 9 out of 11",6.5,-18.10290711524676,0.5446481704711914,6.5,0.5233496427536011
corpus/sao__rock_L9_verb__s0.wav,sao,rock_L9_verb,0,rock,9,verbal,instrumental rock track,extremely intense,"instrumental rock track, extremely intense",6.5,-12.730668271372885,0.5533244609832764,6.5,0.5583251714706421
corpus/sao__rock_L9_verb__s1.wav,sao,rock_L9_verb,1,rock,9,verbal,instrumental rock track,extremely intense,"instrumental rock track, extremely intense",6.5,-13.13293262593983,0.5957935452461243,6.5,0.5525237917900085
corpus/sao__rock_L9_verb__s2.wav,sao,rock_L9_verb,2,rock,9,verbal,instrumental rock track,extremely intense,"instrumental rock track, extremely intense",6.5,-12.3767464035755,0.5109907984733582,6.5,0.5091609954833984
corpus/sao__rock_L9_verb__s3.wav,sao,rock_L9_verb,3,rock,9,verbal,instrumental rock track,extremely intense,"instrumental rock track, extremely intense",6.5,-9.867256152884757,0.5711490511894226,6.5,0.5513911247253418
corpus/sao__rock_L9_verb__s4.wav,sao,rock_L9_verb,4,rock,9,verbal,instrumental rock track,extremely intense,"instrumental rock track, extremely intense",6.5,-14.95169987292987,0.4954723715782165,6.5,0.5162448287010193
corpus/sao__rock_L9_verb__s5.wav,sao,rock_L9_verb,5,rock,9,verbal,instrumental rock track,extremely intense,"instrumental rock track, extremely intense",6.5,-13.477784862353005,0.5102097392082214,6.5,0.5231406092643738
